gene_id	baseMean	log2FoldChange	lfcSE	pvalue	padj	significant
ENSG00000167900	463.6970327066684	3.1122522944589215	0.20416529995754454	1.1381711291240359e-53	1.7653034212713795e-49	upregulated
ENSG00000171848	848.028228811473	3.713343043955423	0.2524265880163579	2.775710382681556e-50	2.1525634017695466e-46	upregulated
ENSG00000166851	185.8299427570159	3.772785220470218	0.2570003281210797	5.052564903968254e-50	2.6121760553515874e-46	upregulated
ENSG00000175063	141.78225285882635	3.45925068751281	0.24847060842844462	2.6376445875303844e-45	1.0227466888149065e-41	upregulated
ENSG00000145386	180.14011019396384	3.64084735444603	0.26515361599293774	3.909252755666356e-44	1.2126502048077035e-40	upregulated
ENSG00000111206	90.22473201070602	2.9818712416966795	0.2179145703009026	7.731838162461245e-44	1.998680164996232e-40	upregulated
ENSG00000165949	3924.850507470494	8.550506750838599	0.6258994074174159	1.0359158045427832e-43	2.1914415657063247e-40	upregulated
ENSG00000088325	225.8004877919205	3.062140267801749	0.22430274054617394	1.1303373646454286e-43	2.1914415657063247e-40	upregulated
ENSG00000178999	118.82759812767367	3.108790120979148	0.23103194100941163	1.5738620864116965e-42	2.7122889955828235e-39	upregulated
ENSG00000117399	227.9995481254343	3.547421347657454	0.26615697039169955	8.82738949286453e-42	1.3691281103432886e-38	upregulated
ENSG00000123485	86.74024627482258	3.1283766101184445	0.2384474843433147	1.5322519175232476e-40	2.160475203707779e-37	upregulated
ENSG00000127564	115.09823259471307	3.108810154200935	0.240653877125016	2.0461089571822996e-39	2.6445958271581223e-36	upregulated
ENSG00000148773	560.3976403171973	3.0556456425091083	0.23745225854194468	4.234712575607291e-39	5.052337849820699e-36	upregulated
ENSG00000211950	1310.84767153997	5.68770297323546	0.4430890650035972	5.378875102770121e-39	5.959025203140327e-36	upregulated
ENSG00000089685	234.69319771783228	3.7238377937367204	0.29077405728903677	8.370058089325018e-39	8.654640064362069e-36	upregulated
ENSG00000090889	52.93257083547675	3.4043558516809695	0.26573416360287155	9.78521876016131e-39	9.485546435631371e-36	upregulated
ENSG00000171241	195.11625906669414	3.1003162278913727	0.2426644283884184	1.2843943089031795e-38	1.1718209253581361e-35	upregulated
ENSG00000143476	139.69430100015057	3.0529536933052928	0.24195651582840869	9.48637604796597e-38	7.743878552839589e-35	upregulated
ENSG00000170476	1864.6532808712916	3.546154084076947	0.2811106964636867	9.247354831654704e-38	7.743878552839589e-35	upregulated
ENSG00000066279	83.98052212222613	2.865410893390832	0.22730792519004897	1.2718480690664742e-37	9.863181775610507e-35	upregulated
ENSG00000224373	1059.6279643592256	3.685441520881347	0.2929743514210847	1.4962853490130794e-37	1.1051136077710886e-34	upregulated
ENSG00000169679	232.17400322357452	3.0137780703388537	0.24304565489032498	1.449626372623115e-36	1.021986592699296e-33	upregulated
ENSG00000276043	227.5298664660977	2.7008141607451144	0.2188959418385504	3.2142791890386326e-36	2.1675421835647475e-33	upregulated
ENSG00000184357	67.26375827791337	3.1573263085380323	0.25973057672415056	3.2535160852794727e-35	2.1025847701118592e-32	upregulated
ENSG00000157456	147.51217682814686	3.3099844748453098	0.27776769199775403	5.4888492725920755e-34	3.4052820887161233e-31	upregulated
ENSG00000167513	96.4358787242481	2.6794793793643934	0.22509431665849933	6.55505111530212e-34	3.9103401076283032e-31	upregulated
ENSG00000211896	47300.98908219396	5.138355737315439	0.4342564884897314	1.4098398658994551e-33	8.098746785222426e-31	upregulated
ENSG00000112984	64.67682005801578	3.380532870518873	0.28760681208285316	4.2871643033490484e-33	2.2934903948638232e-30	upregulated
ENSG00000135476	65.63631353604791	2.719038726249161	0.23132331821538202	4.288279913027136e-33	2.2934903948638232e-30	upregulated
ENSG00000187837	419.0138746015347	1.7791348199876558	0.1523828114686381	1.1603319842500521e-32	5.9989163585727695e-30	upregulated
ENSG00000131747	371.1652073730015	3.059314733060484	0.26430678254013634	3.065118901933619e-32	1.5335481989996913e-29	upregulated
ENSG00000065328	96.20994238001822	3.3919081018333586	0.2940612543451892	5.384416607967559e-32	2.6097594246742765e-29	upregulated
ENSG00000101057	959.8296165215879	3.315228648121862	0.28811905094782864	6.611407522994061e-32	3.1073615358072086e-29	upregulated
ENSG00000131153	114.1908757073998	2.6994562889858984	0.23489152299205068	8.53836210062952e-32	3.8949998876695255e-29	upregulated
ENSG00000122952	294.2025148432771	2.2718319844592463	0.19864345467614775	1.6670105449644326e-31	7.387238157828101e-29	upregulated
ENSG00000211945	1013.1056461827881	3.542766988412914	0.31200793834240215	3.7874955690268346e-31	1.6317793409890612e-28	upregulated
ENSG00000075218	55.01533359237482	2.9976994445350402	0.26478095041150274	6.359229964846726e-31	2.665720452831695e-28	upregulated
ENSG00000115163	35.86770215811476	3.4859958383491145	0.3079877943644206	7.44459410892348e-31	3.0385698586685047e-28	upregulated
ENSG00000184661	66.15857050305495	3.2669704454049655	0.2912538607196494	2.0027465792889327e-30	7.964769088402909e-28	upregulated
ENSG00000146670	106.53068661784908	2.7587617163375495	0.24622892446890032	2.2862048336501287e-30	8.864759242478374e-28	upregulated
ENSG00000092853	88.49287503688731	2.5396793975193406	0.2270669430470947	2.818951612938836e-30	1.0663887686995451e-27	upregulated
ENSG00000138180	69.57904239992794	3.344593212619552	0.2991550767501029	3.182013616472973e-30	1.1750721712260907e-27	upregulated
ENSG00000126787	94.34401638279432	3.686525937045351	0.33007516974327433	3.5085568553377066e-30	1.2655282982857636e-27	upregulated
ENSG00000109805	89.61039347957114	3.107592963845192	0.2787276392329328	4.138956503375719e-30	1.458982167439941e-27	upregulated
ENSG00000156970	70.40442251852478	2.681712666519338	0.24328615534735226	1.6825964147895408e-29	5.799348976307951e-27	upregulated
ENSG00000211962	1000.4414532814252	3.4090516359157563	0.3095624241742535	1.8754290227882715e-29	6.3234574224882805e-27	upregulated
ENSG00000142945	103.751838526438	2.795536117179117	0.2552969090409235	3.764756593297541e-29	1.2423696757881885e-26	upregulated
ENSG00000135451	60.43450136552118	3.3017823798497976	0.30201709714293506	4.6001594240789925e-29	1.4864265139055245e-26	upregulated
ENSG00000093009	106.90321465574732	2.9142240414150105	0.2673812126534295	6.833410371776949e-29	2.1629835686991932e-26	upregulated
ENSG00000183010	81.73438152750525	3.0604972606881407	0.28158304929826705	9.377017220702312e-29	2.908750741861857e-26	upregulated
ENSG00000072571	45.68268255126366	2.8144525382470866	0.25874115353960997	9.610899871915644e-29	2.922844255164934e-26	upregulated
ENSG00000094804	109.91580694447305	2.8250298685822046	0.26087524315816785	1.4170743114588523e-28	4.226696648216692e-26	upregulated
ENSG00000237649	75.56098845827783	2.591562521882121	0.23962489253095337	1.7010759180173702e-28	4.978054243103662e-26	upregulated
ENSG00000129538	311.55495712288507	4.9613604302032055	0.45924500132087975	1.738864492050915e-28	4.994405235501795e-26	upregulated
ENSG00000099958	138.17220429009305	2.6042851705552037	0.2413472076233556	2.1594627785886996e-28	6.089685035620133e-26	upregulated
ENSG00000211592	40854.46466097919	3.0238473710018328	0.2815143824235773	3.8991211138246048e-28	1.0722263152153936e-25	upregulated
ENSG00000176890	70.93840637745431	2.8533706968378953	0.2657083783193152	3.940483556884425e-28	1.0722263152153936e-25	upregulated
ENSG00000211956	3053.930230164491	4.1311233854071325	0.38545825641532544	4.282059878918691e-28	1.1450818745177396e-25	upregulated
ENSG00000085999	36.80991141509388	2.7557555057268286	0.25672478114777825	4.498635744619475e-28	1.1826074643906452e-25	upregulated
ENSG00000071539	89.34052966135857	2.9459835671946952	0.2758022051988249	7.093304697947328e-28	1.8336192644193843e-25	upregulated
ENSG00000143603	72.15218550577049	3.840966984795551	0.36085694781200184	9.771070040010944e-28	2.4844146937798318e-25	upregulated
ENSG00000121152	114.27815270573167	1.9471283588616652	0.18542285183113758	5.669167113354128e-27	1.4182061601310084e-24	upregulated
ENSG00000111665	67.03444341411435	2.309571632415088	0.22036507773897712	6.519839624291183e-27	1.5800423839493164e-24	upregulated
ENSG00000211679	6994.305814505784	3.499516509123214	0.33421781524108074	6.419054332981964e-27	1.5800423839493164e-24	upregulated
ENSG00000132465	7609.080862012545	3.442409640755586	0.33057678917594335	1.2114080056388568e-26	2.8906058719167183e-24	upregulated
ENSG00000007968	323.3712043572766	1.740799721365731	0.16796925717320968	2.4892615123336014e-26	5.8497645539839635e-24	upregulated
ENSG00000164045	32.43350563444533	2.9747769668910844	0.28832836088297376	3.988027917044425e-26	9.231987013934185e-24	upregulated
ENSG00000011426	50.583116254652424	2.7520984374599364	0.2680784276916528	5.618710936859395e-26	1.281561862216018e-23	upregulated
ENSG00000111291	34.75019743681579	3.2829800590470692	0.32091269979005976	9.027508546487401e-26	2.029226921101733e-23	upregulated
ENSG00000161888	40.31917251154613	2.8190513322002726	0.276210408020425	1.1748637749677447e-25	2.6031624499642458e-23	upregulated
ENSG00000100526	84.84735283935534	2.6473629049133516	0.26105066689394923	2.16701638614488e-25	4.733862556212266e-23	upregulated
ENSG00000017483	561.74156520063	1.4995852294005738	0.14756216957741086	2.3117071810923553e-25	4.979802552603115e-23	upregulated
ENSG00000239264	245.47754854901467	2.483105643532165	0.24513671960986064	2.3963870569600043e-25	5.0915018155410496e-23	upregulated
ENSG00000169607	43.312778319531006	3.0681076490735366	0.30338737043308633	2.78463733983347e-25	5.836449343353664e-23	upregulated
ENSG00000244437	1774.0573737725426	3.173432306177746	0.3145136651931835	3.277391898588426e-25	6.722348465926609e-23	upregulated
ENSG00000051180	100.91005370714562	2.4142445475329133	0.23902791506544688	3.2939940903315427e-25	6.722348465926609e-23	upregulated
ENSG00000154839	50.58263721616055	2.904335700774256	0.28830952286725564	4.6286277744487075e-25	9.32337880281811e-23	upregulated
ENSG00000051341	74.91838577680714	2.0836280094562367	0.20718252698295772	5.576346413841308e-25	1.1006726433740484e-22	upregulated
ENSG00000165480	56.82169169463023	3.147166473849268	0.31302072976105183	5.606262980435192e-25	1.1006726433740484e-22	upregulated
ENSG00000223350	252.1428875975494	4.16359568532477	0.41513524452959627	6.181327168041419e-25	1.1984048047040302e-22	upregulated
ENSG00000138160	180.53158350922538	2.2038517759625464	0.21975339361822818	7.100412130679196e-25	1.359597433911535e-22	upregulated
ENSG00000211666	2540.381687417528	3.165267625501096	0.3166775000087243	9.793273838318233e-25	1.852361917467266e-22	upregulated
ENSG00000211659	3143.1234897810946	4.330740476513605	0.43511906470536477	1.283765507826166e-24	2.398940123660703e-22	upregulated
ENSG00000171320	35.18310943724585	2.505245912621133	0.2512949334068832	1.4748168056011808e-24	2.7231438874850373e-22	upregulated
ENSG00000165304	61.37776847464281	2.991657938243917	0.30083965814558344	1.5033399731883791e-24	2.743153292253148e-22	upregulated
ENSG00000048462	257.45239555251624	3.2547953331703843	0.32886778196883165	2.3730353410357914e-24	4.279741644123852e-22	upregulated
ENSG00000163808	83.831066280453	2.310600882382641	0.23376322706356678	2.988167596912887e-24	5.327181543461941e-22	upregulated
ENSG00000134057	178.4098516410449	2.177098680345583	0.22041350977944907	3.2171127259066476e-24	5.670161179410466e-22	upregulated
ENSG00000137563	144.80569858945614	2.3045257634070877	0.23425779309246328	4.735967238556368e-24	8.253354142697672e-22	upregulated
ENSG00000178445	148.28749302199705	3.7084209225328264	0.37826245771142564	6.0874218999231414e-24	1.0375375128330541e-21	upregulated
ENSG00000164087	91.96757849586231	1.5755206771899362	0.16072190852747598	8.278133108636577e-24	1.3955852664668836e-21	upregulated
ENSG00000165409	26.842369764406495	2.3392003124175402	0.23888605258360301	8.408981488331048e-24	1.4024011062797266e-21	upregulated
ENSG00000211598	3562.151074273939	2.994666161123103	0.3084783366546681	1.4072943303427828e-23	2.3220356450655915e-21	upregulated
ENSG00000211955	1179.8446239916611	3.329403559413705	0.34348336456251305	1.695048650972188e-23	2.76738995542933e-21	upregulated
ENSG00000143228	54.76412968793625	2.0257444926066213	0.20867128875387117	1.8721345724089454e-23	3.0246674185482025e-21	upregulated
ENSG00000118193	35.6968449477016	2.505478510301428	0.2603106655110368	4.2701816714129637e-23	6.827888425114956e-21	upregulated
ENSG00000240382	167.7286122645576	3.9617504248535744	0.2988429619257462	5.50770787991473e-23	8.716790736477292e-21	upregulated
ENSG00000154277	30.14058431956265	5.04291328403567	0.5264139881344012	6.915233222222637e-23	1.083386538148213e-20	upregulated
ENSG00000211660	1418.0705481417735	3.556340202809646	0.3740090353169352	1.0463806015065905e-22	1.6229363129367217e-20	upregulated
ENSG00000123131	546.3180880668883	1.086462102130532	0.11347839581057292	1.098152284688632e-22	1.6698374446588902e-20	upregulated
ENSG00000117724	138.73306939971292	2.048746208439954	0.215840394031147	1.4074674132817925e-22	2.119399959223359e-20	upregulated
ENSG00000211947	1430.4747871258678	2.974344314167346	0.31452505506747375	1.7377971132910137e-22	2.5916570410715023e-20	upregulated
ENSG00000211966	918.0752851993999	2.91090626747762	0.30813338346005426	1.9042109848066943e-22	2.809391838692836e-20	upregulated
ENSG00000166803	27.944136734952885	3.0298257920946425	0.32019074233485684	1.920022791111803e-22	2.809391838692836e-20	upregulated
ENSG00000241351	1905.7916063750881	2.7311817054892624	0.2894759360425911	2.3817803956799904e-22	3.452468592242678e-20	upregulated
ENSG00000211949	3294.002434188882	3.075880405130643	0.33063723255007943	7.268539889554079e-22	1.0438430896942942e-19	upregulated
ENSG00000139734	24.69431771652841	3.026985208285358	0.32536854502010576	8.2437465882996985e-22	1.1730321980231956e-19	upregulated
ENSG00000035499	49.19807944521929	2.725001068448423	0.29390190941494654	1.1330780956553298e-21	1.5976401148740151e-19	upregulated
ENSG00000174371	53.684453675379494	2.5616960842699363	0.2765126296839856	1.1836021588224418e-21	1.6538440975978445e-19	upregulated
ENSG00000243466	2845.9874788599564	3.1460522246706684	0.3414177127153338	1.6483331467773536e-21	2.2826470630818533e-19	upregulated
ENSG00000115884	88.18817265878245	4.950803543651258	0.5373243095679453	1.6877887516562868e-21	2.3166020830255763e-19	upregulated
ENSG00000134690	114.65105285216522	1.7750691188971675	0.19234412860519937	1.9182112417069775e-21	2.6097768735855456e-19	upregulated
ENSG00000117650	33.3886204504948	2.699380897987512	0.29375419397489977	2.4082918802839068e-21	3.2480527881046433e-19	upregulated
ENSG00000073111	469.9953953387926	1.6716750136320413	0.18283007733947615	4.2681540449113925e-21	5.706816313497904e-19	upregulated
ENSG00000211673	1407.931541498363	3.6120834353754026	0.399290142039245	7.5204311029622185e-21	9.969392000593506e-19	upregulated
ENSG00000162062	32.65662464075708	2.2631106026131356	0.24987042639702167	9.039636131277808e-21	1.188175901662024e-18	upregulated
ENSG00000097021	264.7138160537057	1.5061444926683674	0.16612018574363857	9.33823229912743e-21	1.2171091004997179e-18	upregulated
ENSG00000140534	19.051710612956924	2.451917020725938	0.270656236978477	9.437834619358848e-21	1.219840124552131e-18	upregulated
ENSG00000112742	43.40341829234446	2.3909555277656125	0.26498911647951484	1.1205725692125673e-20	1.436370293263382e-18	upregulated
ENSG00000170312	123.75180001920046	2.599337259052754	0.2890834383169952	1.3793975419603438e-20	1.753643924246306e-18	upregulated
ENSG00000211632	62.84343321634492	2.9413920402107383	0.3276739211041606	1.552721618686321e-20	1.9579440899044585e-18	upregulated
ENSG00000211658	245.55267525773792	4.5264573210537025	0.50650917918567	1.957383207634253e-20	2.4483075443876825e-18	upregulated
ENSG00000124575	446.47994807713224	1.3735742525598753	0.15285516563784918	2.0991506432402147e-20	2.5935745926048365e-18	upregulated
ENSG00000211637	913.44905987375	3.5092405301626304	0.3927091171548144	2.1069658199110857e-20	2.5935745926048365e-18	upregulated
ENSG00000211599	30.972177657896147	3.2441545986002995	0.36321454251970337	2.3979457556315494e-20	2.928514855893333e-18	upregulated
ENSG00000085840	76.96412336672867	2.4449163695382636	0.27585877909727197	4.33772192359682e-20	5.256098987108335e-18	upregulated
ENSG00000211653	2145.285774261275	2.9409015144057107	0.33238922299491264	5.4001818567187113e-20	6.492776790519939e-18	upregulated
ENSG00000211668	991.7712068994998	3.4956973408469008	0.3967805075651129	6.554527075204281e-20	7.820054995109108e-18	upregulated
ENSG00000108641	33.124436636934654	1.541490684159279	0.17478750092961637	8.061386526348244e-20	9.472129168459187e-18	upregulated
ENSG00000101412	293.89434523643354	2.5910298646709466	0.2944958853582642	8.038014249500708e-20	9.472129168459187e-18	upregulated
ENSG00000123080	126.8689851156034	1.1415437979213767	0.12892928659950376	8.658169951063551e-20	1.0096858341428245e-17	upregulated
ENSG00000211946	1262.6883591331327	4.6555261333758065	0.5314816738955418	9.726958211429948e-20	1.1258591183528245e-17	upregulated
ENSG00000180596	133.6517051815895	1.9475745078601476	0.22225724513908854	1.19099377253735e-19	1.368319512004022e-17	upregulated
ENSG00000239672	212.9693766095168	1.1449034545189454	0.13043716558224508	1.6900048503236756e-19	1.927351119744133e-17	upregulated
ENSG00000211649	335.46264143399986	3.6656383771500702	0.42201958509541787	1.9042951493074966e-19	2.155884508449582e-17	upregulated
ENSG00000211677	14056.177692401485	3.426002510141852	0.3936548629345483	1.9306246072798181e-19	2.1698541781818826e-17	upregulated
ENSG00000101187	113.85896383269517	2.609988248054358	0.30055819572762793	2.1171417094518058e-19	2.36236459810054e-17	upregulated
ENSG00000211644	126.59067703922517	4.539252042796531	0.3870214233986768	2.1552554089192284e-19	2.3877150994526595e-17	upregulated
ENSG00000211941	599.8518311084075	2.9551788302450666	0.34114417874491665	2.4413531836653347e-19	2.685488502031868e-17	upregulated
ENSG00000129195	20.15274067046491	2.4643323799278947	0.2871163935859902	6.3199243284079675e-19	6.90295960095828e-17	upregulated
ENSG00000077152	79.71159495741517	1.4826307846207643	0.17248148994162546	6.572927056241336e-19	7.129097807154065e-17	upregulated
ENSG00000259772	49.8987303198044	2.138278734626275	0.24966219398853437	6.823228870001332e-19	7.349186095397268e-17	upregulated
ENSG00000159189	115.18468230527625	3.4041802376835593	0.39896822220601297	7.535681544315927e-19	8.060580741540692e-17	upregulated
ENSG00000211897	7813.883425072524	4.027758440631779	0.4723762659635824	7.836421421440067e-19	8.28844708131185e-17	upregulated
ENSG00000137812	84.54698877202284	1.9359558997582442	0.22644054676750552	7.855588142829413e-19	8.28844708131185e-17	upregulated
ENSG00000173369	390.00458556239323	2.770230539942007	0.3257042595737605	9.73518643493403e-19	1.0202212270663973e-16	upregulated
ENSG00000186185	33.39916157161888	2.8420005892419553	0.3362821405218189	1.5249183227947788e-18	1.5767655457698013e-16	upregulated
ENSG00000243290	135.84607192073193	3.1894468274061376	0.38029057546116884	2.632828655408634e-18	2.6865245029860465e-16	upregulated
ENSG00000164687	117.4976682728526	1.2249777100504151	0.14548518694556326	3.430092526650733e-18	3.4771722279969197e-16	upregulated
ENSG00000119326	86.92111111759125	2.0616775317787535	0.2464973693224439	3.509808111123621e-18	3.5348781690602186e-16	upregulated
ENSG00000211640	1478.9128770805544	3.905523981909291	0.46894885031529376	4.18562341706905e-18	4.188323819273611e-16	upregulated
ENSG00000282600	52.613913447873756	3.2954837107196595	0.3956590055716832	4.3914954097681144e-18	4.3661598593271444e-16	upregulated
ENSG00000135916	1919.6189306946403	1.6757123204323645	0.2004515883552785	6.027544559798675e-18	5.916912412815029e-16	upregulated
ENSG00000180535	43.9699814093859	3.421288074782133	0.4137742455839495	7.387144653740944e-18	7.160913348720127e-16	upregulated
ENSG00000047597	151.01075766424768	3.23681358634405	0.3936245224609586	1.1831251962265734e-17	1.1327328267576638e-15	upregulated
ENSG00000211952	108.10616800600705	2.9371186867133083	0.35840628512524075	1.3429979483310156e-17	1.2779078637186535e-15	upregulated
ENSG00000228716	55.4755041337378	1.6556041229952791	0.20119894978808153	1.3540554282967083e-17	1.2805731520049967e-15	upregulated
ENSG00000166562	1143.1416524738952	1.3096222740460413	0.15877462606217269	1.3694434675219657e-17	1.2872768594706478e-15	upregulated
ENSG00000274997	21.423328130189095	2.5039117419625607	0.30575851601307896	1.5323195064709995e-17	1.4317033461063373e-15	upregulated
ENSG00000168298	682.4422450046222	1.3886418328213457	0.16915285084490375	1.736808893930105e-17	1.6130482601710138e-15	upregulated
ENSG00000105974	43.058949753262205	3.1626882722722747	0.38730633907717693	1.7981420478011953e-17	1.6502475243429905e-15	upregulated
ENSG00000160957	188.01839952135578	1.4911958702031383	0.1817921633803892	1.7938122837801808e-17	1.6502475243429905e-15	upregulated
ENSG00000140451	67.88526329288092	1.5671392207868553	0.1917575005097548	2.193689041628237e-17	2.0014186491561148e-15	upregulated
ENSG00000138778	81.77055468171409	1.6389113561842978	0.20062156334983366	2.2230751963017923e-17	2.016368204364959e-15	upregulated
ENSG00000211934	2497.22351881879	3.5155379422898445	0.4325843678913578	2.376061170310642e-17	2.142599346018492e-15	upregulated
ENSG00000277224	23.51700272665738	2.2467183956660306	0.27705027703808466	2.6887785876617138e-17	2.4105754852389123e-15	upregulated
ENSG00000211648	1616.9728552138808	3.4637508146790386	0.4274571327559898	2.7331039083111142e-17	2.436232276891114e-15	upregulated
ENSG00000170439	179.18644498096612	5.398210275606632	0.6683569332720524	3.093241068789612e-17	2.7414953701101077e-15	upregulated
ENSG00000104738	756.7855742095381	1.537110249945514	0.19021152052211973	3.865956359248151e-17	3.4068740415874332e-15	upregulated
ENSG00000128228	1016.2513610801936	1.1573374554792346	0.14310122239614245	5.880875664563288e-17	5.153241895896982e-15	upregulated
ENSG00000165948	83.970487049069	1.3183460326405378	0.16342719005960651	6.00681897209941e-17	5.2340315874866206e-15	upregulated
ENSG00000029993	124.06075832157183	1.7584438361507717	0.21886730708249094	6.139561449307662e-17	5.319809948534181e-15	upregulated
ENSG00000080986	136.42297747935058	1.5082476244877454	0.18735987897086362	6.309385658121618e-17	5.436587308748128e-15	upregulated
ENSG00000120885	5060.277291658486	3.082921832829282	0.3861088371687881	7.171078478449223e-17	6.144940729323063e-15	upregulated
ENSG00000119333	293.5292322762377	1.1672261967754443	0.14516241171085129	8.492577828951814e-17	7.197807766505061e-15	upregulated
ENSG00000211970	438.5699492299738	3.394105084666023	0.42965461408163463	1.437223444839183e-16	1.1984589048094477e-14	upregulated
ENSG00000137198	470.6062762247352	2.5922192249682214	0.3280759443752613	1.5582038105852139e-16	1.2814322585874763e-14	upregulated
ENSG00000270550	1757.3788634032394	2.942043433779484	0.37217665236481373	1.554925104197241e-16	1.2814322585874763e-14	upregulated
ENSG00000211669	1159.4195544161312	4.289621837338793	0.5441722518459994	1.5770029829314807e-16	1.2873324350140667e-14	upregulated
ENSG00000101335	681.0117239131348	3.5807706662758143	0.4567672240595696	2.2839016097131716e-16	1.8449642690964215e-14	upregulated
ENSG00000240864	272.36292424773063	2.7993705156560997	0.3587591127411874	3.232535619660629e-16	2.5843622402544513e-14	upregulated
ENSG00000142731	96.55665559342378	1.362673965953252	0.1735167691813949	3.3835603874383625e-16	2.6912318773932818e-14	upregulated
ENSG00000196465	55.59798183213018	1.3198716795146328	0.16913258611957574	5.140096186343653e-16	4.026408679302528e-14	upregulated
ENSG00000211650	224.92313446842496	3.74532159532553	0.48452840617689646	5.386097119359653e-16	4.197907855340111e-14	upregulated
ENSG00000168268	167.9393133081504	2.0642837231870224	0.2668805837472244	5.987067884574333e-16	4.642971144487395e-14	upregulated
ENSG00000165891	19.534370240565657	2.6092766022228484	0.33787689069025706	6.678070639129202e-16	5.15307838870119e-14	upregulated
ENSG00000109674	19.481814516532896	2.1122376142465193	0.2728604589119406	6.737839996533758e-16	5.173460314170227e-14	upregulated
ENSG00000203760	98.540099884621	1.3738729753225372	0.1772224534908956	7.35519872421437e-16	5.592114324145338e-14	upregulated
ENSG00000151725	103.22964926988288	1.834494277680302	0.23786080032266627	7.722591539134124e-16	5.842799744974159e-14	upregulated
ENSG00000243238	490.48367028308104	3.658765253678355	0.4779842246335656	9.626595627010677e-16	7.212970926325392e-14	upregulated
ENSG00000183087	425.4553487397929	1.757125461775891	0.2294149155265866	1.3058238225178295e-15	9.598733406280348e-14	upregulated
ENSG00000123473	85.82132719223488	1.6734271247273957	0.21891681988701384	1.4158762365901824e-15	1.035860397618572e-13	upregulated
ENSG00000074842	2032.4054943212923	1.0220366417819902	0.13273160628317135	1.523689662958014e-15	1.0991826359292463e-13	upregulated
ENSG00000168496	512.8563028175648	1.1054414263305405	0.14393946325780613	1.6025961825325042e-15	1.15075309217959e-13	upregulated
ENSG00000211890	6062.863826035627	3.24172214489808	0.4262330768855364	1.615932878506031e-15	1.1549824398907161e-13	upregulated
ENSG00000149554	75.20550302004581	1.59317748529463	0.2092301171630317	1.886366296816866e-15	1.342089048790348e-13	upregulated
ENSG00000123989	420.39024625743986	1.430360187207485	0.18833930474005137	2.0012116515182024e-15	1.417296471006727e-13	upregulated
ENSG00000100479	34.98567928556211	1.941076390089026	0.2560993477458867	2.221032072903633e-15	1.55874241858531e-13	upregulated
ENSG00000184678	795.7761636282437	1.6443421524138966	0.2174563938817058	3.1025593616639287e-15	2.167598905378718e-13	upregulated
ENSG00000137807	94.14920642908778	1.6836897296723936	0.22345371450109708	3.3869100974436947e-15	2.355649130553888e-13	upregulated
ENSG00000211665	91.92338805962508	3.517477342536654	0.4701934638395761	3.635952490116915e-15	2.506383249853927e-13	upregulated
ENSG00000223609	798.5421068907182	6.18338791981717	0.8291561563513851	3.738701428047255e-15	2.556296886473121e-13	upregulated
ENSG00000106853	21.827878773699503	2.6040163434196617	0.34802319016151917	3.9038213915578e-15	2.655625867678135e-13	upregulated
ENSG00000138798	111.83343951236564	2.6804697291518655	0.3593278501682468	4.58576920405844e-15	3.092403493693322e-13	upregulated
ENSG00000146858	20.91465083007496	2.3772067967874295	0.3186224200892376	5.103082047602203e-15	3.4263550891043365e-13	upregulated
ENSG00000241294	166.74306500605303	3.9495317369789777	0.5331824607693382	6.350474222673135e-15	4.2272899224746916e-13	upregulated
ENSG00000211965	506.6601946768888	2.9395338027731492	0.39658046161694027	6.468982299065203e-15	4.287774164893218e-13	upregulated
ENSG00000124721	15.550338849855969	1.7289199598564173	0.2321525007351246	6.6254773297760955e-15	4.372815037652223e-13	upregulated
ENSG00000075702	99.25554364264595	1.2497643352347216	0.16721732760284896	6.953944573165762e-15	4.550872587755315e-13	upregulated
ENSG00000211972	118.08597318359114	2.7885744267356785	0.37858415563754044	9.27738320815962e-15	5.995508898273154e-13	upregulated
ENSG00000105011	300.9100734292491	1.1494313087564423	0.15460246081378812	1.0118575317997815e-14	6.511995982661665e-13	upregulated
ENSG00000166091	197.8837475854096	2.670929288197862	0.36336120312585807	1.0383868879699087e-14	6.627728655314108e-13	upregulated
ENSG00000211651	1605.211764588824	3.0559465596058537	0.41581452916811235	1.0749535060877303e-14	6.833003639106843e-13	upregulated
ENSG00000173210	239.83324738886975	2.6660432552804	0.3642775190495572	1.3260569632449593e-14	8.293203024165048e-13	upregulated
ENSG00000129173	24.65369887274348	2.6728559201691664	0.36516872362663894	1.4068978878952686e-14	8.728394496502246e-13	upregulated
ENSG00000162722	1247.625494148732	2.759735944991054	0.3780539496522121	1.507229124227108e-14	9.313595106279858e-13	upregulated
ENSG00000197903	178.66336822929355	1.2261127020184532	0.1664398504394427	1.520895787949018e-14	9.360751456781455e-13	upregulated
ENSG00000136010	21.10493735248727	1.9854569157184783	0.27170838261439484	1.722852220333928e-14	1.0561833176829733e-12	upregulated
ENSG00000161911	959.2850011272619	2.8002929673431822	0.3844502157385165	1.7686524084346547e-14	1.0673851694483072e-12	upregulated
ENSG00000211654	114.45353614243658	4.4724884004183245	0.6156400176132876	1.760010417024617e-14	1.0673851694483072e-12	upregulated
ENSG00000172889	101.85181963316954	2.341732268031404	0.3219679323863356	1.9570447286613245e-14	1.1674524515975825e-12	upregulated
ENSG00000105610	59.96220068050633	3.102657849350827	0.4274313285839631	1.9529955057843713e-14	1.1674524515975825e-12	upregulated
ENSG00000076382	274.1119204040901	1.597946856051139	0.21844978369202134	1.981516639988536e-14	1.1775219573265208e-12	upregulated
ENSG00000113140	3560.610032751684	2.4853545789400773	0.34328287228929055	2.3349168450982873e-14	1.376979477850739e-12	upregulated
ENSG00000146410	26.511047882721744	1.7304094109926162	0.23834504508794496	2.8042217431703015e-14	1.647480274112552e-12	upregulated
ENSG00000211895	42830.51284871931	3.1098612894971134	0.4331769832865631	3.409086361516968e-14	1.99528035725012e-12	upregulated
ENSG00000092621	195.64374129563566	1.3728816866174498	0.19001142193326706	3.847733650375503e-14	2.239483749366727e-12	upregulated
ENSG00000211938	1116.8046750518615	2.47822338713465	0.3449602259698892	3.855204133339239e-14	2.239483749366727e-12	upregulated
ENSG00000124635	68.57839946256406	2.4073455995545436	0.3359763569940723	4.233162140500035e-14	2.4407563122362656e-12	upregulated
ENSG00000129810	32.097906953554116	1.6584035546152982	0.23052540493678064	4.386250215765482e-14	2.510359440831093e-12	upregulated
ENSG00000005961	5132.247686086879	2.942705865235657	0.4130986712756019	5.048533577599846e-14	2.878777786344618e-12	upregulated
ENSG00000076003	661.4487035104954	1.0117468347146896	0.14014099063629032	5.78830026130107e-14	3.2885178407611573e-12	upregulated
ENSG00000240671	224.63488817250104	2.6974914595421042	0.3798611671449112	6.491724954817009e-14	3.64806717569608e-12	upregulated
ENSG00000211625	507.3303022946122	4.660093731787443	0.6580851093591734	6.524519498072799e-14	3.653259834480473e-12	upregulated
ENSG00000232216	319.8335144347368	3.409990030455253	0.48310169594187297	8.349663076675143e-14	4.625116939972553e-12	upregulated
ENSG00000176055	62.71908876460166	-1.0164891795087554	0.14193384585164825	9.171268835490388e-14	5.044197859519713e-12	downregulated
ENSG00000004468	941.3511251996559	1.5703561447316852	0.22158163222985927	9.785874514104236e-14	5.349454912236435e-12	upregulated
ENSG00000246705	563.4891288280978	1.0623439045624392	0.1488510925255393	9.974420459071222e-14	5.4281846077261285e-12	upregulated
ENSG00000164611	204.24421782264034	1.4678571543443628	0.20716847483024622	1.0569315757185337e-13	5.73182123755051e-12	upregulated
ENSG00000164109	184.73477015559556	1.347739593775409	0.190146173369721	1.0681529680954202e-13	5.7724921725296055e-12	upregulated
ENSG00000152207	194.38447043773965	-1.7100947870184962	0.24244621979510111	1.1288183082851128e-13	6.037231710862793e-12	downregulated
ENSG00000132170	43.37282736150207	2.9950689082983364	0.4273459156362142	1.1984342339037063e-13	6.3875309167857335e-12	upregulated
ENSG00000087586	94.1789390389367	1.293414206363036	0.182809125886738	1.2653874937675447e-13	6.721287680936513e-12	upregulated
ENSG00000163053	24.886846853939943	2.425691505505594	0.34574460192379514	1.2953147248082778e-13	6.856768389684774e-12	upregulated
ENSG00000123352	123.60944095805135	1.074641905400335	0.151484743794287	1.3755745782376298e-13	7.2568577239679045e-12	upregulated
ENSG00000108950	368.85680445449196	3.1517026139890354	0.451068010577803	1.4085618476504657e-13	7.405692968494482e-12	upregulated
ENSG00000145050	443.3673446387103	1.0937905848783598	0.15569064860303253	1.593496472887812e-13	8.349706180570934e-12	upregulated
ENSG00000211937	601.2190720880426	2.7469694752683385	0.3938187078809055	1.6222658296529517e-13	8.471832665965414e-12	upregulated
ENSG00000137941	24.68021913576267	2.428111205516215	0.3479004578188378	1.648050937136868e-13	8.577607394292893e-12	upregulated
ENSG00000088826	605.2564220769202	2.235102413677123	0.3200513549329265	1.671826704330758e-13	8.672251566612058e-12	upregulated
ENSG00000244575	185.1510729800453	2.9382708153445978	0.4247776607737615	2.356823014979244e-13	1.2132048079246285e-11	upregulated
ENSG00000174175	651.8554242680409	2.3971927331200296	0.3464565426892925	2.545985766157982e-13	1.3032422189145314e-11	upregulated
ENSG00000140682	67.98067475105105	2.4921914567387966	0.36152124211237785	2.8995954048222455e-13	1.469696886561864e-11	upregulated
ENSG00000078900	27.78162959187765	2.0697928907240093	0.30096848152275646	3.4995530704708154e-13	1.74614109787887e-11	upregulated
ENSG00000111247	54.773483954272535	1.3981359194409053	0.20197217356848285	3.5012887262432527e-13	1.74614109787887e-11	upregulated
ENSG00000211663	3166.6546628476895	3.74131457103514	0.5469972960313891	3.885118540618384e-13	1.919050591241756e-11	upregulated
ENSG00000169715	59.45878291028594	1.9049438456914434	0.27838944515777825	4.730206535240013e-13	2.3070913006783835e-11	upregulated
ENSG00000105711	57.85905303868768	1.6613283699973251	0.24276114209652083	4.991936434882467e-13	2.4271139217876823e-11	upregulated
ENSG00000157445	109.82480501079978	-1.8623178567293175	0.27239798676421273	5.033051174323252e-13	2.4394569910548014e-11	downregulated
ENSG00000122966	48.78288145362852	1.6377547101727747	0.24022267314716783	6.355364341844974e-13	3.0612329485098e-11	upregulated
ENSG00000117632	1287.6110894314625	1.2979402936879474	0.1896227228063249	6.533812587389969e-13	3.137443753263728e-11	upregulated
ENSG00000169247	75.60820403780843	2.0885819805101766	0.3081634766815515	7.043562480389302e-13	3.3717794466308046e-11	upregulated
ENSG00000273802	50.87363470481381	1.8857850876102396	0.27808855181656705	7.255937462151606e-13	3.462756616552966e-11	upregulated
ENSG00000167100	46.899378522873185	3.1302296220623043	0.4656207689444612	8.661769623652107e-13	4.108380638007467e-11	upregulated
ENSG00000204420	1286.2644321416242	2.3240951075023935	0.3454241672234832	9.939379716831135e-13	4.6715084669106333e-11	upregulated
ENSG00000112029	134.2779414443181	1.0474365603460822	0.15376481376953854	1.0466680544134106e-12	4.904477801798187e-11	upregulated
ENSG00000152952	30.928118631530506	2.4757470124525813	0.3696752266861718	1.1422047718611952e-12	5.319998802272414e-11	upregulated
ENSG00000189057	76.39596268281669	1.6534776526357224	0.24591951306901477	1.1997831983082735e-12	5.57144832507824e-11	upregulated
ENSG00000100097	4182.000254569363	1.2099384017559116	0.17768562402447824	1.2830485508744253e-12	5.940323290764876e-11	upregulated
ENSG00000205639	111.19929423105606	2.4989780572321085	0.37499412894407724	1.4053352296150573e-12	6.467878163599271e-11	upregulated
ENSG00000135069	137.3239641966186	1.410809313368217	0.21013188246992115	1.4731518415538483e-12	6.739995593657873e-11	upregulated
ENSG00000131845	108.41076817255889	-1.533580455600619	0.2292225227143937	1.5967471511870294e-12	7.241388396172757e-11	downregulated
ENSG00000110492	19.87318703543042	1.513603030063745	0.22676566740503132	1.743295496547233e-12	7.882948440655273e-11	upregulated
ENSG00000145335	631.5317817261986	2.3676302417900663	0.35682095058300667	1.7515514407895036e-12	7.897256641466628e-11	upregulated
ENSG00000259719	59.29275412116717	2.423213236249008	0.36588779518787257	1.8952511022771937e-12	8.471280863492588e-11	upregulated
ENSG00000211662	1728.2319189974114	2.7463471208693355	0.41422833813754073	1.8906273341717835e-12	8.471280863492588e-11	upregulated
ENSG00000065485	220.86066549719115	1.1424959189899861	0.1717351052253415	2.2457051192853445e-12	9.951681828604484e-11	upregulated
ENSG00000118496	161.56214587265575	-1.1199376873321398	0.16788666615863607	2.4277652680143094e-12	1.0636903759011847e-10	downregulated
ENSG00000143776	53.96826006230549	1.763027885163505	0.2672334647606421	2.6324858980961637e-12	1.1436934532064847e-10	upregulated
ENSG00000158406	110.21584978577444	2.3569223357275293	0.35899944189092786	2.7953110283098953e-12	1.20431316803018e-10	upregulated
ENSG00000105048	217.724955427205	2.874392774500621	0.4390331149523494	2.9976627023422103e-12	1.2879154712833154e-10	upregulated
ENSG00000211933	222.26726582061835	2.4736656080539787	0.37879186910401347	3.516342367435975e-12	1.5024371933590075e-10	upregulated
ENSG00000136982	20.586747150438917	2.0351789812173706	0.3133158239061912	4.452634068549218e-12	1.8817535259727077e-10	upregulated
ENSG00000148346	62.11184695213169	2.561541802273742	0.39588598546479375	5.08990310836499e-12	2.1394145585566665e-10	upregulated
ENSG00000102145	89.94405271059306	2.435489456650909	0.3770758195079462	5.5620226010791436e-12	2.3190045844821915e-10	upregulated
ENSG00000079931	27.664699376815854	1.6432394332843365	0.252965096622902	5.628030201374725e-12	2.340234542180214e-10	upregulated
ENSG00000239855	156.45432188125548	2.7640310834651753	0.42848225781879945	5.767071656400479e-12	2.3916385398601987e-10	upregulated
ENSG00000105971	31.146148274921952	2.6398734236835364	0.4097667669588057	6.0069730544000955e-12	2.4844840552998794e-10	upregulated
ENSG00000105136	93.36905694048741	-1.0614703747507235	0.1620909170435719	6.245126000673546e-12	2.573683060628011e-10	downregulated
ENSG00000179750	85.77753543852111	2.104380639985156	0.3262701083175187	6.4346885038471284e-12	2.6402650448325123e-10	upregulated
ENSG00000070182	149.1290554566151	2.8043631176569956	0.4394253048104813	8.807624660178959e-12	3.548214505957809e-10	upregulated
ENSG00000278828	637.806892169282	2.215929277682511	0.346309776560575	8.98992712381878e-12	3.612273826176924e-10	upregulated
ENSG00000029153	53.952764958896495	1.9280089586636984	0.3015168304480404	9.574155902072737e-12	3.837084187109771e-10	upregulated
ENSG00000153162	187.6575946854319	1.737801234021149	0.27193168165120424	1.0156923689651962e-11	4.049714304023186e-10	upregulated
ENSG00000127423	15.247956195359093	1.7241032090916073	0.27023658253326976	1.2160361686338734e-11	4.823713804478612e-10	upregulated
ENSG00000180573	2324.00819107851	1.8438876010303538	0.28932891893376633	1.257116961844148e-11	4.973950019949677e-10	upregulated
ENSG00000188130	16.90714151232659	1.718390340195652	0.27086421233289426	1.3794972357269978e-11	5.4304573924177e-10	upregulated
ENSG00000188672	24.289769888037455	2.070864194466659	0.3269903002988517	1.3847999342949894e-11	5.437530881244376e-10	upregulated
ENSG00000146376	447.51857237063945	1.0016780777059755	0.1562230657899745	1.6149843531157416e-11	6.293569677594259e-10	upregulated
ENSG00000231475	295.18181021377205	2.6330849754342056	0.4187568876451139	1.7057915820698394e-11	6.614206859475802e-10	upregulated
ENSG00000211943	729.3464174125411	2.4394894842876775	0.3887438972669999	1.9411575201861045e-11	7.433914355083082e-10	upregulated
ENSG00000188536	7668.461227947216	6.436830657462758	1.0348627006111162	2.0402682889483332e-11	7.775076452478783e-10	upregulated
ENSG00000275063	1512.2085962847354	3.4415480738260564	0.5512230796510492	2.069442533921737e-11	7.855466769692623e-10	upregulated
ENSG00000185480	60.59452264923436	1.2088690936073678	0.19067128156029062	2.0766981757283604e-11	7.855997245255334e-10	upregulated
ENSG00000196787	153.03974633604744	1.5510468818036531	0.24704827597425355	2.3851863229888834e-11	8.914274667363272e-10	upregulated
ENSG00000196550	11.752702451642392	1.6646609701116504	0.2650605135355463	2.4520039699637695e-11	9.098225256970829e-10	upregulated
ENSG00000198182	68.18933994622287	-1.2411171447750264	0.19668315961603053	2.4512269424718738e-11	9.098225256970829e-10	downregulated
ENSG00000012048	111.41295576489544	1.0514543738435158	0.16590221029746224	2.4860007883619446e-11	9.202356140213308e-10	upregulated
ENSG00000186603	18.5833945847174	1.6772241676453816	0.26765750968058283	2.5874364050985286e-11	9.5323369698523e-10	upregulated
ENSG00000169385	1378.3625350395198	2.381289384816047	0.3832035211725978	2.7650015667478986e-11	1.0138339078075628e-9	upregulated
ENSG00000241244	57.19722197438406	3.4690701825749506	0.5599043535908907	2.8069201103689078e-11	1.0223179559504584e-9	upregulated
ENSG00000211951	123.78427012112704	5.196052680118512	0.3494136512164348	2.8079139215660557e-11	1.0223179559504584e-9	upregulated
ENSG00000211964	1295.8609869511479	2.816244049037721	0.454315911620835	3.05966298932043e-11	1.1061858499850785e-9	upregulated
ENSG00000163736	4926.181282956042	2.1362934238793825	0.3439782127422114	3.242617364708349e-11	1.1696045424796858e-9	upregulated
ENSG00000186026	29.09620676935438	-1.0401460970902348	0.1649590313457669	3.3043161362021436e-11	1.189093811426804e-9	downregulated
ENSG00000135404	5656.941112436602	1.225578933858906	0.1941352936636842	3.5067949474018144e-11	1.2532347841982061e-9	upregulated
ENSG00000169756	2084.886556520809	1.074227894938683	0.1718930906043595	3.833967887408112e-11	1.3601351921773781e-9	upregulated
ENSG00000163737	1182.9609073554725	1.94649045961343	0.3151735291747092	3.8410007361295396e-11	1.3601351921773781e-9	upregulated
ENSG00000003436	50.85388692201795	2.322462371050782	0.37726464035039925	3.981575859408367e-11	1.4003229383089288e-9	upregulated
ENSG00000169704	532.7466443661541	2.011389617750879	0.3263886535718688	4.139584606347197e-11	1.446057595595609e-9	upregulated
ENSG00000117400	49.03239040688793	2.1092849847396726	0.34271842286830323	4.208663026163243e-11	1.4635955949729124e-9	upregulated
ENSG00000150967	103.31130414357072	1.327057577493978	0.21377866791260672	4.234275504257231e-11	1.4692083461080462e-9	upregulated
ENSG00000211959	1893.5114973004097	3.1777412539033034	0.518185790745634	4.3247863953836576e-11	1.4972642185803689e-9	upregulated
ENSG00000186642	57.579630108865196	2.018837031633288	0.3281409081801682	4.356526927638105e-11	1.5048938228879065e-9	upregulated
ENSG00000174099	73.93458456489198	1.64366984613832	0.2665953648421187	4.460497070871321e-11	1.5373846570936486e-9	upregulated
ENSG00000205309	155.5724355270386	1.9683826172475525	0.31992133042681914	4.500201563340485e-11	1.5442063329073212e-9	upregulated
ENSG00000249096	20.67237265416757	1.7638890747773117	0.28633545977950253	5.064775362039109e-11	1.7340985842213373e-9	upregulated
ENSG00000131711	44.52731108738008	1.4995224067652038	0.24344614004463877	5.2045290616183555e-11	1.770224687405717e-9	upregulated
ENSG00000277075	35.81808871955737	1.9441535266383914	0.3174625389871121	5.299344877842378e-11	1.7985303950839228e-9	upregulated
ENSG00000115290	19.381237689213684	2.6556440219676674	0.4349355929013436	5.350395547667111e-11	1.8118915926706745e-9	upregulated
ENSG00000184792	447.41175733767056	2.939611564344438	0.4827084720893933	5.683221353913802e-11	1.8997147241207555e-9	upregulated
ENSG00000213809	70.92659529711162	-1.6454965624417144	0.2681066005850073	5.7344430918218144e-11	1.912714244175405e-9	downregulated
ENSG00000281990	579.6478917659762	5.2710014012348365	0.8711231814954665	5.936082946075513e-11	1.971491359606664e-9	upregulated
ENSG00000204103	5882.630366177434	1.4520990061145314	0.23550955883868568	5.970331363937718e-11	1.978629048176795e-9	upregulated
ENSG00000164181	167.9053670383618	2.0830458209875147	0.3417563697873107	6.069589257145013e-11	2.0072351679812185e-9	upregulated
ENSG00000276180	69.70313278497345	1.1154436870998337	0.18052753555991383	6.14092170989281e-11	2.0265041642646276e-9	upregulated
ENSG00000236279	31.328928352712524	2.980375769002172	0.4910938189052072	6.191884297601816e-11	2.035763581584427e-9	upregulated
ENSG00000213949	140.3873258218659	1.9618619211956632	0.32245199435912053	6.883883324891375e-11	2.2383444521816613e-9	upregulated
ENSG00000117411	77.43330035548233	1.196592965593267	0.19475236264749088	7.278955071744262e-11	2.352012357557365e-9	upregulated
ENSG00000274213	110.54153132220718	1.289699758906297	0.2108125688788477	7.696423983600524e-11	2.476587883519588e-9	upregulated
ENSG00000165914	170.67244167030012	1.790496865620631	0.29523931610432136	8.233635095989485e-11	2.6223601302432924e-9	upregulated
ENSG00000254395	81.05764554480805	2.4731448654915704	0.4099358368257123	8.458486185237691e-11	2.6883426379720613e-9	upregulated
ENSG00000128578	28.204726185697428	1.6983532213955923	0.28032846773959647	8.801930731710327e-11	2.7917780296283678e-9	upregulated
ENSG00000205038	64.1588049426081	1.696095747774475	0.2803539971527863	8.958128343278768e-11	2.835521849066402e-9	upregulated
ENSG00000109272	249.46943493299423	2.7644529145009424	0.4603891337528628	9.698990378218051e-11	3.039016985174989e-9	upregulated
ENSG00000091651	48.33386564055053	1.2098191303871793	0.1985532914514093	9.779790694461988e-11	3.0581563240142226e-9	upregulated
ENSG00000249992	90.80027696533391	1.9570255267365206	0.32561390898454423	1.0539940525335732e-10	3.289224900361312e-9	upregulated
ENSG00000277856	293.5468354883208	4.341284838557555	0.5320265113351351	1.0569940116611311e-10	3.2919632772819565e-9	upregulated
ENSG00000140525	400.8695739918547	1.0064993875545074	0.1646678767161165	1.0894988551703994e-10	3.379625448738579e-9	upregulated
ENSG00000158578	2533.283125594636	5.980363121809042	1.0103144410863119	1.284168139467053e-10	3.920757449435825e-9	upregulated
ENSG00000144290	61.139594821908894	-2.445488075824051	0.41055194338941264	1.3520136786227117e-10	4.095650811609035e-9	downregulated
ENSG00000183160	45.23458879674538	1.8763573022579674	0.3143689296747928	1.3806523398992395e-10	4.174252980864952e-9	upregulated
ENSG00000245648	90.20650509432888	-1.202053226538681	0.19915824787533432	1.4254487460811978e-10	4.284633730953368e-9	downregulated
ENSG00000213557	19.71216689939763	-1.8848372931605384	0.3156676095627216	1.4324753026142273e-10	4.297425907842682e-9	downregulated
ENSG00000222037	35.58475152300279	2.755295251050213	0.4641705899310284	1.4742409839553093e-10	4.405679703496503e-9	upregulated
ENSG00000154146	2047.0695801723905	1.7482894325208576	0.29321102299310503	1.6837110466907243e-10	5.021991987340987e-9	upregulated
ENSG00000100162	213.3964548813267	1.106560059339439	0.18429628122708283	1.8119150836760616e-10	5.383678725635195e-9	upregulated
ENSG00000146054	121.5008556825702	1.46665503595482	0.24730215804723865	2.0700059846012915e-10	6.080642579766294e-9	upregulated
ENSG00000211967	294.48813694782973	2.375714537563447	0.40387551589742005	2.159996425762478e-10	6.309142102368367e-9	upregulated
ENSG00000275713	83.20143543972767	2.2614826961156225	0.38535788108946856	2.3223396736002884e-10	6.757877736874385e-9	upregulated
ENSG00000125148	977.5949597381577	1.2880618555585877	0.2167245513199348	2.407940450220913e-10	6.980776894004927e-9	upregulated
ENSG00000143942	44.0890797156645	1.3215618307596313	0.2229816919850653	2.5592603478244874e-10	7.378090705345316e-9	upregulated
ENSG00000138722	250.57333604997112	2.0984969910400273	0.3580419574899705	2.6154657499898855e-10	7.526136137725998e-9	upregulated
ENSG00000158373	76.45817078734194	1.9309119973225877	0.32990001315338513	2.782865796364958e-10	7.948848711163995e-9	upregulated
ENSG00000072422	190.99718300261262	2.0345265474862995	0.3489984851822443	3.1007007697075866e-10	8.743976170575393e-9	upregulated
ENSG00000011105	26.55599865521481	2.1034808428758245	0.3611980777604107	3.180450364133523e-10	8.902493299066268e-9	upregulated
ENSG00000224650	831.8667370483887	2.4621369486575952	0.4232220733566841	3.181769312469309e-10	8.902493299066268e-9	upregulated
ENSG00000087589	211.49281272254137	-1.011673992874659	0.1706469781750227	3.268287005414642e-10	9.117109973737608e-9	downregulated
ENSG00000104341	116.4703142401846	1.2592786619296015	0.21439212980291714	3.3958819335915153e-10	9.405380141072215e-9	upregulated
ENSG00000142089	6781.372507053042	1.995089945822187	0.34045733849456133	3.412170480745698e-10	9.433647799708696e-9	upregulated
ENSG00000196141	231.00285271694435	1.409254356709228	0.24002328450957192	3.4547382199443214e-10	9.517404936294214e-9	upregulated
ENSG00000187800	287.5460049950022	2.0298524329912575	0.34906099742465024	3.5123503627839976e-10	9.658963497655994e-9	upregulated
ENSG00000136231	48.70737169956254	1.6612756467366274	0.28550290563442243	3.799061274429934e-10	1.0373845134931036e-8	upregulated
ENSG00000221955	14.8285196858054	1.8413669991499395	0.31733661727863005	4.004381280630893e-10	1.0896132221506166e-8	upregulated
ENSG00000082781	611.1688704631304	1.9882768253310754	0.3434322611913518	4.216262743996167e-10	1.1353165826281345e-8	upregulated
ENSG00000005249	1293.7986806444699	1.823240189214099	0.31509156181630776	4.342385332634809e-10	1.1652317735149809e-8	upregulated
ENSG00000088053	222.88535903943668	1.998742064968505	0.3464311339407796	4.6194307433245595e-10	1.2352994970511021e-8	upregulated
ENSG00000259207	1599.3054252543461	2.3554980388859743	0.4096521126079669	4.9324875885084e-10	1.3055099402349026e-8	upregulated
ENSG00000204323	131.81268208244663	2.063038158758756	0.3607413500836243	5.970160533519823e-10	1.558875250419065e-8	upregulated
ENSG00000142583	107.15728904152716	1.6694792108857401	0.290877385442885	6.117123368966146e-10	1.5892225033947224e-8	upregulated
ENSG00000135862	237.4871922622455	1.5423115362517987	0.2684512287065177	6.321869887535898e-10	1.6342033659280298e-8	upregulated
ENSG00000149564	594.2473014126474	1.9009922729530018	0.3323821776545869	6.406500270739582e-10	1.650578392012806e-8	upregulated
ENSG00000130821	81.91987396581993	2.4280941029496694	0.42673743664208796	6.503310030835957e-10	1.669972493017644e-8	upregulated
ENSG00000143546	43018.39416234534	1.8229645740535294	0.31868362828823127	6.589386242445414e-10	1.686491429378356e-8	upregulated
ENSG00000101856	749.5269906986817	1.0189430173170162	0.1755227315050825	6.760568764334446e-10	1.7274534025506962e-8	upregulated
ENSG00000088726	200.9111750908006	1.999513629392344	0.3509907257719617	6.897512388985319e-10	1.759546334755959e-8	upregulated
ENSG00000140479	228.488491515556	2.160093494201886	0.3798845119609131	7.181510122416826e-10	1.8231763890690724e-8	upregulated
ENSG00000068137	26.48760436849753	1.0980121949585742	0.19052441714855123	7.789297190372569e-10	1.9548867220498147e-8	upregulated
ENSG00000127920	596.9000333455365	1.678714842065201	0.2947565759348043	7.980361931397266e-10	1.996377637999542e-8	upregulated
ENSG00000186193	143.89581148909127	1.5565064827758341	0.2733382938434322	8.504665959366964e-10	2.1105179044765056e-8	upregulated
ENSG00000170271	493.3699927390558	1.895321101182093	0.3347536910283529	8.660291518438166e-10	2.145704815510798e-8	upregulated
ENSG00000065534	521.7877846641753	1.9766832701838473	0.3500297613259777	9.502607721401856e-10	2.343170838774925e-8	upregulated
ENSG00000133069	250.28594499171462	1.9220028175363644	0.34098365515973933	1.0214594755449548e-9	2.494934876488543e-8	upregulated
ENSG00000243264	176.6575186651209	4.36766608120815	0.5389924986794559	1.081880450722339e-9	2.6224595715849866e-8	upregulated
ENSG00000274576	201.42106643052412	3.722800212502372	0.6673814722143583	1.0791658560142996e-9	2.6224595715849866e-8	upregulated
ENSG00000175643	82.61433404639124	1.2256429357222163	0.21536555365926344	1.0821238722207552e-9	2.6224595715849866e-8	upregulated
ENSG00000211639	135.21685276552282	2.6689056131202387	0.47690301321230255	1.0931703905378592e-9	2.6450971540159436e-8	upregulated
ENSG00000211670	146.98484721680703	2.708366395576163	0.4860193945725208	1.2466020246345938e-9	2.974584215705008e-8	upregulated
ENSG00000047648	94.84265856026748	1.9401293042848993	0.34723314130621036	1.3136086932329956e-9	3.120072102916349e-8	upregulated
ENSG00000111452	77.17513005403214	-1.2527620878693968	0.22179911529147897	1.3422000099001101e-9	3.168572626111219e-8	downregulated
ENSG00000088340	23.35920506426615	2.5268899199103765	0.4551453056615603	1.4702137874973876e-9	3.465503927672414e-8	upregulated
ENSG00000234456	37.94196184164817	2.3428824202568697	0.4231723361960269	1.5798649695584702e-9	3.7014661144791354e-8	upregulated
ENSG00000163221	3719.4181108386783	2.3781151479434026	0.42767817079205134	1.5966683117700126e-9	3.735192385452925e-8	upregulated
ENSG00000182732	67.6927450994297	1.8217846281343726	0.3277663026508345	1.6309710287647807e-9	3.803964008442368e-8	upregulated
ENSG00000184497	38.90754377162358	1.517907943741992	0.27243904422367793	1.6480309172807867e-9	3.837981910964715e-8	upregulated
ENSG00000136842	56.46376377594705	2.1910954411591783	0.39808322415351055	2.005926091231055e-9	4.643569205222934e-8	upregulated
ENSG00000144354	183.42217369107377	1.3938073382067502	0.25095346270809005	2.1799729050165758e-9	4.994295385052746e-8	upregulated
ENSG00000168758	290.49228896291675	-1.0121807720596885	0.1805627525711135	2.1971286323531263e-9	5.018772472429601e-8	downregulated
ENSG00000254614	96.5053206650932	1.736995968618187	0.31648691819723185	2.446330044191245e-9	5.547160670381025e-8	upregulated
ENSG00000085733	237.43670515435383	1.7261922512878871	0.31469068572385295	2.511736105590926e-9	5.6788669092879396e-8	upregulated
ENSG00000122786	67.21566200852111	2.0144862392086686	0.369370908259503	2.7330095717560658e-9	6.10792196800239e-8	upregulated
ENSG00000253234	35.60503495305887	1.9212577299264668	0.35174319687342226	2.7817480099642255e-9	6.19898155668752e-8	upregulated
ENSG00000064601	5550.640275908497	1.1005868883968868	0.19646619070041613	2.9230721182556753e-9	6.485958305314095e-8	upregulated
ENSG00000166341	97.52508570752204	-1.2217742734439347	0.2217365266707922	2.95451904175061e-9	6.537031431890437e-8	downregulated
ENSG00000111644	660.261342158726	1.4850697283328214	0.2704132006395611	3.0318242939807387e-9	6.660565835643238e-8	upregulated
ENSG00000239951	3174.3351495409265	2.310188030535402	0.42522687576552465	3.095975760397212e-9	6.791878931225002e-8	upregulated
ENSG00000280011	20.21067597293095	1.110870610151829	0.20106098439586062	3.1006133757311325e-9	6.792445403614387e-8	upregulated
ENSG00000211935	295.13957375710646	2.936335195121539	0.5435252481011658	3.122291796059173e-9	6.830288541167528e-8	upregulated
ENSG00000240505	246.75299290979794	1.4433167129027438	0.26369731136452434	3.1639499865960597e-9	6.911671027057027e-8	upregulated
ENSG00000101003	32.583130817623775	1.5259377125087197	0.2790003140171489	3.2024086870445983e-9	6.956492820176712e-8	upregulated
ENSG00000238243	63.91935681713735	2.445360658587895	0.45374173831444337	3.546644899925955e-9	7.618900609120715e-8	upregulated
ENSG00000167553	232.53235339577117	1.1181612691560034	0.2030350790611555	3.5922927418835916e-9	7.695643705333495e-8	upregulated
ENSG00000110079	687.8480209788179	1.6564212711768014	0.30598309134586044	3.887269612744286e-9	8.270446048513563e-8	upregulated
ENSG00000211942	274.794253178281	3.1545478943529304	0.588861268168788	3.913255970810972e-9	8.314328781818929e-8	upregulated
ENSG00000185052	54.31119484226642	2.179767594767917	0.40525889962025047	3.998395060736355e-9	8.472009206560227e-8	upregulated
ENSG00000278196	535.0251768394262	2.225885615160128	0.4147583023209039	4.2390854765438874e-9	8.921060480487883e-8	upregulated
ENSG00000042062	77.5807837200583	1.4174646639042665	0.26145095656046735	4.299917609009915e-9	9.000232404283911e-8	upregulated
ENSG00000006327	89.35538228634798	2.064305933112869	0.38518267975661985	4.569600523599759e-9	9.513356257856679e-8	upregulated
ENSG00000124191	77.14538317189935	1.1659746709355367	0.21437842472354787	4.811980345714926e-9	1.0004532863544036e-7	upregulated
ENSG00000163606	219.8634196713867	-1.139827835706475	0.20981910309847124	5.075633476608176e-9	1.05244752970846e-7	downregulated
ENSG00000239819	81.67093346069491	2.2250563339003544	0.41730364733050207	5.090929391144698e-9	1.0542098111702839e-7	upregulated
ENSG00000086506	28.216369257561585	2.6521479909930323	0.49893042885173194	5.114695503689663e-9	1.0577190301630222e-7	upregulated
ENSG00000178229	94.61636344798468	-1.0273214508566761	0.18869337090835758	5.4777209591167354e-9	1.1208370986266564e-7	downregulated
ENSG00000079308	286.7831089023849	2.213914395873974	0.4165230327723321	5.625324019589802e-9	1.1495227344379162e-7	upregulated
ENSG00000049323	392.9454003777963	1.8570205648624023	0.3487909893649461	5.881963199791825e-9	1.195665127506831e-7	upregulated
ENSG00000134668	82.49251823135253	2.0473487428575856	0.38653304398239907	6.503505202381282e-9	1.3116952625348983e-7	upregulated
ENSG00000163430	108.85338656324382	2.0257381769325873	0.3827762740399258	6.5878460459811775e-9	1.3269804178333515e-7	upregulated
ENSG00000163220	73630.94538912301	1.5862744591045481	0.2953250512003772	6.697435171522952e-9	1.343819139848913e-7	upregulated
ENSG00000115155	145.2637610027403	2.7047488468093897	0.5135103867953527	6.692560088682345e-9	1.343819139848913e-7	upregulated
ENSG00000118985	618.9950938796605	1.2760790749012771	0.23810006550265106	7.314841213019487e-9	1.4508080206385196e-7	upregulated
ENSG00000185245	309.6416185171818	1.8046478357491371	0.3409552546501958	7.372156080771663e-9	1.4603083117850382e-7	upregulated
ENSG00000115641	65.15958465156342	1.838957792931378	0.3485228186533092	7.566777543434957e-9	1.491241673426635e-7	upregulated
ENSG00000211899	33906.18117300106	1.4482067314357345	0.2738396116370668	7.724476237750892e-9	1.5184616786757457e-7	upregulated
ENSG00000187699	320.2979195247682	1.633577110167352	0.30889781678016615	7.897388740631147e-9	1.5485271727836803e-7	upregulated
ENSG00000236008	22.795672607011557	1.1571469068623528	0.21628686772935385	7.932209831080236e-9	1.5533910919198794e-7	upregulated
ENSG00000116133	574.4030577330783	1.2438114747890472	0.23329252638152329	8.076177705490374e-9	1.5776009598508275e-7	upregulated
ENSG00000112290	112.6870406757148	1.3624335982258757	0.2569828489292508	8.211223307721896e-9	1.5999581437316776e-7	upregulated
ENSG00000279278	16.385186103481246	-1.4151727653683996	0.26643242771504727	8.523744299030141e-9	1.656682632555858e-7	downregulated
ENSG00000177469	19.539718504224485	1.719181964017385	0.32778217246154134	9.414041200763002e-9	1.8160669032815195e-7	upregulated
ENSG00000211638	374.84637932856157	2.686137898387126	0.5170978784238414	9.90877263519764e-9	1.9043997964301784e-7	upregulated
ENSG00000211713	14.857953943437607	-1.4983788114629744	0.28481287048772513	1.0654713672314458e-8	2.0301549024274845e-7	downregulated
ENSG00000085741	31.580527041649574	2.0759347537499293	0.39914686963106355	1.0683893969772636e-8	2.0332171223456882e-7	upregulated
ENSG00000134508	25.75076746828982	1.4762528961369252	0.2818879885144231	1.1011124215055233e-8	2.0903615247920033e-7	upregulated
ENSG00000134548	83.41924001884688	1.8502029652845855	0.3561752894082907	1.1689631954354694e-8	2.216457110171654e-7	upregulated
ENSG00000223648	102.3532721297758	3.2909079048121943	0.639195000749581	1.187511676114733e-8	2.2461348898218912e-7	upregulated
ENSG00000154920	25.689523002871308	1.0259621028101327	0.1931948839919428	1.2116370519369726e-8	2.2889757217469483e-7	upregulated
ENSG00000211655	74.30695648939417	2.7467099035408693	0.5323923652360832	1.3336307034979797e-8	2.4951281316349414e-7	upregulated
ENSG00000171611	156.04024382878123	1.5735010954017583	0.30308249076153465	1.356464296544156e-8	2.5317402213477566e-7	upregulated
ENSG00000166681	385.7581695319009	1.2363010191123411	0.23625996563895824	1.3635753501218827e-8	2.5419535673546153e-7	upregulated
ENSG00000143369	19.310908809095473	1.8873348903584686	0.3654046982831929	1.3979622835607562e-8	2.6029285735927167e-7	upregulated
ENSG00000184500	149.00696105532575	2.0523789023267165	0.39953526843748827	1.5139138093572744e-8	2.8020051531182967e-7	upregulated
ENSG00000144395	16.519176712867456	1.4002701600244665	0.2696662051893515	1.5439384237275538e-8	2.8507720180969475e-7	upregulated
ENSG00000211594	18.183755631196348	1.6275899419088826	0.31484293529683066	1.5593587553614343e-8	2.8758209626225735e-7	upregulated
ENSG00000165702	285.6301590938428	1.6259203351930074	0.3154011974089901	1.580386037175521e-8	2.9008032469340036e-7	upregulated
ENSG00000156381	232.40097627404901	1.4460003839197983	0.2804327919371811	1.7926596279552857e-8	3.263397984693249e-7	upregulated
ENSG00000180914	15.834687308183035	1.9201088330245284	0.37485315537116526	1.8241363786695986e-8	3.3090473956918683e-7	upregulated
ENSG00000148926	861.163266761346	2.088636049353043	0.4097641353415567	1.901956119532608e-8	3.4381514468474067e-7	upregulated
ENSG00000259630	19.161373762894907	1.5852418467177563	0.30894941304303236	1.906006357330934e-8	3.441462002584725e-7	upregulated
ENSG00000161640	38.66609802075314	2.193973336615424	0.4312451263831235	1.9314737767371924e-8	3.4833904973481225e-7	upregulated
ENSG00000171502	31.856459509268433	1.0140003703571203	0.1944063379282588	1.948783859808034e-8	3.510527022720395e-7	upregulated
ENSG00000135424	47.796680926686506	1.6866625418080814	0.3302651918002501	1.956679556955346e-8	3.5206612445913476e-7	upregulated
ENSG00000147036	42.20694653758431	1.5728826149016568	0.30757747648971345	2.04357838219272e-8	3.6516014640333054e-7	upregulated
ENSG00000175305	33.11640472653962	1.214754003570669	0.23532030609982071	2.089679637029341e-8	3.7211172411395036e-7	upregulated
ENSG00000275210	17.38269781072372	1.5356550166861735	0.30223294172409415	2.410550201267945e-8	4.22615237472129e-7	upregulated
ENSG00000142303	240.5194004815471	-1.040850117020318	0.20175002286268318	2.497284130275418e-8	4.356904033810094e-7	downregulated
ENSG00000173372	397.03885998794027	1.560620907197034	0.30716098773753836	2.5506185773503486e-8	4.4449543971577425e-7	upregulated
ENSG00000168497	2145.064155956705	1.5279493399251194	0.3001735344686976	2.6108571487810352e-8	4.538955501214464e-7	upregulated
ENSG00000135253	23.891934986398663	1.2185952554935136	0.23830269890901062	2.650214211677709e-8	4.597854857172402e-7	upregulated
ENSG00000170858	20.525758539468	2.0689492093085415	0.4121051136375721	2.6751359987681108e-8	4.6272898446858057e-7	upregulated
ENSG00000112312	155.7198876823675	1.0492916720713272	0.20393757301598867	2.691988155526722e-8	4.649525199579004e-7	upregulated
ENSG00000050767	18.1363319715665	1.6719607833750743	0.3314196095645368	2.7152432107057622e-8	4.6844741043433114e-7	upregulated
ENSG00000130830	2491.7961061005294	1.0386388308616061	0.19970689885887052	2.7662557164430548e-8	4.761889696118955e-7	upregulated
ENSG00000147454	1142.5681096914075	1.3708221279907935	0.2695618533749006	2.7929319627904614e-8	4.794028922570757e-7	upregulated
ENSG00000198478	581.2408501942705	1.6284653882584312	0.3243228491655208	3.2101409807636206e-8	5.459351602153921e-7	upregulated
ENSG00000165682	165.5430364236316	1.7473123352658004	0.34872565894825025	3.216178032661557e-8	5.463627742232284e-7	upregulated
ENSG00000242472	23.314782976890182	1.5823965901757	0.31481137467823056	3.2503310359619587e-8	5.506628126233003e-7	upregulated
ENSG00000108960	942.0876098579143	1.4246645471287787	0.28254999110447365	3.282238118857821e-8	5.545480743298998e-7	upregulated
ENSG00000110013	165.24413550878418	1.1200587062315919	0.22051898987966537	3.5776207496852386e-8	6.01831863640109e-7	upregulated
ENSG00000102230	53.23503763409538	2.2936395280283146	0.46286205316126283	3.634457434849273e-8	6.100696408496994e-7	upregulated
ENSG00000177301	17.608838355711857	1.1385707412048063	0.2248255314499553	3.7683263067188005e-8	6.298140195819892e-7	upregulated
ENSG00000143995	120.28627263891029	1.414962065635849	0.2822188439706375	3.886657835118855e-8	6.462971455708971e-7	upregulated
ENSG00000115414	176.41826542969403	2.6029344471083857	0.5276106091593773	3.887783602950658e-8	6.462971455708971e-7	upregulated
ENSG00000100678	24.465788663180415	2.045530967788601	0.41347119317345987	3.989116736463194e-8	6.596076821166753e-7	upregulated
ENSG00000148498	100.58921075683362	1.6183238923544996	0.3254899137187907	4.073013700684936e-8	6.727629658958825e-7	upregulated
ENSG00000211652	166.7585470249577	2.1303545839884293	0.43111225093474215	4.1595842826363524e-8	6.863314066349982e-7	upregulated
ENSG00000166823	11.081090144039072	1.3936261314148102	0.27822947416940946	4.197306993588352e-8	6.910852597723497e-7	upregulated
ENSG00000241755	967.0115453406096	2.6097264312541353	0.530706174177243	4.2638032748548034e-8	7.0054649145125e-7	upregulated
ENSG00000054356	24.325287166314823	1.914602134745051	0.3882369686092822	4.5597857500642e-8	7.42268693795572e-7	upregulated
ENSG00000211973	271.3746692566984	2.626463551536	0.5360141167176617	4.5549704633670396e-8	7.42268693795572e-7	upregulated
ENSG00000253239	31.061911403517932	3.812095868514151	0.5454294121464686	4.754256627309665e-8	7.697131554235167e-7	upregulated
ENSG00000197561	39.8535688774765	2.6137778642295295	0.5349967470790347	4.864756100795228e-8	7.85962157534729e-7	upregulated
ENSG00000259448	23.36455125825083	1.027980035858532	0.20413388929337745	4.9089905026950574e-8	7.914599032931427e-7	upregulated
ENSG00000108839	255.93048153305165	1.3811442897019195	0.278174277748811	5.168094308660071e-8	8.272150952251568e-7	upregulated
ENSG00000211968	52.25856900247032	2.2622740526543255	0.4644334447134601	5.630064527731485e-8	8.910438859705647e-7	upregulated
ENSG00000156535	50.31766524231297	1.3564550290346271	0.27470330128478204	5.836841821498127e-8	9.209503219881582e-7	upregulated
ENSG00000088836	18.765887711693843	1.60519546530013	0.32817714872282017	6.184738961094691e-8	9.667686732932186e-7	upregulated
ENSG00000204424	17.147598302276478	1.816216541203116	0.373042758686614	6.541762032499414e-8	1.014627291240659e-6	upregulated
ENSG00000277301	21.16676305543939	-1.6922460263216166	0.3465463686554473	6.583507785673057e-8	1.0200819755823088e-6	downregulated
ENSG00000013016	795.8368504274704	1.4175085532378553	0.28934614531039	6.735345938992905e-8	1.0425670210956085e-6	upregulated
ENSG00000147889	42.045366903317245	1.0780702605736383	0.2175708961010542	7.046910972571535e-8	1.087538200841637e-6	upregulated
ENSG00000264548	12.395976837985707	1.298335908325144	0.2644739643311942	7.05968909363728e-8	1.088427215132348e-6	upregulated
ENSG00000211900	19.47888898184261	1.4910082861467686	0.30614926401223314	7.543608108772905e-8	1.152874261001991e-6	upregulated
ENSG00000253394	20.44469292599254	1.9152163699732452	0.39674183983510963	7.603759378323518e-8	1.1596293801160055e-6	upregulated
ENSG00000106976	60.40320112729804	1.4444908345894016	0.2970050024314872	7.680749107833929e-8	1.1702202226179198e-6	upregulated
ENSG00000237111	31.6008908799592	1.456973565742473	0.29934463682456075	7.705000134907387e-8	1.1727630234780527e-6	upregulated
ENSG00000087237	43.38645178097723	1.7023291551405595	0.35282418438585017	8.301073938879247e-8	1.2548699492399329e-6	upregulated
ENSG00000170819	13.32500271694769	1.5100350485537102	0.3120543398681372	8.817402830513966e-8	1.322610424577095e-6	upregulated
ENSG00000241743	44.704619804715385	1.791132877925108	0.373076743062128	9.110949406304549e-8	1.3587579354979188e-6	upregulated
ENSG00000255552	22.884222796557903	2.0264015808413904	0.42226059927997767	9.186650113042083e-8	1.3687314433552612e-6	upregulated
ENSG00000154736	22.13726623674385	-2.0677617715508143	0.4325803132417451	9.495543621605948e-8	1.4093385796278302e-6	downregulated
ENSG00000109339	17.050027114755512	1.5034518731405868	0.31226810173037217	9.652565985866728e-8	1.431274363678709e-6	upregulated
ENSG00000241163	1233.316328656677	-1.0655512821768316	0.21799112871842172	9.686362288384612e-8	1.4339253831068693e-6	downregulated
ENSG00000276775	263.36092362284603	3.539925746275853	0.7486195501407346	9.922982087608923e-8	1.4643715716347705e-6	upregulated
ENSG00000101162	4252.875229310799	1.5392218186208861	0.31902710564764886	9.97014014984304e-8	1.4685363126691884e-6	upregulated
ENSG00000105173	122.20414611120941	1.013519721857108	0.2068788055003565	1.0174541483103878e-7	1.495802259743518e-6	upregulated
ENSG00000183963	131.34052097614196	1.0794400177658277	0.2214203968091031	1.0266650397689161e-7	1.5079142771605956e-6	upregulated
ENSG00000115129	240.34197434668147	1.076084846775073	0.22085429903503662	1.0523805184350768e-7	1.5391246711728994e-6	upregulated
ENSG00000277836	53.78757787609384	2.857556203632353	0.6056911890326278	1.0765862774021053e-7	1.570823439558481e-6	upregulated
ENSG00000183484	958.930256803366	-1.04564759077349	0.21463801765940763	1.135661393707429e-7	1.6477182615904794e-6	downregulated
ENSG00000127533	50.76223902759178	1.6309120691010757	0.341868961296911	1.1421636878875189e-7	1.6556036260874222e-6	upregulated
ENSG00000164691	5202.046787899145	-1.4926442898280494	0.3144080321344361	1.1952976559478832e-7	1.7245643389536435e-6	downregulated
ENSG00000180354	298.74534358373216	1.2674501116113701	0.26363740507749933	1.2346981285669305e-7	1.7764534298769103e-6	upregulated
ENSG00000013306	3094.866954328794	1.2935298062165081	0.2686198297595287	1.2845405179332682e-7	1.8345509606947504e-6	upregulated
ENSG00000110777	370.232439761673	1.11694835011243	0.23232883708586677	1.3404612060132523e-7	1.9056419161563282e-6	upregulated
ENSG00000106070	186.9007407554881	1.4926877395319038	0.31382774094085153	1.3458707476108257e-7	1.9112209182884747e-6	upregulated
ENSG00000099194	227.04129287704825	1.0566177909652763	0.21938103918428833	1.3536151060161364e-7	1.919064926353773e-6	upregulated
ENSG00000198753	61.60527887703398	2.793588218572313	0.5999407951055751	1.4465695305841545e-7	2.037810483138986e-6	upregulated
ENSG00000254554	41.370655038061756	1.1370215289316818	0.23757372428495704	1.4849382337651499e-7	2.0805232164135026e-6	upregulated
ENSG00000196793	21.554522741782577	-1.061900805308385	0.22053796802729492	1.5431262558248796e-7	2.15815042631595e-6	downregulated
ENSG00000124491	9330.95288003539	1.37476021932825	0.2878329474051374	1.557269956317374e-7	2.175969101124547e-6	upregulated
ENSG00000272506	18.269906556197622	1.3464143906454282	0.2837082544031704	1.578366323097105e-7	2.1955571005592916e-6	upregulated
ENSG00000152128	16.342299749870932	1.13716560589179	0.23767495191638358	1.5763680366253572e-7	2.1955571005592916e-6	upregulated
ENSG00000182809	364.9630229322379	-1.2701750594755783	0.2676427887778298	1.5848460674365766e-7	2.2006233219284963e-6	downregulated
ENSG00000167476	18.711863807104294	1.5971324603527388	0.3408814536706111	1.78907962044936e-7	2.4426606437649275e-6	upregulated
ENSG00000281344	36.69830285772363	1.660427704722596	0.3555156446486816	1.7990666076632146e-7	2.454135715466707e-6	upregulated
ENSG00000105246	24.11042147274475	1.173588895235475	0.2477436755756141	1.8069460925544296e-7	2.462718268499051e-6	upregulated
ENSG00000082146	671.9431826043942	1.0295550412770558	0.21501414517622464	1.8108660001317493e-7	2.4658939123830934e-6	upregulated
ENSG00000137571	14.957802926750636	1.2991848781451174	0.27564438789463136	1.8268392163754315e-7	2.4832845088503895e-6	upregulated
ENSG00000211893	5146.303082583582	1.9932879242095498	0.4282828221564604	1.8489460971318162e-7	2.504554931573316e-6	upregulated
ENSG00000176170	482.7198846325983	1.1561591117446322	0.24289490222633975	1.882782334480565e-7	2.542090298295182e-6	upregulated
ENSG00000095303	2329.4115661498763	1.3333837882614445	0.28326156975887823	1.9725008435926154e-7	2.6464955090070474e-6	upregulated
ENSG00000238000	42.96512133267167	1.1619210395811748	0.24670955901471092	2.159443743366975e-7	2.882355633358157e-6	upregulated
ENSG00000117984	3807.439568334038	1.1297277533445316	0.23928814155527517	2.1838951128016264e-7	2.907486111549633e-6	upregulated
ENSG00000268758	39.83557310307968	-1.28042997621784	0.2738046572847497	2.2495555384618246e-7	2.9795564817713834e-6	downregulated
ENSG00000103316	23.282101044640967	1.871160914075703	0.4066166817169653	2.334806780664344e-7	3.081944950476934e-6	upregulated
ENSG00000225936	55.111540804113396	1.4444098231215847	0.3125120665247926	2.500364592743594e-7	3.280935265097559e-6	upregulated
ENSG00000214274	44.060533814475875	1.2940010246417857	0.2786050849403328	2.571130938284166e-7	3.3680946666205583e-6	upregulated
ENSG00000143595	73.24876963215588	1.7486558735122892	0.3817811997003715	2.65420499051326e-7	3.462297678962209e-6	upregulated
ENSG00000211664	124.77858298072212	2.892457215578456	0.6397621184050921	2.703475182266297e-7	3.5206465219941447e-6	upregulated
ENSG00000189013	90.59334851161603	1.2791278769619532	0.2760262443305491	2.7480996105744395e-7	3.5697675845904153e-6	upregulated
ENSG00000196914	372.93131256840775	1.1524701683290528	0.24752706090771612	2.857063122262581e-7	3.6927540855243865e-6	upregulated
ENSG00000103876	248.1579307001893	1.0264419387937713	0.2211015420943193	3.446847040479629e-7	4.353468859758879e-6	upregulated
ENSG00000233968	26.683618283777424	1.7683130408431813	0.391135753595715	3.480306431129991e-7	4.388581524132208e-6	upregulated
ENSG00000124772	618.8456226754402	1.0081497343332486	0.21714018810917357	3.6044290094868326e-7	4.541404868979754e-6	upregulated
ENSG00000244734	101639.45318105811	4.447339170107575	1.0018828264663935	3.6162811989808547e-7	4.552639723716969e-6	upregulated
ENSG00000236304	164.05567118423016	1.6191815035401678	0.3577151543782993	3.6411263632082435e-7	4.5802003157631676e-6	upregulated
ENSG00000102362	49.445617600915796	1.8423115791593134	0.4093393366479506	3.6961716273742024e-7	4.638157114933162e-6	upregulated
ENSG00000197415	39.76215133991978	1.6299654187591568	0.36091608875476316	3.833154673909692e-7	4.782962911692625e-6	upregulated
ENSG00000163735	100.137649628455	1.8864219414223353	0.4210288177651557	4.0295073081703723e-7	4.991825746782945e-6	upregulated
ENSG00000142675	60.70416688509106	1.2158455090864742	0.26622507498676756	4.1020172503952427e-7	5.065155699041828e-6	upregulated
ENSG00000171817	64.22918749504417	-1.0466475122883185	0.22754704563806635	4.195075249309426e-7	5.159842753115718e-6	downregulated
ENSG00000185339	1087.3360149286145	1.3525254145122105	0.2973527451697782	4.2163770051808096e-7	5.1819340214226906e-6	upregulated
ENSG00000128383	3174.514619936153	1.2075553219787727	0.26366612573714554	4.258454983327064e-7	5.2219847315033365e-6	upregulated
ENSG00000102384	13.2811794979511	1.3622206688553342	0.30080800694366255	4.4537992430713915e-7	5.430693888367711e-6	upregulated
ENSG00000029534	430.42435179059083	1.6788497844104218	0.3752935617139281	4.539156631103095e-7	5.5304257147218384e-6	upregulated
ENSG00000211892	1694.9572194529028	2.366437621748245	0.5345444051054751	4.544070278131079e-7	5.532066720079516e-6	upregulated
ENSG00000140022	190.7108650336073	1.5649510121385415	0.34913890338883175	4.5904959834903813e-7	5.584203349328299e-6	upregulated
ENSG00000102024	23.761314549659787	1.5155650041271358	0.33898488841578095	5.114667490207434e-7	6.116306304789305e-6	upregulated
ENSG00000255491	12.493649838517994	1.322240710934107	0.29472760742178394	5.365661336013561e-7	6.377119334986232e-6	upregulated
ENSG00000104970	40.475398176535776	1.365956896737336	0.3049224946774684	5.436555667114442e-7	6.456430198847243e-6	upregulated
ENSG00000125245	371.1358382970686	-1.3414910250343224	0.3002203816876864	5.556387557132941e-7	6.578593206956635e-6	downregulated
ENSG00000184113	325.6345202582176	1.546729832579238	0.34821832215880655	5.824726958461574e-7	6.854439690875495e-6	upregulated
ENSG00000276566	237.6824999730921	3.7314075992933637	0.8633316803439844	5.930438837407092e-7	6.9577236284556724e-6	upregulated
ENSG00000139970	1117.291870897221	-1.1597339486614515	0.2597106636033241	5.927704789601852e-7	6.9577236284556724e-6	downregulated
ENSG00000162594	23.186065118803885	-1.689106803447694	0.3826515756938013	6.201637305628467e-7	7.248484899042766e-6	downregulated
ENSG00000267279	31.731271279537022	1.7211595378532083	0.39244909423834745	6.641828985622785e-7	7.664789253497723e-6	upregulated
ENSG00000011590	201.57728468271617	1.4172322830883488	0.320799593965949	6.978164159691641e-7	8.011201044916163e-6	upregulated
ENSG00000235641	14.18031186335602	1.6358363870490011	0.3723024120412701	6.999718725200897e-7	8.030002768333278e-6	upregulated
ENSG00000235257	12.882231450253828	1.379903444939406	0.312920311715803	7.024224047707275e-7	8.052159274201021e-6	upregulated
ENSG00000179348	85.57133163016334	1.1986112671838944	0.2695570912508638	7.090333097203388e-7	8.121939906766953e-6	upregulated
ENSG00000079215	56.55558821885781	1.7931098281763325	0.4113498731706418	7.147339375444952e-7	8.175164728108496e-6	upregulated
ENSG00000144677	206.27557166993458	1.3514574526671905	0.3055416542713332	7.190766747739165e-7	8.21322476394721e-6	upregulated
ENSG00000226321	49.9305274125929	-1.8364733242987954	0.42219857703896796	7.270765529262342e-7	8.291880394033745e-6	downregulated
ENSG00000163823	2459.6696574290318	1.0305750037519739	0.22945394663123744	7.720413128230425e-7	8.7467938362932e-6	upregulated
ENSG00000259781	62.54192254265962	2.212610529243327	0.5137552837529954	8.054464688330112e-7	9.092048567394473e-6	upregulated
ENSG00000146700	17.27236994592334	1.3276822058273179	0.3024138402853168	8.117892404172989e-7	9.150327848017664e-6	upregulated
ENSG00000150337	309.60959512481344	1.4113380016556036	0.3225342167272106	8.266709080488991e-7	9.297799698214957e-6	upregulated
ENSG00000078053	39.28469037956565	1.6404879986463927	0.37757287767201453	8.27482383597015e-7	9.30018244173167e-6	upregulated
ENSG00000126262	319.73312224539774	1.2256229286992932	0.27717068136121586	8.306255204523899e-7	9.328748604067029e-6	upregulated
ENSG00000136630	208.25296669343467	1.3633651293449804	0.3105964288500359	8.323014015549303e-7	9.334052594444663e-6	upregulated
ENSG00000150760	34.350883946432916	1.2073260957222738	0.2747748945663659	8.954193283100065e-7	9.96266411914505e-6	upregulated
ENSG00000211593	21.705929363725314	1.5093555912885677	0.34875367226717885	9.750247443397739e-7	1.0740506949367822e-5	upregulated
ENSG00000172331	732.222952801537	1.138779092299152	0.2588147850578676	1.0136042429177103e-6	1.1141744725480996e-5	upregulated
ENSG00000162367	89.7822202579465	1.4385279856730826	0.33372768423040133	1.071251664488535e-6	1.168432722659436e-5	upregulated
ENSG00000211976	141.2704465426106	3.2379684836776157	0.45915015576473917	1.074239225330239e-6	1.170867911797049e-5	upregulated
ENSG00000206172	1532.9154355535343	4.201346054688103	1.0085728052153604	1.1161191502913419e-6	1.2080256818575515e-5	upregulated
ENSG00000136929	108.55750745066918	1.4943894004423464	0.349180062362565	1.1972520167854096e-6	1.2886453005094867e-5	upregulated
ENSG00000168306	31.550839385019156	1.6993320823350004	0.39966896761734927	1.199272634475997e-6	1.2899250042110065e-5	upregulated
ENSG00000281106	20.48048643130784	-1.2530608024232563	0.2897529126856322	1.2085130962784223e-6	1.2971652680469433e-5	downregulated
ENSG00000276903	12.800476892414036	1.2809975173836967	0.29721456543356173	1.2336576704081696e-6	1.3186788744335433e-5	upregulated
ENSG00000232807	28.372323936459953	1.1090200693503152	0.25614569644076834	1.3331441712448514e-6	1.4069370372810655e-5	upregulated
ENSG00000142949	26.236445025215897	1.8098399341069344	0.4289525510050122	1.3359978262416906e-6	1.4086557637667315e-5	upregulated
ENSG00000171174	185.95734478335953	-1.0200126248602612	0.23525642617087072	1.410079103505595e-6	1.4757305597416855e-5	downregulated
ENSG00000183762	34.59080224268231	1.707148074228697	0.4047882548361821	1.4110668294515638e-6	1.4757684777339011e-5	upregulated
ENSG00000198876	1421.8498808935492	1.4432737477152577	0.33894280764598345	1.4205886719754174e-6	1.483725946285436e-5	upregulated
ENSG00000110799	133.29603619250148	1.5406342872950871	0.3636086355384402	1.4254692253155319e-6	1.4868209606350975e-5	upregulated
ENSG00000254709	204.40428903022362	1.3768156088588817	0.3229634547803003	1.424991023027675e-6	1.4868209606350975e-5	upregulated
ENSG00000169397	62.522080389229664	2.4636029163429454	0.5924490524309484	1.450253708870409e-6	1.5076028836849896e-5	upregulated
ENSG00000125319	35.51460589898729	1.10615049567548	0.25664545946726663	1.4516202376131646e-6	1.5080127183777752e-5	upregulated
ENSG00000164105	462.47921874553367	1.2340992238403083	0.28844571626385224	1.4759607928281043e-6	1.5312476185126353e-5	upregulated
ENSG00000174307	25.09707751085097	1.309535636798459	0.30722697140471655	1.497019969959967e-6	1.547679645246026e-5	upregulated
ENSG00000103184	64.27783012995242	1.8347491321486573	0.4377980616012789	1.4977866844063732e-6	1.547679645246026e-5	upregulated
ENSG00000074416	505.19429327466753	1.1793440851790398	0.27528007799025433	1.501047470564095e-6	1.5500163960352274e-5	upregulated
ENSG00000100095	69.2711707101484	-1.1325458575284069	0.2638808647733062	1.5032051964119473e-6	1.551211749590772e-5	downregulated
ENSG00000197980	47.77038906697689	-1.0485013075279852	0.24265019652608164	1.514934478190499e-6	1.5612381233710723e-5	downregulated
ENSG00000171552	721.5373038560059	1.1678012832644238	0.2713685054959039	1.5510698772129622e-06	1.5942408081890685e-5	upregulated
ENSG00000198795	24.591413244431685	1.6429681341561593	0.39157410196421094	1.5634587840531008e-6	1.6048475010366374e-5	upregulated
ENSG00000118402	21.623701213475808	-1.3696239622735256	0.32258863535367244	1.5805550584463486e-6	1.619181569121722e-5	downregulated
ENSG00000182782	492.0922358326138	-1.374872263991323	0.32608943225643716	1.6624804164012294e-6	1.6941571129029614e-5	downregulated
ENSG00000268555	90.29404451034245	1.781050488658618	0.4267311904865334	1.6656703915513408e-6	1.6962933534446023e-5	upregulated
ENSG00000104918	735.4503777040289	2.288405916017008	0.5532685115722684	1.6771022118407432e-6	1.704999536457002e-5	upregulated
ENSG00000172159	191.8015021514065	1.1502623585103031	0.26960810539665575	1.7075838424655827e-6	1.731021267754326e-5	upregulated
ENSG00000110944	141.27785625755922	-1.2593926951268528	0.29747084495411985	1.7142019161904446e-6	1.7343295316447355e-5	downregulated
ENSG00000128266	202.9830221923454	1.254659844590134	0.2963546808541071	1.7645198388568886e-6	1.7805922381698337e-5	upregulated
ENSG00000150594	27.06997204212519	1.727647351513445	0.41528529176726026	1.7691973028556114e-6	1.782992213599125e-5	upregulated
ENSG00000151693	69.69475387507711	1.140950362891039	0.2690439534010048	1.9116295557586643e-6	1.9116295557586642e-5	upregulated
ENSG00000279164	31.683551153642412	1.2782138350208525	0.3044994797333827	1.954987450028448e-6	1.951213342982061e-5	upregulated
ENSG00000134901	18.56223357300571	1.1321843501872988	0.26729756071836847	2.024231107093912e-6	2.0112635791817153e-5	upregulated
ENSG00000140284	31.033477654186193	1.3703772818353421	0.32780538982720103	2.0304017746677787e-6	2.014051332738915e-5	upregulated
ENSG00000086289	63.05142403842474	1.0974444247491684	0.25933998754192483	2.0695891371936092e-6	2.0460211858276914e-5	upregulated
ENSG00000236320	44.33167259869337	1.3013295404994334	0.31175979455741587	2.1811333846531854e-6	2.1492616769994222e-5	upregulated
ENSG00000198626	24.252392098770343	1.631342310487769	0.39767441230820005	2.344332409322719e-6	2.292597457036278e-5	upregulated
ENSG00000123095	33.64094677154399	1.168173767478262	0.27890630755941387	2.3442276795481727e-6	2.292597457036278e-5	upregulated
ENSG00000144668	29.387831269678305	1.568129815623292	0.381727657245555	2.3528971095336565e-6	2.2995232620584127e-5	upregulated
ENSG00000275832	14.360432016687787	1.0293924385005182	0.24425123514607802	2.4131257779823973e-6	2.349502876114688e-5	upregulated
ENSG00000133216	169.22134764195633	1.292332467685287	0.31224965164689644	2.5640172813051053e-6	2.476208470301506e-5	upregulated
ENSG00000188596	13.912978449122054	1.1996500844496283	0.28816707029173594	2.595688686681946e-6	2.5052353161441805e-5	upregulated
ENSG00000101470	17.859863075087944	1.1720431524086992	0.28178595578452803	2.602499625424008e-6	2.5102468401944257e-5	upregulated
ENSG00000135636	2102.7488671116	1.3289892762559297	0.3205765996184938	2.623221772242734e-6	2.5286618823794163e-5	upregulated
ENSG00000108576	43.50946620208923	1.328299803695932	0.3221788763536414	2.634950608544379e-6	2.5368146454701006e-5	upregulated
ENSG00000254639	13.569493868142327	1.1100336421391732	0.266405439871338	2.6898639353226247e-6	2.581670150795415e-5	upregulated
ENSG00000108387	72.66853228397567	1.2304151666163126	0.29940112464535806	3.030414423261662e-6	2.8800078250483078e-5	upregulated
ENSG00000138735	207.35958366286042	1.0732776299615912	0.2598140784734463	3.454167371582366e-6	3.239065050377418e-5	upregulated
ENSG00000132967	123.70737948935208	1.2202737948603537	0.29931194171929176	3.5497308905003188e-6	3.320646930739442e-5	upregulated
ENSG00000198959	137.5133473300032	1.0770149323693141	0.2627450405318533	3.7373680119860794e-6	3.477299212111823e-5	upregulated
ENSG00000144893	58.22648265570181	1.1121105246185239	0.27219830814849266	3.7741621593810757e-6	3.5052248558084125e-5	upregulated
ENSG00000167641	56.40101167001241	1.109409694151475	0.2716101527106412	3.8064792144786906e-6	3.523182502607137e-5	upregulated
ENSG00000253998	198.6343322436549	2.555375671081458	0.6522874045494448	3.8421776451397456e-6	3.5513811249176075e-5	upregulated
ENSG00000184979	328.2998548591897	1.9096198835768898	0.4829618929545642	3.996450463559636e-6	3.6663804120880916e-5	upregulated
ENSG00000115607	574.6229093261219	-1.015576463739464	0.24848699719393086	4.0334446708026965e-6	3.692959081708962e-5	downregulated
ENSG00000156206	21.118053823145043	1.5280248972590575	0.3837969895561444	4.142608141367766e-6	3.7819953207949596e-5	upregulated
ENSG00000185340	858.8320587791721	1.115696599389997	0.2751824191021961	4.65467968937303e-6	4.202216646226757e-5	upregulated
ENSG00000269970	29.16533219428526	1.318301700838425	0.33087876899973995	4.685521248054569e-6	4.225141544030602e-5	upregulated
ENSG00000196584	20.730744086854134	1.1810826149241762	0.2936501688102202	4.827160574566703e-6	4.3427645308311814e-5	upregulated
ENSG00000169902	248.6348104122711	1.7942957067433003	0.45905940761829933	4.895791860612798e-6	4.401955464237942e-5	upregulated
ENSG00000224746	13.166255013912203	1.0345265729141957	0.2553368014302597	4.912027193598132e-6	4.4114384350148826e-5	upregulated
ENSG00000180066	13.380586004345583	1.1478824359199704	0.2856024544026451	4.920747388141736e-6	4.41671249942583e-5	upregulated
ENSG00000211974	110.83086369727066	3.0145981555643373	0.7861488636863075	5.049508437485534e-6	4.519208070709788e-5	upregulated
ENSG00000126709	2762.2249524895924	1.7937006564208164	0.4612501851686205	5.38997548839259e-6	4.782524017446743e-5	upregulated
ENSG00000173114	287.29118285449476	-1.3808775672233689	0.351966046344895	5.698253956807845e-6	5.0222849530055414e-5	downregulated
ENSG00000063660	30.659040281498044	1.0425041100785595	0.26099838573367695	6.116292443377854e-6	5.3655936536646215e-5	upregulated
ENSG00000237973	210.2283124128002	2.3544978874648774	0.6187689458006579	6.3522256650783965e-6	5.544658412271364e-5	upregulated
ENSG00000183691	46.23947076046449	-1.5953426103430666	0.41315957877596243	6.593800466031622e-6	5.726195141553777e-5	downregulated
ENSG00000061918	243.03247007789494	1.1378871807863116	0.2884132749558787	6.827414572122082e-6	5.882955556311861e-5	upregulated
ENSG00000112053	21.9834876798258	1.555994452128901	0.4052485051543781	7.184680783641229e-6	6.136543473689684e-5	upregulated
ENSG00000156265	690.6560217051863	1.1431257558203878	0.29063434925977466	7.32469621118942e-6	6.231817785822704e-5	upregulated
ENSG00000170837	209.85099761149527	1.1537973154292283	0.29504188259289604	7.540515958468328e-6	6.383919351301515e-5	upregulated
ENSG00000197093	59.22088379208996	-1.0321278034148453	0.2617345959448045	7.716735337401937e-6	6.50824171196868e-5	downregulated
ENSG00000166033	60.28341221138806	1.6224818565441719	0.4264173460794958	7.932990029305633e-6	6.672487817490802e-5	upregulated
ENSG00000136315	52.34271464239595	1.8509923114535347	0.4893495954910392	7.951112170106918e-6	6.6841056779598e-5	upregulated
ENSG00000127831	75.03355815453092	1.4148640544960787	0.3691198306245752	8.051546293863553e-6	6.750242325287767e-5	upregulated
ENSG00000225698	163.46648916710942	2.0932531135475045	0.5578848577116794	8.161444082993538e-6	6.834989078144158e-5	upregulated
ENSG00000131355	189.54354551475842	-1.2423527488662214	0.32167858555715856	8.21243822550829e-6	6.873983641534463e-5	downregulated
ENSG00000166086	195.3684066932955	1.2455092126854101	0.3226047427130581	8.664507747880675e-6	7.225081460732756e-5	upregulated
ENSG00000172382	10.892736962310593	1.1392851914441053	0.29443920397712103	8.864689690182495e-6	7.368238858238504e-5	upregulated
ENSG00000135960	138.57767268343775	-1.1028600940751379	0.28434817797972006	8.949486495538394e-6	7.426780928079213e-5	downregulated
ENSG00000155659	488.2222728260544	1.6836222229291198	0.44603203122111734	9.021245581266274e-6	7.478328111461246e-5	upregulated
ENSG00000166963	329.61785523415847	1.2417034627903558	0.3232992464642154	9.087249146968391e-6	7.524999160143072e-5	upregulated
ENSG00000198829	30.016990647306695	1.5376759140145402	0.407726750249915	9.419807173420975e-6	7.775476809992512e-5	upregulated
ENSG00000103089	16.505523769409734	1.3431938605632299	0.35353790531158247	9.827560099423368e-6	8.077660685853547e-5	upregulated
ENSG00000165092	447.0394334379085	-1.1204064293792566	0.291459703235418	9.972580440261265e-6	8.166564024733487e-5	downregulated
ENSG00000185222	20.301957957195597	1.1057092260805652	0.2870903838658131	1.0006363234553025e-5	8.185585114341636e-5	upregulated
ENSG00000255398	339.8266471228123	-1.0645125167229814	0.275879939027315	1.0074242628495793e-5	8.232429039408311e-5	downregulated
ENSG00000185630	49.38009286648843	1.1681160536732371	0.3051727195998511	1.0333593671884496e-5	8.431038287792137e-5	upregulated
ENSG00000164171	16.407530342265378	1.2505028694511056	0.32848291927413104	1.0538285266075776e-5	8.562011758870366e-5	upregulated
ENSG00000261253	64.48725735414368	1.6135472268084823	0.4328367262767166	1.0742543521112572e-5	8.705164577453292e-5	upregulated
ENSG00000267767	21.59001924751342	-1.0975332111616694	0.2858019749478123	1.0886426087507549e-5	8.798773768485779e-5	downregulated
ENSG00000101188	37.48874461558893	1.8033692380512132	0.48728876025405093	1.098723941574695e-5	8.870699562131479e-5	upregulated
ENSG00000136158	115.31089840377376	1.449198203707221	0.38838320962171474	1.1944492783121937e-5	9.529137088828788e-5	upregulated
ENSG00000162614	111.8962071559786	1.1216937174187647	0.2954803013091905	1.2641234510885674e-5	1.0018678960850118e-4	upregulated
ENSG00000277435	19.385729365343295	1.4300188257642912	0.38588936334112167	1.3417830859239613e-5	1.0537243373509185e-4	upregulated
ENSG00000249138	22.692512398059858	1.4486915403230674	0.39281650979560634	1.3748240024350289e-5	1.0736918568865709e-4	upregulated
ENSG00000117479	83.54269281951241	-1.0955751661945425	0.2909950712471394	1.4023817674192665e-5	1.0919147195116878e-4	downregulated
ENSG00000163251	43.78241466049038	1.0499701413292133	0.2797509603093034	1.5283839682709217e-5	1.1799519834684916e-4	upregulated
ENSG00000248905	129.7515559096956	1.2375742958029912	0.3343797916849542	1.5449118053385576e-5	1.1909335040159558e-4	upregulated
ENSG00000229754	849.8168988231992	1.106303151289673	0.29670915330026376	1.6293875006059984e-5	1.2449162627782776e-4	upregulated
ENSG00000156510	56.24144683078149	-1.0262798162893119	0.27358715671717554	1.6729306809722026e-5	1.276156580834153e-4	downregulated
ENSG00000137959	1415.0188986457565	2.1313384534324684	0.5989989692018074	1.7260819355788384e-5	1.312973556686012e-4	upregulated
ENSG00000165997	842.577199377892	-1.7729998667100253	0.4960906973439125	1.738701350488862e-5	1.3212767244528295e-4	downregulated
ENSG00000168386	38.135364226324555	-1.415095980709304	0.3911788078544252	1.8254053859787156e-5	1.3801081326417222e-4	downregulated
ENSG00000211642	167.86235699624075	2.18863682635866	0.6211616494177831	1.8765237816606676e-5	1.4128584394930562e-4	upregulated
ENSG00000019102	86.19925578602063	1.0482313625356665	0.2832762845001905	1.900570991231276e-5	1.428190701259549e-4	upregulated
ENSG00000164047	12.472628621039526	1.1253619427902117	0.3074667962031528	2.0399119188823073e-5	1.5116143768636702e-4	upregulated
ENSG00000008394	436.9011567893206	1.0420332980069573	0.2827715819096691	2.074487887217645e-5	1.5343494101452396e-4	upregulated
ENSG00000197461	24.820675599526297	1.5587918240922674	0.438510629522803	2.102230609264574e-5	1.5519084602424343e-4	upregulated
ENSG00000110436	14.56899536927746	1.0920261185131457	0.2988969926050765	2.150495947187081e-5	1.5815169341333154e-4	upregulated
ENSG00000090659	25.634602020825632	-1.0813524623125308	0.29556573303990646	2.1637574920011998e-5	1.5882573923775963e-4	downregulated
ENSG00000186152	14.612114215526894	1.4428600736997823	0.40473193622206577	2.163082528849731e-5	1.5882573923775963e-4	upregulated
ENSG00000177706	122.3551171056523	1.0177705185850818	0.27739135276512794	2.284632160198557e-5	1.6698701604467303e-4	upregulated
ENSG00000177324	57.24584907996075	1.2913267506438406	0.3620153961636536	2.5041124019174707e-5	1.812355732792346e-4	upregulated
ENSG00000166147	13.453995249215902	1.2896914967677955	0.3620813511262439	2.5174310047611943e-5	1.8202962649811714e-4	upregulated
ENSG00000169439	30.609660957287105	1.430913944868689	0.4061045717637367	2.5446033558803912e-5	1.838229997657423e-4	upregulated
ENSG00000287789	33.07408786298553	-1.1367390071285934	0.31583692308544153	2.5640544210167533e-5	1.8505576579790528e-4	downregulated
ENSG00000183625	17.413978488768826	1.0046588260827645	0.27707306378430085	2.8107896218946563e-5	1.9912809736024828e-4	upregulated
ENSG00000170955	49.83906895615623	1.6664549552280672	0.4833412357316193	2.94532433367994e-5	2.070806002510239e-4	upregulated
ENSG00000091986	13.174148082842546	1.04888041498945	0.29254490119261906	2.9859628571838554e-5	2.0936837212894033e-4	upregulated
ENSG00000121316	6276.581839607049	1.1231118730166136	0.31733639902408795	3.141816694513333e-5	2.1891094758266755e-4	upregulated
ENSG00000177076	35.390704093161474	1.4655192328725988	0.4242430911493653	3.234553802963258e-5	2.243646220212886e-4	upregulated
ENSG00000259161	15.518922154198165	-1.3834979394982903	0.39855439828237677	3.257193350192907e-5	2.2543091861442207e-4	downregulated
ENSG00000220412	40.1398212492743	-1.4919110273186593	0.43314475308605255	3.274793940882839e-5	2.263460517963139e-4	downregulated
ENSG00000117525	21.81044244982112	1.665334222644922	0.48787484109081564	3.340076833726032e-5	2.3017506176236844e-4	upregulated
ENSG00000174059	34.46162997690802	1.5499657658537185	0.45253750567561934	3.415099846398237e-5	2.3468408780521335e-4	upregulated
ENSG00000184106	24.723436861523222	1.2156445161445315	0.34844667952007025	3.447620933673001e-5	2.3660442779322233e-4	upregulated
ENSG00000182175	16.139454536237203	1.3191569956018225	0.3822924135937624	3.626110421009734e-5	2.462389344564841e-4	upregulated
ENSG00000125968	409.84279747217766	1.0147463275750517	0.2861301879791548	3.642398410796512e-5	2.472367586496888e-4	upregulated
ENSG00000121797	311.10858336799873	-1.446366531210395	0.4237558968332813	3.709396944184976e-5	2.511250397394543e-4	downregulated
ENSG00000149131	601.107938057448	1.5157541486557966	0.4453112943953026	3.847675831887909e-5	2.5849475689407314e-4	upregulated
ENSG00000134531	291.040952376585	1.4721277041123515	0.433649360363516	4.012410391739578e-5	2.682658847015699e-4	upregulated
ENSG00000099256	18.995036396202135	1.2464209768838428	0.3647518015180514	4.3890154096513275e-5	2.904165059884475e-4	upregulated
ENSG00000211821	106.83316046643785	-2.143599798323343	0.6562291091907729	4.4243426360123154e-5	2.9249876744831137e-4	downregulated
ENSG00000151012	13.348579418424155	1.2342951134733315	0.3624998603204609	4.697711393611145e-5	3.0832827125543404e-4	upregulated
ENSG00000181773	12.260967791561965	1.005296299476416	0.29002060576518757	4.7927086672630224e-5	3.132528926643467e-4	upregulated
ENSG00000166886	170.22557652074624	1.141454688618797	0.3327839972955438	4.8277992471146626e-5	3.152807003063091e-4	upregulated
ENSG00000286010	18.546994927093046	-1.247697580360571	0.36865589138724414	5.073649395701673e-5	3.2953225346454336e-4	downregulated
ENSG00000139567	26.00164070742215	1.1914500973675952	0.3514580430932621	5.084083315527468e-5	3.300717129503182e-4	upregulated
ENSG00000105855	12.483421631983186	1.0541090254328844	0.30871452915239683	5.435691219185051e-5	3.504055312118044e-4	upregulated
ENSG00000117586	138.20356953128785	1.067639621135924	0.3158537004980941	6.056098676685892e-5	3.8417214918363263e-4	upregulated
ENSG00000265531	26.694624359647207	1.3208719830832187	0.4000623031083487	6.122499769079441e-5	3.8711769840367764e-4	upregulated
ENSG00000196935	57.808388661618736	1.2534770710100045	0.3774908132986693	6.132797213942529e-5	3.876107774582258e-4	upregulated
ENSG00000105708	288.0147226000638	-1.0935969633182954	0.32522764111121477	6.201498603274724e-5	3.91155930609154e-4	downregulated
ENSG00000142494	21.851271715939575	-1.124998677521557	0.33456510625362484	6.216835180811734e-5	3.919638766438617e-4	downregulated
ENSG00000121966	9376.521150766586	-1.0149676365961389	0.30089702178988287	6.344372083927752e-5	3.988848584220362e-4	downregulated
ENSG00000226726	13.315007342193255	-1.076988820790609	0.31944555880760916	6.464079366104021e-5	4.0557391168395375e-4	downregulated
ENSG00000135114	1225.9936015854314	1.1681401155769449	0.35048826402074335	6.495535815139952e-5	4.0688917808085883e-4	upregulated
ENSG00000125538	3131.571517936014	-1.4891991155232622	0.4615360766267314	6.578319739426583e-5	4.106717493046117e-4	downregulated
ENSG00000261150	169.62561784300644	-1.0463035404723122	0.31095816937625625	6.567664928167363e-5	4.106717493046117e-4	downregulated
ENSG00000115457	63.70480828237554	1.6814153508104608	0.5279550315964384	7.23170915011961e-5	4.470458705394785e-4	upregulated
ENSG00000137965	694.9843323887626	1.0934436445660003	0.33189329173230064	8.225399054806133e-5	5.001016830264332e-4	upregulated
ENSG00000127903	23.71569799627632	-1.3657280853824567	0.42683493675120454	8.524402332007188e-5	5.148500006597799e-4	downregulated
ENSG00000287095	18.27583000036867	-1.0231915581473963	0.3122257368709204	9.497924746645385e-5	5.637688971315344e-4	downregulated
ENSG00000198794	32.20141601308839	1.5018663371785836	0.48158136430657944	9.879762602974329e-5	5.835305330241121e-4	upregulated
ENSG00000251661	97.1755259690401	1.142183227811322	0.35665184343289463	1.0142707277480185e-4	5.980015096593017e-4	upregulated
ENSG00000105507	30.66845631424081	1.0977072318690317	0.34301209045693093	1.0979381821983075e-4	6.413943957022881e-4	upregulated
ENSG00000233392	84.70804968427663	-1.5401566807351683	0.5031428542844116	1.1281648509608663e-4	6.567878505825593e-4	downregulated
ENSG00000115590	157.56503443900579	3.5490892951900452	0.49116322327520084	1.1812415813984263e-4	6.831117422628483e-4	upregulated
ENSG00000275302	2206.479703982521	-1.2393950668408997	0.4001052811796746	1.2640604681342913e-4	7.239873656116271e-4	downregulated
ENSG00000152433	16.82172762078469	-1.0969326112358069	0.34952875497436625	1.3578210794576388e-4	7.719869846916414e-4	downregulated
ENSG00000183019	972.486865944592	1.1096235753733312	0.3570022735680172	1.5117253298433596e-4	8.437157202544264e-4	upregulated
ENSG00000165716	65.82792937538619	1.185849136157945	0.38819144465992717	1.5801989665949196e-4	8.778254287925216e-4	upregulated
ENSG00000177875	27.133620954704444	-1.2871752759746506	0.427820423494521	1.6186360214497287e-4	8.962886359402104e-4	downregulated
ENSG00000178342	17.89468877713264	1.313156052949941	0.44027302548275254	1.731624144695646e-4	9.496990977450308e-4	upregulated
ENSG00000237296	33.73109024055668	-1.3997336827054592	0.47627447031773357	1.8515742886544013e-4	0.0010062339599519888	downregulated
ENSG00000118520	13.45333618971744	1.0925234787040083	0.361838919379852	1.988698683311799e-4	0.0010702538715532965	upregulated
ENSG00000149054	17.546480147897817	1.4725825111888433	0.5102246180341743	2.0830014532489025e-4	0.0011113640364599406	upregulated
ENSG00000283632	14.09004187844301	2.287532603672707	0.43405616746843273	2.134617148473601e-4	0.00113422103366994	upregulated
ENSG00000167306	13.444401735417586	1.019016076959051	0.3388026773241699	2.2342693856679144e-4	0.0011766899209408948	upregulated
ENSG00000282572	19.510199702733672	1.0515535978716566	0.35184827517900813	2.2405612406481467e-4	0.0011784030126297984	upregulated
ENSG00000130558	148.60279076759718	-1.5484835942789092	0.5512215978158624	2.3691618059788736e-4	0.001236812507934444	downregulated
ENSG00000088882	33.32249127464213	1.0976971821309653	0.3720071667320445	2.3949257990166115e-4	0.0012480473102948976	upregulated
ENSG00000180190	46.18295057569178	1.002434859012655	0.3371459303555226	2.575640675145626e-4	0.0013324945587561258	upregulated
ENSG00000156395	18.60022928573121	-1.0562702696053603	0.3596331028002194	2.696251971346111e-4	0.0013842723626474075	downregulated
ENSG00000283633	73.52479222058147	1.0525124731992477	0.35995558091022106	2.8173926119393685e-4	0.001440268932471312	upregulated
ENSG00000145632	539.9709768692084	-1.162173523640998	0.4074822954878	2.916946932378337e-4	0.0014842724150242723	downregulated
ENSG00000157601	4249.117622507491	1.3237473272868938	0.4723182608884153	3.121390176715487e-4	0.0015698042036594423	upregulated
ENSG00000225964	36.362706626454994	1.2924982201833726	0.4641949851273436	3.187108287579353e-4	0.001596642427014075	upregulated
ENSG00000172572	21.17031296310707	1.2899770329902644	0.46757478460955826	3.385292864773264e-4	0.0016780406625961435	upregulated
ENSG00000010030	120.20442990498964	1.216336603565463	0.4389056537555729	3.6033990796970197e-4	0.001771433271825698	upregulated
ENSG00000088827	1459.2592114638383	1.7233732446687269	0.6524281190497236	3.6435035484361347e-4	0.0017866184013988129	upregulated
ENSG00000211685	67.70439051818772	1.7002925419577635	0.6470324998785663	3.6574118753168565e-4	0.0017916353213829977	upregulated
ENSG00000074181	22.3289146682217	1.422921014534522	0.5342312954427759	3.962230106735869e-4	0.0019144607151237796	upregulated
ENSG00000166831	54.61847629597675	1.4917544043915354	0.5699582502769641	4.2959672483995496e-4	0.002054593031843263	upregulated
ENSG00000257957	30.282508522023743	-1.100863288884015	0.40362087959118403	4.5186065623466107e-4	0.0021458538818737273	downregulated
ENSG00000120279	14.816188637696856	1.150745189650945	0.42959048745955447	4.93028012241424e-4	0.0023158281253375184	upregulated
ENSG00000253755	312.24615031773243	2.004966607331546	0.8179177524358867	4.983028826185154e-4	0.002333537955740693	upregulated
ENSG00000134765	53.46647064356776	-1.164312396343078	0.43693133107730536	5.000098856109976e-4	0.0023408250304336165	downregulated
ENSG00000187608	2376.9222236299374	1.925697940472318	0.35058225265408344	5.203737794483472e-4	0.0024244509820498246	upregulated
ENSG00000116285	35.56396049719147	-1.2122428723121923	0.46924303365169306	5.864673460756845e-4	0.002691952807822985	downregulated
ENSG00000112149	5002.180397231291	-1.2836720590017423	0.504886578859212	5.926545675059327e-4	0.0027163334344021913	downregulated
ENSG00000004809	113.03152381411161	1.1484183744537269	0.4447537289371989	6.552067221837099e-4	0.002951305553348165	upregulated
ENSG00000263155	28.23499004974673	1.2229098502770743	0.4858096197190759	6.968917032989115e-4	0.0031024082428720194	upregulated
ENSG00000130844	2675.3156819597166	-1.347843303552211	0.5507854930394807	7.123969474527702e-4	0.0031545212923877177	downregulated
ENSG00000114315	51.71655590441979	-1.2386599934548284	0.49928843998355465	7.403133569301552e-4	0.0032629326984901126	downregulated
ENSG00000115009	87.47842514194859	-1.922383897843158	0.8578809011589171	7.977231088512386e-4	0.0034813408605184892	downregulated
ENSG00000276758	94.93439859407077	1.2284430420319927	0.49961963885701705	8.133823892046205e-4	0.003538726747984198	upregulated
ENSG00000145708	15.33207853890095	1.1961493914595953	0.4862662917092727	8.229123982726141e-4	0.003576175762736969	upregulated
ENSG00000007038	45.918907406213556	-1.3848700871233246	0.5948903274871042	9.275507618151815e-4	0.003955543666690532	downregulated
ENSG00000177575	3841.174967967747	1.129051836574814	0.4600311805457529	9.562353585547332e-4	0.004059561704639254	upregulated
ENSG00000122025	488.28309161201213	1.0518940562634327	0.42344331271934915	9.569727874219024e-4	0.004059561704639254	upregulated
ENSG00000204872	23.87248307039425	1.2189854975691627	0.5113123218070573	9.665636166586002e-4	0.004093774356738091	upregulated
ENSG00000091129	32.4840775484136	-1.369730336771324	0.6006623565593094	0.0010570283647395866	0.004407126327180373	downregulated
ENSG00000158966	23.555925656358667	-1.1482167865911164	0.48389980732572874	0.0010695885161703309	0.00444992432559062	downregulated
ENSG00000225234	25.741898368432913	-1.0279978289118326	0.4223704494469281	0.0011011470469910682	0.004553130018350164	downregulated
ENSG00000110203	670.5800152585999	1.2049576968405542	0.5148154543399898	0.0011151587519305528	0.004604928712045493	upregulated
ENSG00000005381	229.81761631735935	1.748840201610381	0.3891254147570807	0.001265978593594921	0.005117364604289086	upregulated
ENSG00000183722	28.662334187214476	1.0127555220737414	0.4263997607434835	0.0012965755933537816	0.0052247044564606784	upregulated
ENSG00000137878	43.87203237239117	1.1440794273304211	0.5017280148115482	0.0013480432928045163	0.005409454159068357	upregulated
ENSG00000123610	348.9193609134093	-1.5594803717991188	0.7611741634245339	0.0014457472140334987	0.005740903720656759	downregulated
ENSG00000249790	23.820254902852838	1.1287982502995277	0.5052774952578677	0.0015127648335233786	0.0059702245719968445	upregulated
ENSG00000173391	285.8383861852671	-1.9568970406921071	1.050817011154357	0.0015842861998893172	0.006187932248875172	downregulated
ENSG00000102174	25.27281477433316	-1.0285795795135428	0.4544716001634735	0.0016239226408464058	0.0063141238805534605	downregulated
ENSG00000133328	25.252526084980204	1.047925912349468	0.4681150217517925	0.0016904763155102648	0.006530333164025954	upregulated
ENSG00000162772	1000.1397602606337	-1.1675715455342297	0.5495440875290638	0.0017181174244705482	0.006611760416302231	downregulated
ENSG00000153234	8605.281868547181	-1.1352737485778575	0.5457252028225339	0.002032327156481233	0.007645256899593482	downregulated
ENSG00000182795	26.654334939153255	1.0183928898437788	0.4795978028537707	0.0022510693845274213	0.008324770184554197	upregulated
ENSG00000228668	23.631871185093015	-1.0341616315449487	0.5027375579395774	0.0025034086926089267	0.009114523197738134	downregulated
ENSG00000177535	30.833186734815598	-1.0723795037235535	0.5630769242170816	0.003142795168256178	0.01099499387035505	downregulated
ENSG00000198435	89.65631710800028	-1.306579348984165	0.7736589841056337	0.003313242165469022	0.01148857276691807	downregulated
ENSG00000197279	65.87016842243771	-1.1156759121052493	0.6355467085022403	0.003777054210740929	0.012816038242964735	downregulated
ENSG00000124466	163.92565455838493	-1.0978723697356556	0.6246739446075336	0.0038780634111183626	0.013075818153575176	downregulated
ENSG00000134321	543.6509598809464	1.9522967560013924	0.4743682271822125	0.0046025034534505176	0.015078417206235786	upregulated
ENSG00000187010	71.4381280009505	1.142456204776683	0.8118370988636541	0.005899008201132034	0.018512285243359607	upregulated
ENSG00000280411	899.1336099602418	1.0784245029087374	0.7357531491610559	0.00611221336946869	0.019082212029077974	upregulated
ENSG00000106341	51.39825497561739	-1.0729774145477697	0.8062054250716655	0.006830610344541813	0.02094144424665814	downregulated
ENSG00000213025	14.95147668730705	1.1036827346356197	0.8914076529639117	0.007221614207964569	0.021982321576907382	upregulated
ENSG00000134326	954.5479748489187	1.2845815725999576	0.39764779136257644	0.007857791139962786	0.02352786497699282	upregulated
