gene_id	ensembl_gene_id	gene_symbol	entrez_id	gene_name	baseMean	log2FoldChange	lfcSE	pvalue	padj	significant
ENSG00000167900	ENSG00000167900	TK1	7083	thymidine kinase 1	463.6970327066684	3.1122522944589215	0.20416529995754457	1.1381711291240359e-53	1.7653034212713795e-49	upregulated
ENSG00000171848	ENSG00000171848	RRM2	6241	ribonucleotide reductase regulatory subunit M2	848.028228811473	3.713343043955423	0.2524265880163579	2.775710382681556e-50	2.1525634017695462e-46	upregulated
ENSG00000166851	ENSG00000166851	PLK1	5347	polo like kinase 1	185.8299427570159	3.772785220470218	0.2570003281210797	5.052564903968254e-50	2.612176055351587e-46	upregulated
ENSG00000175063	ENSG00000175063	UBE2C	11065	ubiquitin conjugating enzyme E2 C	141.78225285882635	3.45925068751281	0.24847060842844465	2.6376445875303844e-45	1.0227466888149061e-41	upregulated
ENSG00000145386	ENSG00000145386	CCNA2	890	cyclin A2	180.14011019396384	3.64084735444603	0.26515361599293774	3.9092527556663555e-44	1.2126502048077035e-40	upregulated
ENSG00000111206	ENSG00000111206	FOXM1	2305	forkhead box M1	90.22473201070602	2.9818712416966795	0.2179145703009026	7.731838162461245e-44	1.998680164996232e-40	upregulated
ENSG00000165949	ENSG00000165949	IFI27	3429	interferon alpha inducible protein 27	3924.850507470494	8.550506750838599	0.6258994074174159	1.0359158045427832e-43	2.1914415657063247e-40	upregulated
ENSG00000088325	ENSG00000088325	TPX2	22974	TPX2 microtubule nucleation factor	225.8004877919205	3.062140267801749	0.2243027405461739	1.1303373646454284e-43	2.1914415657063247e-40	upregulated
ENSG00000178999	ENSG00000178999	AURKB	9212	aurora kinase B	118.82759812767368	3.108790120979148	0.23103194100941163	1.573862086411696e-42	2.7122889955828235e-39	upregulated
ENSG00000117399	ENSG00000117399	CDC20	991	cell division cycle 20	227.9995481254343	3.547421347657454	0.26615697039169955	8.827389492864529e-42	1.3691281103432886e-38	upregulated
ENSG00000123485	ENSG00000123485	HJURP	55355	Holliday junction recognition protein	86.74024627482258	3.1283766101184445	0.2384474843433147	1.5322519175232474e-40	2.160475203707779e-37	upregulated
ENSG00000127564	ENSG00000127564	PKMYT1	9088	protein kinase, membrane associated tyrosine/threonine 1	115.09823259471308	3.108810154200935	0.240653877125016	2.0461089571822996e-39	2.6445958271581223e-36	upregulated
ENSG00000148773	ENSG00000148773	MKI67	4288	marker of proliferation Ki-67	560.3976403171973	3.0556456425091083	0.23745225854194468	4.2347125756072906e-39	5.052337849820699e-36	upregulated
ENSG00000211950	ENSG00000211950	IGHV1-24	28467	immunoglobulin heavy variable 1-24	1310.84767153997	5.68770297323546	0.4430890650035972	5.37887510277012e-39	5.959025203140327e-36	upregulated
ENSG00000089685	ENSG00000089685	BIRC5	332	baculoviral IAP repeat containing 5	234.69319771783228	3.72383779373672	0.29077405728903677	8.370058089325017e-39	8.654640064362069e-36	upregulated
ENSG00000090889	ENSG00000090889	KIF4A	24137	kinesin family member 4A	52.93257083547675	3.4043558516809695	0.26573416360287155	9.78521876016131e-39	9.485546435631372e-36	upregulated
ENSG00000171241	ENSG00000171241	SHCBP1	79801	SHC binding and spindle associated 1	195.11625906669417	3.1003162278913727	0.2426644283884184	1.2843943089031795e-38	1.171820925358136e-35	upregulated
ENSG00000143476	ENSG00000143476	DTL	51514	denticleless E3 ubiquitin protein ligase homolog	139.69430100015057	3.0529536933052928	0.24195651582840869	9.48637604796597e-38	7.743878552839589e-35	upregulated
ENSG00000170476	ENSG00000170476	MZB1	51237	marginal zone B and B1 cell specific protein	1864.6532808712916	3.546154084076947	0.2811106964636867	9.247354831654704e-38	7.743878552839589e-35	upregulated
ENSG00000066279	ENSG00000066279	ASPM	259266	assembly factor for spindle microtubules	83.98052212222613	2.865410893390832	0.22730792519004897	1.2718480690664742e-37	9.863181775610507e-35	upregulated
ENSG00000224373	ENSG00000224373	IGHV4-59	28392	immunoglobulin heavy variable 4-59	1059.6279643592256	3.685441520881347	0.2929743514210847	1.4962853490130794e-37	1.1051136077710886e-34	upregulated
ENSG00000169679	ENSG00000169679	BUB1	699	BUB1 mitotic checkpoint serine/threonine kinase	232.17400322357452	3.0137780703388537	0.24304565489032495	1.449626372623115e-36	1.021986592699296e-33	upregulated
ENSG00000276043	ENSG00000276043	UHRF1	29128	ubiquitin like with PHD and ring finger domains 1	227.5298664660977	2.7008141607451144	0.2188959418385504	3.2142791890386326e-36	2.1675421835647475e-33	upregulated
ENSG00000184357	ENSG00000184357	H1-5	3009	H1.5 linker histone, cluster member	67.26375827791337	3.1573263085380323	0.25973057672415056	3.2535160852794727e-35	2.102584770111859e-32	upregulated
ENSG00000157456	ENSG00000157456	CCNB2	9133	cyclin B2	147.51217682814686	3.3099844748453098	0.27776769199775403	5.488849272592075e-34	3.405282088716123e-31	upregulated
ENSG00000167513	ENSG00000167513	CDT1	81620	chromatin licensing and DNA replication factor 1	96.4358787242481	2.6794793793643934	0.22509431665849933	6.555051115302119e-34	3.9103401076283032e-31	upregulated
ENSG00000211896	ENSG00000211896	IGHG1	3500	immunoglobulin heavy constant gamma 1 (G1m marker)	47300.98908219396	5.138355737315439	0.4342564884897314	1.4098398658994551e-33	8.098746785222426e-31	upregulated
ENSG00000112984	ENSG00000112984	KIF20A	10112	kinesin family member 20A	64.67682005801578	3.380532870518873	0.28760681208285316	4.287164303349048e-33	2.2934903948638232e-30	upregulated
ENSG00000135476	ENSG00000135476	ESPL1	9700	extra spindle pole bodies like 1, separase	65.63631353604791	2.719038726249161	0.231323318215382	4.288279913027136e-33	2.2934903948638232e-30	upregulated
ENSG00000187837	ENSG00000187837	H1-2	3006	H1.2 linker histone, cluster member	419.0138746015347	1.7791348199876558	0.1523828114686381	1.160331984250052e-32	5.9989163585727695e-30	upregulated
ENSG00000131747	ENSG00000131747	TOP2A	7153	DNA topoisomerase II alpha	371.1652073730015	3.059314733060484	0.26430678254013634	3.065118901933619e-32	1.533548198999691e-29	upregulated
ENSG00000065328	ENSG00000065328	MCM10	55388	minichromosome maintenance 10 replication initiation factor	96.20994238001822	3.3919081018333586	0.2940612543451892	5.384416607967558e-32	2.609759424674276e-29	upregulated
ENSG00000101057	ENSG00000101057	MYBL2	4605	MYB proto-oncogene like 2	959.829616521588	3.315228648121862	0.28811905094782864	6.611407522994061e-32	3.1073615358072086e-29	upregulated
ENSG00000131153	ENSG00000131153	GINS2	51659	GINS complex subunit 2	114.1908757073998	2.6994562889858984	0.23489152299205068	8.53836210062952e-32	3.8949998876695255e-29	upregulated
ENSG00000122952	ENSG00000122952	ZWINT	11130	ZW10 interacting kinetochore protein	294.2025148432771	2.2718319844592463	0.19864345467614777	1.6670105449644326e-31	7.387238157828101e-29	upregulated
ENSG00000211945	ENSG00000211945	IGHV1-18	28468	immunoglobulin heavy variable 1-18	1013.105646182788	3.542766988412914	0.31200793834240215	3.787495569026834e-31	1.6317793409890612e-28	upregulated
ENSG00000075218	ENSG00000075218	GTSE1	51512	G2 and S-phase expressed 1	55.01533359237482	2.99769944453504	0.26478095041150274	6.359229964846726e-31	2.665720452831695e-28	upregulated
ENSG00000115163	ENSG00000115163	CENPA	1058	centromere protein A	35.86770215811476	3.4859958383491145	0.3079877943644206	7.4445941089234795e-31	3.0385698586685047e-28	upregulated
ENSG00000184661	ENSG00000184661	CDCA2	157313	cell division cycle associated 2	66.15857050305495	3.2669704454049655	0.2912538607196494	2.0027465792889327e-30	7.964769088402909e-28	upregulated
ENSG00000146670	ENSG00000146670	CDCA5	113130	cell division cycle associated 5	106.53068661784908	2.7587617163375495	0.24622892446890032	2.2862048336501287e-30	8.864759242478374e-28	upregulated
ENSG00000092853	ENSG00000092853	CLSPN	63967	claspin	88.49287503688731	2.539679397519341	0.2270669430470947	2.8189516129388358e-30	1.0663887686995451e-27	upregulated
ENSG00000138180	ENSG00000138180	CEP55	55165	centrosomal protein 55	69.57904239992794	3.344593212619552	0.2991550767501029	3.1820136164729724e-30	1.1750721712260909e-27	upregulated
ENSG00000126787	ENSG00000126787	DLGAP5	9787	DLG associated protein 5	94.34401638279432	3.686525937045351	0.33007516974327433	3.5085568553377066e-30	1.2655282982857636e-27	upregulated
ENSG00000109805	ENSG00000109805	NCAPG	64151	non-SMC condensin I complex subunit G	89.61039347957114	3.107592963845192	0.2787276392329328	4.138956503375719e-30	1.458982167439941e-27	upregulated
ENSG00000156970	ENSG00000156970	BUB1B	701	BUB1 mitotic checkpoint serine/threonine kinase B	70.40442251852478	2.681712666519338	0.24328615534735223	1.6825964147895406e-29	5.799348976307951e-27	upregulated
ENSG00000211962	ENSG00000211962	IGHV1-46	28465	immunoglobulin heavy variable 1-46	1000.4414532814252	3.4090516359157563	0.3095624241742535	1.8754290227882715e-29	6.3234574224882805e-27	upregulated
ENSG00000142945	ENSG00000142945	KIF2C	11004	kinesin family member 2C	103.751838526438	2.795536117179117	0.2552969090409235	3.764756593297541e-29	1.2423696757881883e-26	upregulated
ENSG00000135451	ENSG00000135451	TROAP	10024	trophinin associated protein	60.43450136552118	3.3017823798497976	0.30201709714293506	4.6001594240789925e-29	1.4864265139055242e-26	upregulated
ENSG00000093009	ENSG00000093009	CDC45	8318	cell division cycle 45	106.90321465574732	2.9142240414150105	0.2673812126534295	6.833410371776949e-29	2.1629835686991932e-26	upregulated
ENSG00000183010	ENSG00000183010	PYCR1	5831	pyrroline-5-carboxylate reductase 1	81.73438152750525	3.0604972606881407	0.28158304929826705	9.377017220702311e-29	2.9087507418618567e-26	upregulated
ENSG00000072571	ENSG00000072571	HMMR	3161	hyaluronan mediated motility receptor	45.68268255126366	2.814452538247086	0.25874115353960997	9.610899871915643e-29	2.922844255164934e-26	upregulated
ENSG00000094804	ENSG00000094804	CDC6	990	cell division cycle 6	109.91580694447303	2.8250298685822046	0.26087524315816785	1.4170743114588523e-28	4.2266966482166917e-26	upregulated
ENSG00000237649	ENSG00000237649	KIFC1	3833	kinesin family member C1	75.56098845827783	2.591562521882121	0.23962489253095337	1.70107591801737e-28	4.978054243103662e-26	upregulated
ENSG00000129538	ENSG00000129538	RNASE1	6035	ribonuclease A family member 1, pancreatic	311.55495712288507	4.9613604302032055	0.45924500132087975	1.738864492050915e-28	4.994405235501795e-26	upregulated
ENSG00000099958	ENSG00000099958	DERL3	91319	derlin 3	138.17220429009305	2.6042851705552037	0.2413472076233556	2.1594627785886996e-28	6.089685035620133e-26	upregulated
ENSG00000211592	ENSG00000211592	IGKC	3514	immunoglobulin kappa constant	40854.46466097919	3.0238473710018328	0.2815143824235773	3.8991211138246043e-28	1.0722263152153936e-25	upregulated
ENSG00000176890	ENSG00000176890	TYMS	7298	thymidylate synthetase	70.93840637745431	2.8533706968378953	0.2657083783193152	3.940483556884425e-28	1.0722263152153936e-25	upregulated
ENSG00000211956	ENSG00000211956	IGHV4-34	28395	immunoglobulin heavy variable 4-34	3053.930230164491	4.1311233854071325	0.38545825641532544	4.282059878918691e-28	1.1450818745177396e-25	upregulated
ENSG00000085999	ENSG00000085999	RAD54L	8438	RAD54 like	36.80991141509388	2.7557555057268286	0.25672478114777825	4.498635744619475e-28	1.1826074643906452e-25	upregulated
ENSG00000071539	ENSG00000071539	TRIP13	9319	thyroid hormone receptor interactor 13	89.34052966135857	2.9459835671946952	0.2758022051988249	7.093304697947328e-28	1.8336192644193845e-25	upregulated
ENSG00000143603	ENSG00000143603	KCNN3	3782	potassium calcium-activated channel subfamily N member 3	72.15218550577049	3.840966984795551	0.36085694781200184	9.771070040010944e-28	2.4844146937798318e-25	upregulated
ENSG00000121152	ENSG00000121152	NCAPH	23397	non-SMC condensin I complex subunit H	114.27815270573169	1.9471283588616652	0.1854228518311376	5.669167113354128e-27	1.4182061601310084e-24	upregulated
ENSG00000111665	ENSG00000111665	CDCA3	83461	cell division cycle associated 3	67.03444341411435	2.309571632415088	0.22036507773897712	6.519839624291182e-27	1.5800423839493164e-24	upregulated
ENSG00000211679	ENSG00000211679	IGLC3	3539	immunoglobulin lambda constant 3 (Kern-Oz+ marker)	6994.305814505784	3.499516509123214	0.33421781524108074	6.419054332981964e-27	1.5800423839493164e-24	upregulated
ENSG00000132465	ENSG00000132465	JCHAIN	3512	joining chain of multimeric IgA and IgM	7609.080862012545	3.442409640755586	0.33057678917594335	1.2114080056388567e-26	2.8906058719167183e-24	upregulated
ENSG00000007968	ENSG00000007968	E2F2	1870	E2F transcription factor 2	323.3712043572766	1.740799721365731	0.16796925717320968	2.4892615123336014e-26	5.849764553983963e-24	upregulated
ENSG00000164045	ENSG00000164045	CDC25A	993	cell division cycle 25A	32.43350563444533	2.9747769668910844	0.28832836088297376	3.988027917044425e-26	9.231987013934182e-24	upregulated
ENSG00000011426	ENSG00000011426	ANLN	54443	anillin, actin binding protein	50.583116254652424	2.7520984374599364	0.2680784276916528	5.618710936859395e-26	1.2815618622160181e-23	upregulated
ENSG00000111291	ENSG00000111291	GPRC5D	55507	G protein-coupled receptor class C group 5 member D	34.75019743681579	3.2829800590470692	0.32091269979005976	9.0275085464874e-26	2.029226921101733e-23	upregulated
ENSG00000161888	ENSG00000161888	SPC24	147841	SPC24 component of NDC80 kinetochore complex	40.31917251154613	2.8190513322002726	0.276210408020425	1.174863774967745e-25	2.6031624499642455e-23	upregulated
ENSG00000100526	ENSG00000100526	CDKN3	1033	cyclin dependent kinase inhibitor 3	84.84735283935534	2.6473629049133516	0.26105066689394923	2.16701638614488e-25	4.733862556212266e-23	upregulated
ENSG00000017483	ENSG00000017483	SLC38A5	92745	solute carrier family 38 member 5	561.74156520063	1.4995852294005738	0.14756216957741086	2.3117071810923553e-25	4.979802552603115e-23	upregulated
ENSG00000239264	ENSG00000239264	TXNDC5	81567	thioredoxin domain containing 5	245.47754854901467	2.483105643532165	0.24513671960986064	2.3963870569600043e-25	5.091501815541049e-23	upregulated
ENSG00000169607	ENSG00000169607	CKAP2L	150468	cytoskeleton associated protein 2 like	43.312778319531006	3.0681076490735366	0.30338737043308633	2.7846373398334697e-25	5.836449343353664e-23	upregulated
ENSG00000244437	ENSG00000244437	IGKV3-15	28913	immunoglobulin kappa variable 3-15	1774.0573737725426	3.173432306177746	0.3145136651931835	3.2773918985884257e-25	6.72234846592661e-23	upregulated
ENSG00000051180	ENSG00000051180	RAD51	5888	RAD51 recombinase	100.91005370714562	2.4142445475329133	0.23902791506544688	3.2939940903315427e-25	6.72234846592661e-23	upregulated
ENSG00000154839	ENSG00000154839	SKA1	220134	spindle and kinetochore associated complex subunit 1	50.58263721616055	2.904335700774256	0.28830952286725564	4.6286277744487075e-25	9.32337880281811e-23	upregulated
ENSG00000051341	ENSG00000051341	POLQ	10721	DNA polymerase theta	74.91838577680714	2.0836280094562367	0.20718252698295772	5.576346413841308e-25	1.1006726433740484e-22	upregulated
ENSG00000165480	ENSG00000165480	SKA3	221150	spindle and kinetochore associated complex subunit 3	56.82169169463023	3.147166473849268	0.31302072976105183	5.6062629804351915e-25	1.1006726433740484e-22	upregulated
ENSG00000223350	ENSG00000223350	IGLV9-49	28773	immunoglobulin lambda variable 9-49	252.1428875975494	4.16359568532477	0.4151352445295962	6.181327168041419e-25	1.1984048047040302e-22	upregulated
ENSG00000138160	ENSG00000138160	KIF11	3832	kinesin family member 11	180.53158350922536	2.2038517759625464	0.21975339361822815	7.100412130679196e-25	1.3595974339115348e-22	upregulated
ENSG00000211666	ENSG00000211666	IGLV2-14	28815	immunoglobulin lambda variable 2-14	2540.381687417528	3.165267625501096	0.3166775000087243	9.793273838318232e-25	1.8523619174672658e-22	upregulated
ENSG00000211659	ENSG00000211659	IGLV3-25	28793	immunoglobulin lambda variable 3-25	3143.1234897810946	4.330740476513605	0.4351190647053648	1.2837655078261658e-24	2.398940123660703e-22	upregulated
ENSG00000171320	ENSG00000171320	ESCO2	157570	establishment of sister chromatid cohesion N-acetyltransferase 2	35.18310943724585	2.505245912621133	0.2512949334068832	1.4748168056011808e-24	2.7231438874850373e-22	upregulated
ENSG00000165304	ENSG00000165304	MELK	9833	maternal embryonic leucine zipper kinase	61.37776847464281	2.991657938243917	0.30083965814558344	1.5033399731883791e-24	2.7431532922531476e-22	upregulated
ENSG00000048462	ENSG00000048462	TNFRSF17	608	TNF receptor superfamily member 17	257.45239555251624	3.2547953331703843	0.32886778196883165	2.373035341035791e-24	4.279741644123851e-22	upregulated
ENSG00000163808	ENSG00000163808	KIF15	56992	kinesin family member 15	83.831066280453	2.310600882382641	0.2337632270635668	2.9881675969128868e-24	5.327181543461941e-22	upregulated
ENSG00000134057	ENSG00000134057	CCNB1	891	cyclin B1	178.4098516410449	2.177098680345583	0.22041350977944907	3.2171127259066476e-24	5.670161179410465e-22	upregulated
ENSG00000137563	ENSG00000137563	GGH	8836	gamma-glutamyl hydrolase	144.80569858945614	2.3045257634070877	0.23425779309246328	4.735967238556367e-24	8.253354142697672e-22	upregulated
ENSG00000178445	ENSG00000178445	GLDC	2731	glycine decarboxylase	148.28749302199705	3.7084209225328264	0.3782624577114256	6.0874218999231414e-24	1.037537512833054e-21	upregulated
ENSG00000164087	ENSG00000164087	POC1A	25886	POC1 centriolar protein A	91.96757849586233	1.5755206771899362	0.16072190852747598	8.278133108636577e-24	1.3955852664668835e-21	upregulated
ENSG00000165409	ENSG00000165409	TSHR	7253	thyroid stimulating hormone receptor	26.842369764406495	2.33920031241754	0.238886052583603	8.408981488331047e-24	1.4024011062797266e-21	upregulated
ENSG00000211598	ENSG00000211598	IGKV4-1	28908	immunoglobulin kappa variable 4-1	3562.151074273939	2.994666161123103	0.3084783366546681	1.4072943303427828e-23	2.3220356450655915e-21	upregulated
ENSG00000211955	ENSG00000211955	IGHV3-33	28434	immunoglobulin heavy variable 3-33	1179.8446239916611	3.329403559413705	0.34348336456251305	1.695048650972188e-23	2.76738995542933e-21	upregulated
ENSG00000143228	ENSG00000143228	NUF2	83540	NUF2 component of NDC80 kinetochore complex	54.76412968793625	2.0257444926066213	0.20867128875387117	1.8721345724089454e-23	3.024667418548202e-21	upregulated
ENSG00000118193	ENSG00000118193	KIF14	9928	kinesin family member 14	35.6968449477016	2.505478510301428	0.2603106655110368	4.2701816714129637e-23	6.827888425114956e-21	upregulated
ENSG00000240382	ENSG00000240382	IGKV1-17	28937	immunoglobulin kappa variable 1-17	167.7286122645576	3.9617504248535744	0.2988429619257462	5.507707879914729e-23	8.716790736477292e-21	upregulated
ENSG00000154277	ENSG00000154277	UCHL1	7345	ubiquitin C-terminal hydrolase L1	30.14058431956265	5.04291328403567	0.5264139881344012	6.915233222222638e-23	1.0833865381482131e-20	upregulated
ENSG00000211660	ENSG00000211660	IGLV2-23	28813	immunoglobulin lambda variable 2-23	1418.0705481417735	3.556340202809646	0.3740090353169352	1.0463806015065904e-22	1.6229363129367214e-20	upregulated
ENSG00000123131	ENSG00000123131	PRDX4	10549	peroxiredoxin 4	546.3180880668883	1.086462102130532	0.11347839581057292	1.098152284688632e-22	1.6698374446588902e-20	upregulated
ENSG00000117724	ENSG00000117724	CENPF	1063	centromere protein F	138.73306939971292	2.048746208439954	0.215840394031147	1.4074674132817925e-22	2.119399959223359e-20	upregulated
ENSG00000211947	ENSG00000211947	IGHV3-21	28444	immunoglobulin heavy variable 3-21	1430.4747871258678	2.974344314167346	0.31452505506747375	1.7377971132910137e-22	2.5916570410715023e-20	upregulated
ENSG00000211966	ENSG00000211966	IGHV5-51	28388	immunoglobulin heavy variable 5-51	918.0752851994	2.91090626747762	0.30813338346005426	1.9042109848066945e-22	2.809391838692836e-20	upregulated
ENSG00000166803	ENSG00000166803	PCLAF	9768	PCNA clamp associated factor	27.944136734952885	3.0298257920946425	0.32019074233485684	1.9200227911118028e-22	2.809391838692836e-20	upregulated
ENSG00000241351	ENSG00000241351	IGKV3-11	28914	immunoglobulin kappa variable 3-11	1905.791606375088	2.7311817054892624	0.2894759360425911	2.3817803956799904e-22	3.452468592242678e-20	upregulated
ENSG00000211949	ENSG00000211949	IGHV3-23	28442	immunoglobulin heavy variable 3-23	3294.002434188882	3.075880405130643	0.33063723255007943	7.268539889554078e-22	1.0438430896942943e-19	upregulated
ENSG00000139734	ENSG00000139734	DIAPH3	81624	diaphanous related formin 3	24.69431771652841	3.026985208285358	0.32536854502010576	8.243746588299699e-22	1.1730321980231956e-19	upregulated
ENSG00000035499	ENSG00000035499	DEPDC1B	55789	DEP domain containing 1B	49.19807944521929	2.725001068448423	0.29390190941494654	1.1330780956553296e-21	1.5976401148740151e-19	upregulated
ENSG00000174371	ENSG00000174371	EXO1	9156	exonuclease 1	53.684453675379494	2.5616960842699363	0.2765126296839856	1.1836021588224418e-21	1.6538440975978445e-19	upregulated
ENSG00000243466	ENSG00000243466	IGKV1-5	28299	immunoglobulin kappa variable 1-5	2845.9874788599564	3.1460522246706684	0.3414177127153338	1.6483331467773536e-21	2.2826470630818533e-19	upregulated
ENSG00000115884	ENSG00000115884	SDC1	6382	syndecan 1	88.18817265878245	4.950803543651258	0.5373243095679453	1.6877887516562866e-21	2.3166020830255763e-19	upregulated
ENSG00000134690	ENSG00000134690	CDCA8	55143	cell division cycle associated 8	114.65105285216522	1.7750691188971677	0.19234412860519937	1.9182112417069775e-21	2.6097768735855456e-19	upregulated
ENSG00000117650	ENSG00000117650	NEK2	4751	NIMA related kinase 2	33.3886204504948	2.699380897987512	0.29375419397489977	2.4082918802839068e-21	3.2480527881046433e-19	upregulated
ENSG00000073111	ENSG00000073111	MCM2	4171	minichromosome maintenance complex component 2	469.9953953387926	1.6716750136320413	0.18283007733947615	4.2681540449113925e-21	5.706816313497903e-19	upregulated
ENSG00000211673	ENSG00000211673	ENSG00000211673	NA	NA	1407.931541498363	3.6120834353754026	0.399290142039245	7.5204311029622185e-21	9.969392000593506e-19	upregulated
ENSG00000162062	ENSG00000162062	TEDC2	80178	tubulin epsilon and delta complex 2	32.65662464075708	2.2631106026131356	0.24987042639702167	9.039636131277807e-21	1.188175901662024e-18	upregulated
ENSG00000097021	ENSG00000097021	ACOT7	11332	acyl-CoA thioesterase 7	264.7138160537057	1.5061444926683674	0.16612018574363857	9.338232299127431e-21	1.2171091004997179e-18	upregulated
ENSG00000140534	ENSG00000140534	TICRR	90381	TOPBP1 interacting checkpoint and replication regulator	19.051710612956924	2.451917020725938	0.270656236978477	9.437834619358848e-21	1.2198401245521309e-18	upregulated
ENSG00000112742	ENSG00000112742	TTK	7272	TTK protein kinase	43.40341829234446	2.3909555277656125	0.26498911647951484	1.1205725692125672e-20	1.436370293263382e-18	upregulated
ENSG00000170312	ENSG00000170312	CDK1	983	cyclin dependent kinase 1	123.75180001920046	2.599337259052754	0.2890834383169952	1.3793975419603438e-20	1.753643924246306e-18	upregulated
ENSG00000211632	ENSG00000211632	IGKV3D-11	28876	immunoglobulin kappa variable 3D-11	62.84343321634492	2.9413920402107383	0.3276739211041606	1.552721618686321e-20	1.957944089904458e-18	upregulated
ENSG00000211658	ENSG00000211658	IGLV3-27	28791	immunoglobulin lambda variable 3-27	245.55267525773792	4.5264573210537025	0.50650917918567	1.957383207634253e-20	2.448307544387682e-18	upregulated
ENSG00000124575	ENSG00000124575	H1-3	3007	H1.3 linker histone, cluster member	446.47994807713224	1.3735742525598753	0.15285516563784918	2.0991506432402147e-20	2.593574592604836e-18	upregulated
ENSG00000211637	ENSG00000211637	IGLV4-69	28784	immunoglobulin lambda variable 4-69	913.44905987375	3.5092405301626304	0.3927091171548144	2.1069658199110854e-20	2.593574592604836e-18	upregulated
ENSG00000211599	ENSG00000211599	IGKV5-2	28907	immunoglobulin kappa variable 5-2	30.972177657896147	3.2441545986002995	0.36321454251970337	2.3979457556315494e-20	2.928514855893333e-18	upregulated
ENSG00000085840	ENSG00000085840	ORC1	4998	origin recognition complex subunit 1	76.96412336672867	2.4449163695382636	0.27585877909727197	4.3377219235968195e-20	5.256098987108335e-18	upregulated
ENSG00000211653	ENSG00000211653	IGLV1-40	28825	immunoglobulin lambda variable 1-40	2145.285774261275	2.9409015144057107	0.33238922299491264	5.400181856718711e-20	6.492776790519938e-18	upregulated
ENSG00000211668	ENSG00000211668	IGLV2-11	28816	immunoglobulin lambda variable 2-11	991.7712068994998	3.4956973408469008	0.3967805075651129	6.554527075204281e-20	7.820054995109108e-18	upregulated
ENSG00000108641	ENSG00000108641	B9D1	27077	B9 domain containing 1	33.124436636934654	1.541490684159279	0.17478750092961637	8.061386526348244e-20	9.472129168459187e-18	upregulated
ENSG00000101412	ENSG00000101412	E2F1	1869	E2F transcription factor 1	293.89434523643354	2.591029864670946	0.2944958853582642	8.038014249500708e-20	9.472129168459187e-18	upregulated
ENSG00000123080	ENSG00000123080	CDKN2C	1031	cyclin dependent kinase inhibitor 2C	126.8689851156034	1.1415437979213767	0.12892928659950376	8.658169951063551e-20	1.0096858341428244e-17	upregulated
ENSG00000211946	ENSG00000211946	IGHV3-20	28445	immunoglobulin heavy variable 3-20	1262.6883591331327	4.6555261333758065	0.5314816738955418	9.726958211429949e-20	1.1258591183528242e-17	upregulated
ENSG00000180596	ENSG00000180596	H2BC4	8347	H2B clustered histone 4	133.6517051815895	1.9475745078601476	0.22225724513908857	1.19099377253735e-19	1.3683195120040219e-17	upregulated
ENSG00000239672	ENSG00000239672	NME1	4830	NME/NM23 nucleoside diphosphate kinase 1	212.9693766095168	1.1449034545189454	0.13043716558224508	1.6900048503236756e-19	1.9273511197441328e-17	upregulated
ENSG00000211649	ENSG00000211649	IGLV7-46	28775	immunoglobulin lambda variable 7-46	335.46264143399986	3.6656383771500702	0.4220195850954178	1.9042951493074968e-19	2.155884508449582e-17	upregulated
ENSG00000211677	ENSG00000211677	IGLC2	3538	immunoglobulin lambda constant 2	14056.177692401485	3.426002510141852	0.3936548629345483	1.9306246072798181e-19	2.1698541781818823e-17	upregulated
ENSG00000101187	ENSG00000101187	SLCO4A1	28231	solute carrier organic anion transporter family member 4A1	113.85896383269515	2.609988248054358	0.30055819572762793	2.1171417094518056e-19	2.36236459810054e-17	upregulated
ENSG00000211644	ENSG00000211644	IGLV1-51	28820	immunoglobulin lambda variable 1-51	126.59067703922516	4.539252042796531	0.3870214233986768	2.1552554089192284e-19	2.3877150994526595e-17	upregulated
ENSG00000211941	ENSG00000211941	IGHV3-11	28450	immunoglobulin heavy variable 3-11	599.8518311084075	2.9551788302450666	0.34114417874491665	2.4413531836653347e-19	2.6854885020318678e-17	upregulated
ENSG00000129195	ENSG00000129195	PIMREG	54478	PICALM interacting mitotic regulator	20.15274067046491	2.4643323799278947	0.2871163935859902	6.3199243284079675e-19	6.90295960095828e-17	upregulated
ENSG00000077152	ENSG00000077152	UBE2T	29089	ubiquitin conjugating enzyme E2 T	79.71159495741517	1.4826307846207645	0.17248148994162546	6.572927056241336e-19	7.129097807154065e-17	upregulated
ENSG00000259772	ENSG00000259772	LINC03034	283710	long intergenic non-protein coding RNA 3034	49.8987303198044	2.138278734626275	0.24966219398853437	6.823228870001331e-19	7.349186095397267e-17	upregulated
ENSG00000159189	ENSG00000159189	C1QC	714	complement C1q C chain	115.18468230527624	3.4041802376835593	0.39896822220601297	7.535681544315927e-19	8.060580741540692e-17	upregulated
ENSG00000211897	ENSG00000211897	IGHG3	3502	immunoglobulin heavy constant gamma 3 (G3m marker)	7813.883425072524	4.027758440631779	0.4723762659635824	7.836421421440066e-19	8.28844708131185e-17	upregulated
ENSG00000137812	ENSG00000137812	KNL1	57082	kinetochore scaffold 1	84.54698877202284	1.935955899758244	0.22644054676750552	7.855588142829413e-19	8.28844708131185e-17	upregulated
ENSG00000173369	ENSG00000173369	C1QB	713	complement C1q B chain	390.0045855623932	2.770230539942007	0.3257042595737605	9.73518643493403e-19	1.0202212270663971e-16	upregulated
ENSG00000186185	ENSG00000186185	KIF18B	146909	kinesin family member 18B	33.39916157161888	2.8420005892419553	0.3362821405218189	1.5249183227947788e-18	1.576765545769801e-16	upregulated
ENSG00000243290	ENSG00000243290	IGKV1-12	28940	immunoglobulin kappa variable 1-12	135.84607192073193	3.1894468274061376	0.3802905754611688	2.632828655408634e-18	2.6865245029860465e-16	upregulated
ENSG00000164687	ENSG00000164687	FABP5	2171	fatty acid binding protein 5	117.4976682728526	1.2249777100504151	0.14548518694556326	3.4300925266507325e-18	3.477172227996919e-16	upregulated
ENSG00000119326	ENSG00000119326	CTNNAL1	8727	catenin alpha like 1	86.92111111759125	2.0616775317787535	0.2464973693224439	3.5098081111236205e-18	3.534878169060218e-16	upregulated
ENSG00000211640	ENSG00000211640	IGLV6-57	28778	immunoglobulin lambda variable 6-57	1478.9128770805544	3.905523981909291	0.46894885031529376	4.1856234170690494e-18	4.188323819273611e-16	upregulated
ENSG00000282600	ENSG00000282600	IGHV3-69-1	28402	immunoglobulin heavy variable 3-69-1 (pseudogene)	52.61391344787376	3.2954837107196595	0.3956590055716832	4.3914954097681144e-18	4.366159859327144e-16	upregulated
ENSG00000135916	ENSG00000135916	ITM2C	81618	integral membrane protein 2C	1919.6189306946403	1.6757123204323645	0.2004515883552785	6.0275445597986745e-18	5.916912412815029e-16	upregulated
ENSG00000180535	ENSG00000180535	BHLHA15	168620	basic helix-loop-helix family member a15	43.9699814093859	3.421288074782133	0.4137742455839495	7.387144653740944e-18	7.160913348720128e-16	upregulated
ENSG00000047597	ENSG00000047597	XK	7504	X-linked Kx blood group antigen, Kell and VPS13A binding protein	151.01075766424768	3.23681358634405	0.3936245224609586	1.1831251962265734e-17	1.1327328267576638e-15	upregulated
ENSG00000211952	ENSG00000211952	IGHV4-28	28400	immunoglobulin heavy variable 4-28	108.10616800600704	2.9371186867133083	0.35840628512524075	1.3429979483310155e-17	1.2779078637186537e-15	upregulated
ENSG00000228716	ENSG00000228716	DHFR	1719	dihydrofolate reductase	55.4755041337378	1.6556041229952791	0.20119894978808153	1.3540554282967083e-17	1.280573152004997e-15	upregulated
ENSG00000166562	ENSG00000166562	SEC11C	90701	SEC11 homolog C, signal peptidase complex subunit	1143.1416524738952	1.3096222740460413	0.15877462606217269	1.3694434675219654e-17	1.2872768594706478e-15	upregulated
ENSG00000274997	ENSG00000274997	H2AC12	85235	H2A clustered histone 12	21.423328130189095	2.5039117419625607	0.30575851601307896	1.5323195064709995e-17	1.4317033461063373e-15	upregulated
ENSG00000168298	ENSG00000168298	H1-4	3008	H1.4 linker histone, cluster member	682.4422450046222	1.3886418328213457	0.16915285084490375	1.7368088939301048e-17	1.6130482601710138e-15	upregulated
ENSG00000105974	ENSG00000105974	CAV1	857	caveolin 1	43.058949753262205	3.1626882722722747	0.387306339077177	1.798142047801195e-17	1.6502475243429905e-15	upregulated
ENSG00000160957	ENSG00000160957	RECQL4	9401	RecQ like helicase 4	188.01839952135575	1.4911958702031385	0.1817921633803892	1.7938122837801805e-17	1.6502475243429905e-15	upregulated
ENSG00000140451	ENSG00000140451	PIF1	80119	PIF1 5'-to-3' DNA helicase	67.88526329288092	1.5671392207868553	0.1917575005097548	2.193689041628237e-17	2.0014186491561148e-15	upregulated
ENSG00000138778	ENSG00000138778	CENPE	1062	centromere protein E	81.77055468171409	1.6389113561842978	0.2006215633498337	2.2230751963017923e-17	2.016368204364959e-15	upregulated
ENSG00000211934	ENSG00000211934	IGHV1-2	28474	immunoglobulin heavy variable 1-2	2497.22351881879	3.5155379422898445	0.4325843678913578	2.3760611703106417e-17	2.142599346018492e-15	upregulated
ENSG00000277224	ENSG00000277224	H2BC7	8343	H2B clustered histone 7	23.51700272665738	2.2467183956660306	0.27705027703808466	2.6887785876617135e-17	2.4105754852389127e-15	upregulated
ENSG00000211648	ENSG00000211648	IGLV1-47	28822	immunoglobulin lambda variable 1-47	1616.9728552138808	3.4637508146790386	0.4274571327559898	2.7331039083111142e-17	2.436232276891114e-15	upregulated
ENSG00000170439	ENSG00000170439	TMT1B	196410	thiol methyltransferase 1B	179.18644498096612	5.398210275606632	0.6683569332720524	3.0932410687896116e-17	2.7414953701101077e-15	upregulated
ENSG00000104738	ENSG00000104738	MCM4	4173	minichromosome maintenance complex component 4	756.7855742095381	1.537110249945514	0.19021152052211973	3.8659563592481506e-17	3.4068740415874332e-15	upregulated
ENSG00000128228	ENSG00000128228	SDF2L1	23753	stromal cell derived factor 2 like 1	1016.2513610801936	1.1573374554792346	0.14310122239614245	5.880875664563288e-17	5.153241895896982e-15	upregulated
ENSG00000165948	ENSG00000165948	IFI27L1	122509	interferon alpha inducible protein 27 like 1	83.970487049069	1.3183460326405378	0.16342719005960651	6.00681897209941e-17	5.2340315874866206e-15	upregulated
ENSG00000029993	ENSG00000029993	HMGB3	3149	high mobility group box 3	124.06075832157184	1.7584438361507717	0.21886730708249097	6.139561449307661e-17	5.319809948534181e-15	upregulated
ENSG00000080986	ENSG00000080986	NDC80	10403	NDC80 kinetochore complex component	136.42297747935058	1.5082476244877454	0.1873598789708636	6.309385658121618e-17	5.436587308748128e-15	upregulated
ENSG00000120885	ENSG00000120885	CLU	1191	clusterin	5060.277291658486	3.082921832829282	0.3861088371687881	7.171078478449223e-17	6.1449407293230626e-15	upregulated
ENSG00000119333	ENSG00000119333	DYNC2I2	89891	dynein 2 intermediate chain 2	293.5292322762377	1.1672261967754445	0.14516241171085129	8.492577828951814e-17	7.197807766505061e-15	upregulated
ENSG00000211970	ENSG00000211970	IGHV4-61	28391	immunoglobulin heavy variable 4-61	438.5699492299738	3.394105084666023	0.42965461408163463	1.4372234448391831e-16	1.1984589048094475e-14	upregulated
ENSG00000137198	ENSG00000137198	GMPR	2766	guanosine monophosphate reductase	470.6062762247352	2.5922192249682214	0.3280759443752613	1.5582038105852139e-16	1.2814322585874763e-14	upregulated
ENSG00000270550	ENSG00000270550	IGHV3-30	28439	immunoglobulin heavy variable 3-30	1757.3788634032394	2.942043433779484	0.3721766523648138	1.554925104197241e-16	1.2814322585874763e-14	upregulated
ENSG00000211669	ENSG00000211669	IGLV3-10	28803	immunoglobulin lambda variable 3-10	1159.4195544161312	4.289621837338793	0.5441722518459994	1.5770029829314807e-16	1.2873324350140667e-14	upregulated
ENSG00000101335	ENSG00000101335	MYL9	10398	myosin light chain 9	681.0117239131348	3.5807706662758143	0.4567672240595696	2.2839016097131716e-16	1.8449642690964215e-14	upregulated
ENSG00000240864	ENSG00000240864	IGKV1-16	28938	immunoglobulin kappa variable 1-16	272.36292424773063	2.7993705156560997	0.3587591127411874	3.232535619660629e-16	2.584362240254451e-14	upregulated
ENSG00000142731	ENSG00000142731	PLK4	10733	polo like kinase 4	96.55665559342378	1.362673965953252	0.1735167691813949	3.383560387438362e-16	2.6912318773932815e-14	upregulated
ENSG00000196465	ENSG00000196465	MYL6B	140465	myosin light chain 6B	55.59798183213018	1.3198716795146328	0.16913258611957574	5.140096186343653e-16	4.026408679302528e-14	upregulated
ENSG00000211650	ENSG00000211650	IGLV5-45	28781	immunoglobulin lambda variable 5-45	224.92313446842496	3.74532159532553	0.48452840617689646	5.386097119359653e-16	4.197907855340111e-14	upregulated
ENSG00000168268	ENSG00000168268	NT5DC2	64943	5'-nucleotidase domain containing 2	167.9393133081504	2.0642837231870224	0.2668805837472244	5.987067884574333e-16	4.6429711444873954e-14	upregulated
ENSG00000165891	ENSG00000165891	E2F7	144455	E2F transcription factor 7	19.534370240565657	2.6092766022228484	0.33787689069025706	6.678070639129202e-16	5.15307838870119e-14	upregulated
ENSG00000109674	ENSG00000109674	NEIL3	55247	nei like DNA glycosylase 3	19.481814516532896	2.1122376142465193	0.2728604589119406	6.737839996533758e-16	5.173460314170227e-14	upregulated
ENSG00000203760	ENSG00000203760	CENPW	387103	centromere protein W	98.540099884621	1.3738729753225372	0.1772224534908956	7.355198724214369e-16	5.5921143241453384e-14	upregulated
ENSG00000151725	ENSG00000151725	CENPU	79682	centromere protein U	103.22964926988288	1.834494277680302	0.2378608003226663	7.722591539134124e-16	5.842799744974159e-14	upregulated
ENSG00000243238	ENSG00000243238	IGKV2-30	28919	immunoglobulin kappa variable 2-30	490.48367028308104	3.658765253678355	0.4779842246335656	9.626595627010677e-16	7.212970926325393e-14	upregulated
ENSG00000183087	ENSG00000183087	GAS6	2621	growth arrest specific 6	425.4553487397929	1.757125461775891	0.2294149155265866	1.3058238225178297e-15	9.598733406280349e-14	upregulated
ENSG00000123473	ENSG00000123473	STIL	6491	STIL centriolar assembly protein	85.82132719223488	1.6734271247273955	0.21891681988701384	1.4158762365901824e-15	1.035860397618572e-13	upregulated
ENSG00000074842	ENSG00000074842	MYDGF	56005	myeloid derived growth factor	2032.4054943212925	1.0220366417819902	0.13273160628317135	1.523689662958014e-15	1.0991826359292465e-13	upregulated
ENSG00000168496	ENSG00000168496	FEN1	2237	flap structure-specific endonuclease 1	512.8563028175648	1.1054414263305403	0.14393946325780613	1.6025961825325042e-15	1.15075309217959e-13	upregulated
ENSG00000211890	ENSG00000211890	IGHA2	3494	immunoglobulin heavy constant alpha 2 (A2m marker)	6062.863826035627	3.24172214489808	0.4262330768855364	1.615932878506031e-15	1.1549824398907161e-13	upregulated
ENSG00000149554	ENSG00000149554	CHEK1	1111	checkpoint kinase 1	75.20550302004581	1.59317748529463	0.2092301171630317	1.886366296816866e-15	1.342089048790348e-13	upregulated
ENSG00000123989	ENSG00000123989	CHPF	79586	chondroitin polymerizing factor	420.39024625743986	1.430360187207485	0.18833930474005137	2.0012116515182024e-15	1.417296471006727e-13	upregulated
ENSG00000100479	ENSG00000100479	POLE2	5427	DNA polymerase epsilon 2, accessory subunit	34.98567928556211	1.941076390089026	0.2560993477458867	2.221032072903633e-15	1.55874241858531e-13	upregulated
ENSG00000184678	ENSG00000184678	H2BC21	8349	H2B clustered histone 21	795.7761636282437	1.6443421524138966	0.2174563938817058	3.102559361663929e-15	2.167598905378718e-13	upregulated
ENSG00000137807	ENSG00000137807	KIF23	9493	kinesin family member 23	94.14920642908778	1.6836897296723936	0.22345371450109708	3.386910097443695e-15	2.355649130553888e-13	upregulated
ENSG00000211665	ENSG00000211665	IGLV3-16	28799	immunoglobulin lambda variable 3-16	91.92338805962508	3.517477342536654	0.4701934638395761	3.635952490116915e-15	2.506383249853927e-13	upregulated
ENSG00000223609	ENSG00000223609	HBD	3045	hemoglobin subunit delta	798.5421068907182	6.18338791981717	0.8291561563513851	3.738701428047255e-15	2.556296886473121e-13	upregulated
ENSG00000106853	ENSG00000106853	PTGR1	22949	prostaglandin reductase 1	21.827878773699503	2.6040163434196617	0.34802319016151917	3.9038213915578e-15	2.655625867678135e-13	upregulated
ENSG00000138798	ENSG00000138798	EGF	1950	epidermal growth factor	111.83343951236564	2.6804697291518655	0.3593278501682468	4.5857692040584406e-15	3.092403493693322e-13	upregulated
ENSG00000146858	ENSG00000146858	ZC3HAV1L	92092	zinc finger CCCH-type containing, antiviral 1 like	20.91465083007496	2.3772067967874295	0.3186224200892376	5.1030820476022026e-15	3.4263550891043365e-13	upregulated
ENSG00000241294	ENSG00000241294	IGKV2-24	28923	immunoglobulin kappa variable 2-24	166.74306500605303	3.9495317369789777	0.5331824607693382	6.350474222673135e-15	4.2272899224746916e-13	upregulated
ENSG00000211965	ENSG00000211965	IGHV3-49	28423	immunoglobulin heavy variable 3-49	506.6601946768888	2.9395338027731492	0.3965804616169402	6.468982299065203e-15	4.2877741648932184e-13	upregulated
ENSG00000124721	ENSG00000124721	DNAH8	1769	dynein axonemal heavy chain 8	15.550338849855969	1.728919959856417	0.2321525007351246	6.6254773297760955e-15	4.3728150376522234e-13	upregulated
ENSG00000075702	ENSG00000075702	WDR62	284403	WD repeat domain 62	99.25554364264596	1.2497643352347216	0.16721732760284896	6.953944573165762e-15	4.550872587755315e-13	upregulated
ENSG00000211972	ENSG00000211972	IGHV3-66	28412	immunoglobulin heavy variable 3-66	118.08597318359114	2.7885744267356785	0.3785841556375405	9.277383208159621e-15	5.995508898273154e-13	upregulated
ENSG00000105011	ENSG00000105011	ASF1B	55723	anti-silencing function 1B histone chaperone	300.9100734292491	1.1494313087564425	0.15460246081378812	1.0118575317997815e-14	6.511995982661665e-13	upregulated
ENSG00000166091	ENSG00000166091	CMTM5	116173	CKLF like MARVEL transmembrane domain containing 5	197.8837475854096	2.670929288197862	0.36336120312585807	1.0383868879699087e-14	6.627728655314108e-13	upregulated
ENSG00000211651	ENSG00000211651	IGLV1-44	28823	immunoglobulin lambda variable 1-44	1605.211764588824	3.0559465596058537	0.41581452916811235	1.0749535060877303e-14	6.833003639106844e-13	upregulated
ENSG00000173210	ENSG00000173210	ABLIM3	22885	actin binding LIM protein family member 3	239.83324738886975	2.6660432552804	0.3642775190495572	1.3260569632449591e-14	8.293203024165049e-13	upregulated
ENSG00000129173	ENSG00000129173	E2F8	79733	E2F transcription factor 8	24.65369887274348	2.6728559201691664	0.36516872362663894	1.4068978878952686e-14	8.728394496502246e-13	upregulated
ENSG00000162722	ENSG00000162722	TRIM58	25893	tripartite motif containing 58	1247.625494148732	2.759735944991054	0.3780539496522121	1.507229124227108e-14	9.313595106279858e-13	upregulated
ENSG00000197903	ENSG00000197903	H2BC12	85236	H2B clustered histone 12	178.66336822929355	1.2261127020184532	0.1664398504394427	1.5208957879490182e-14	9.360751456781457e-13	upregulated
ENSG00000136010	ENSG00000136010	ALDH1L2	160428	aldehyde dehydrogenase 1 family member L2	21.10493735248727	1.9854569157184785	0.27170838261439484	1.722852220333928e-14	1.0561833176829733e-12	upregulated
ENSG00000161911	ENSG00000161911	TREML1	340205	triggering receptor expressed on myeloid cells like 1	959.285001127262	2.8002929673431822	0.3844502157385165	1.7686524084346547e-14	1.0673851694483072e-12	upregulated
ENSG00000211654	ENSG00000211654	IGLV5-37	28783	immunoglobulin lambda variable 5-37	114.45353614243658	4.4724884004183245	0.6156400176132876	1.7600104170246173e-14	1.0673851694483072e-12	upregulated
ENSG00000172889	ENSG00000172889	EGFL7	51162	EGF like domain multiple 7	101.85181963316954	2.341732268031404	0.3219679323863356	1.9570447286613242e-14	1.1674524515975825e-12	upregulated
ENSG00000105610	ENSG00000105610	KLF1	10661	KLF transcription factor 1	59.96220068050633	3.102657849350827	0.4274313285839631	1.952995505784371e-14	1.1674524515975825e-12	upregulated
ENSG00000076382	ENSG00000076382	SPAG5	10615	sperm associated antigen 5	274.1119204040901	1.597946856051139	0.21844978369202137	1.9815166399885363e-14	1.1775219573265208e-12	upregulated
ENSG00000113140	ENSG00000113140	SPARC	6678	secreted protein acidic and cysteine rich	3560.610032751684	2.4853545789400773	0.34328287228929055	2.3349168450982873e-14	1.376979477850739e-12	upregulated
ENSG00000146410	ENSG00000146410	MTFR2	113115	mitochondrial fission regulator 2	26.511047882721744	1.7304094109926162	0.23834504508794496	2.8042217431703015e-14	1.647480274112552e-12	upregulated
ENSG00000211895	ENSG00000211895	IGHA1	3493	immunoglobulin heavy constant alpha 1	42830.51284871931	3.1098612894971134	0.4331769832865631	3.409086361516968e-14	1.99528035725012e-12	upregulated
ENSG00000092621	ENSG00000092621	PHGDH	26227	phosphoglycerate dehydrogenase	195.6437412956357	1.3728816866174498	0.19001142193326703	3.8477336503755035e-14	2.239483749366727e-12	upregulated
ENSG00000211938	ENSG00000211938	IGHV3-7	28452	immunoglobulin heavy variable 3-7	1116.8046750518615	2.47822338713465	0.3449602259698892	3.855204133339239e-14	2.239483749366727e-12	upregulated
ENSG00000124635	ENSG00000124635	H2BC11	8970	H2B clustered histone 11	68.57839946256406	2.4073455995545436	0.3359763569940723	4.2331621405000355e-14	2.4407563122362656e-12	upregulated
ENSG00000129810	ENSG00000129810	SGO1	151648	shugoshin 1	32.097906953554116	1.6584035546152982	0.23052540493678064	4.3862502157654823e-14	2.510359440831093e-12	upregulated
ENSG00000005961	ENSG00000005961	ITGA2B	3674	integrin subunit alpha 2b	5132.247686086879	2.942705865235657	0.4130986712756019	5.0485335775998467e-14	2.878777786344618e-12	upregulated
ENSG00000076003	ENSG00000076003	MCM6	4175	minichromosome maintenance complex component 6	661.4487035104954	1.0117468347146896	0.14014099063629032	5.78830026130107e-14	3.2885178407611573e-12	upregulated
ENSG00000240671	ENSG00000240671	IGKV1-8	28942	immunoglobulin kappa variable 1-8	224.63488817250104	2.697491459542104	0.3798611671449112	6.491724954817009e-14	3.6480671756960796e-12	upregulated
ENSG00000211625	ENSG00000211625	IGKV3D-20	28874	immunoglobulin kappa variable 3D-20	507.3303022946122	4.660093731787443	0.6580851093591734	6.524519498072799e-14	3.653259834480473e-12	upregulated
ENSG00000232216	ENSG00000232216	IGHV3-43	28426	immunoglobulin heavy variable 3-43	319.8335144347368	3.409990030455253	0.48310169594187297	8.349663076675144e-14	4.625116939972553e-12	upregulated
ENSG00000176055	ENSG00000176055	MBLAC2	153364	metallo-beta-lactamase domain containing 2	62.71908876460166	-1.0164891795087554	0.14193384585164823	9.171268835490389e-14	5.044197859519713e-12	downregulated
ENSG00000004468	ENSG00000004468	CD38	952	CD38 molecule	941.351125199656	1.5703561447316852	0.22158163222985927	9.785874514104236e-14	5.349454912236435e-12	upregulated
ENSG00000246705	ENSG00000246705	H2AJ	55766	H2A.J histone	563.4891288280978	1.0623439045624392	0.1488510925255393	9.974420459071222e-14	5.428184607726129e-12	upregulated
ENSG00000164611	ENSG00000164611	PTTG1	9232	PTTG1 regulator of sister chromatid separation, securin	204.2442178226403	1.4678571543443628	0.20716847483024625	1.0569315757185337e-13	5.73182123755051e-12	upregulated
ENSG00000164109	ENSG00000164109	MAD2L1	4085	mitotic arrest deficient 2 like 1	184.73477015559556	1.347739593775409	0.190146173369721	1.0681529680954203e-13	5.7724921725296055e-12	upregulated
ENSG00000152207	ENSG00000152207	CYSLTR2	57105	cysteinyl leukotriene receptor 2	194.38447043773965	-1.7100947870184962	0.24244621979510111	1.128818308285113e-13	6.0372317108627926e-12	downregulated
ENSG00000132170	ENSG00000132170	PPARG	5468	peroxisome proliferator activated receptor gamma	43.37282736150207	2.9950689082983364	0.4273459156362142	1.1984342339037065e-13	6.3875309167857335e-12	upregulated
ENSG00000087586	ENSG00000087586	AURKA	6790	aurora kinase A	94.1789390389367	1.293414206363036	0.182809125886738	1.265387493767545e-13	6.721287680936513e-12	upregulated
ENSG00000163053	ENSG00000163053	SLC16A14	151473	solute carrier family 16 member 14	24.886846853939943	2.425691505505594	0.34574460192379514	1.295314724808278e-13	6.856768389684774e-12	upregulated
ENSG00000123352	ENSG00000123352	SPATS2	65244	spermatogenesis associated serine rich 2	123.60944095805137	1.074641905400335	0.151484743794287	1.3755745782376298e-13	7.2568577239679045e-12	upregulated
ENSG00000108950	ENSG00000108950	FAM20A	54757	FAM20A golgi associated secretory pathway pseudokinase	368.856804454492	3.1517026139890354	0.451068010577803	1.4085618476504657e-13	7.405692968494482e-12	upregulated
ENSG00000145050	ENSG00000145050	MANF	7873	mesencephalic astrocyte derived neurotrophic factor	443.3673446387103	1.0937905848783598	0.15569064860303253	1.5934964728878122e-13	8.349706180570934e-12	upregulated
ENSG00000211937	ENSG00000211937	IGHV2-5	28457	immunoglobulin heavy variable 2-5	601.2190720880426	2.7469694752683385	0.3938187078809055	1.6222658296529517e-13	8.471832665965414e-12	upregulated
ENSG00000137941	ENSG00000137941	TTLL7	79739	tubulin tyrosine ligase like 7	24.68021913576267	2.428111205516215	0.3479004578188378	1.648050937136868e-13	8.577607394292893e-12	upregulated
ENSG00000088826	ENSG00000088826	SMOX	54498	spermine oxidase	605.2564220769202	2.235102413677123	0.3200513549329265	1.6718267043307581e-13	8.672251566612058e-12	upregulated
ENSG00000244575	ENSG00000244575	IGKV1-27	28935	immunoglobulin kappa variable 1-27	185.1510729800453	2.9382708153445978	0.4247776607737615	2.356823014979244e-13	1.2132048079246283e-11	upregulated
ENSG00000174175	ENSG00000174175	SELP	6403	selectin P	651.8554242680409	2.3971927331200296	0.3464565426892925	2.545985766157982e-13	1.3032422189145314e-11	upregulated
ENSG00000140682	ENSG00000140682	TGFB1I1	7041	transforming growth factor beta 1 induced transcript 1	67.98067475105105	2.4921914567387966	0.36152124211237785	2.899595404822246e-13	1.469696886561864e-11	upregulated
ENSG00000078900	ENSG00000078900	TP73	7161	tumor protein p73	27.78162959187765	2.0697928907240093	0.30096848152275646	3.4995530704708154e-13	1.74614109787887e-11	upregulated
ENSG00000111247	ENSG00000111247	RAD51AP1	10635	RAD51 associated protein 1	54.773483954272535	1.398135919440905	0.20197217356848285	3.501288726243253e-13	1.74614109787887e-11	upregulated
ENSG00000211663	ENSG00000211663	IGLV3-19	28797	immunoglobulin lambda variable 3-19	3166.6546628476895	3.74131457103514	0.5469972960313891	3.885118540618384e-13	1.919050591241756e-11	upregulated
ENSG00000169715	ENSG00000169715	MT1E	4493	metallothionein 1E	59.45878291028594	1.9049438456914431	0.27838944515777825	4.730206535240014e-13	2.3070913006783835e-11	upregulated
ENSG00000105711	ENSG00000105711	SCN1B	6324	sodium voltage-gated channel beta subunit 1	57.85905303868768	1.6613283699973251	0.24276114209652083	4.991936434882467e-13	2.4271139217876823e-11	upregulated
ENSG00000157445	ENSG00000157445	CACNA2D3	55799	calcium voltage-gated channel auxiliary subunit alpha2delta 3	109.82480501079978	-1.8623178567293175	0.27239798676421273	5.033051174323252e-13	2.4394569910548017e-11	downregulated
ENSG00000122966	ENSG00000122966	CIT	11113	citron rho-interacting serine/threonine kinase	48.78288145362852	1.6377547101727747	0.24022267314716783	6.355364341844974e-13	3.0612329485098e-11	upregulated
ENSG00000117632	ENSG00000117632	STMN1	3925	stathmin 1	1287.6110894314625	1.2979402936879474	0.1896227228063249	6.53381258738997e-13	3.137443753263728e-11	upregulated
ENSG00000169247	ENSG00000169247	SH3TC2	79628	SH3 domain and tetratricopeptide repeats 2	75.60820403780843	2.0885819805101766	0.3081634766815515	7.043562480389303e-13	3.3717794466308046e-11	upregulated
ENSG00000273802	ENSG00000273802	H2BC8	8339	H2B clustered histone 8	50.87363470481381	1.8857850876102396	0.27808855181656705	7.255937462151607e-13	3.4627566165529657e-11	upregulated
ENSG00000167100	ENSG00000167100	SAMD14	201191	sterile alpha motif domain containing 14	46.899378522873185	3.1302296220623043	0.4656207689444612	8.661769623652108e-13	4.108380638007467e-11	upregulated
ENSG00000204420	ENSG00000204420	MPIG6B	80739	megakaryocyte and platelet inhibitory receptor G6b	1286.2644321416242	2.3240951075023935	0.3454241672234832	9.939379716831137e-13	4.6715084669106333e-11	upregulated
ENSG00000112029	ENSG00000112029	FBXO5	26271	F-box protein 5	134.2779414443181	1.0474365603460822	0.15376481376953854	1.0466680544134106e-12	4.904477801798187e-11	upregulated
ENSG00000152952	ENSG00000152952	PLOD2	5352	procollagen-lysine,2-oxoglutarate 5-dioxygenase 2	30.928118631530506	2.4757470124525813	0.3696752266861718	1.1422047718611952e-12	5.319998802272414e-11	upregulated
ENSG00000189057	ENSG00000189057	FAM111B	374393	FAM111 trypsin like peptidase B	76.39596268281669	1.6534776526357224	0.24591951306901477	1.1997831983082737e-12	5.571448325078239e-11	upregulated
ENSG00000100097	ENSG00000100097	LGALS1	3956	galectin 1	4182.000254569363	1.2099384017559116	0.17768562402447824	1.2830485508744253e-12	5.940323290764876e-11	upregulated
ENSG00000205639	ENSG00000205639	MFSD2B	388931	MFSD2 lysolipid transporter B, sphingolipid	111.19929423105606	2.4989780572321085	0.3749941289440773	1.4053352296150573e-12	6.467878163599271e-11	upregulated
ENSG00000135069	ENSG00000135069	PSAT1	29968	phosphoserine aminotransferase 1	137.3239641966186	1.410809313368217	0.21013188246992115	1.4731518415538485e-12	6.739995593657873e-11	upregulated
ENSG00000131845	ENSG00000131845	ZNF304	57343	zinc finger protein 304	108.41076817255887	-1.533580455600619	0.2292225227143937	1.5967471511870294e-12	7.241388396172757e-11	downregulated
ENSG00000110492	ENSG00000110492	MDK	4192	midkine	19.87318703543042	1.513603030063745	0.22676566740503132	1.7432954965472329e-12	7.882948440655273e-11	upregulated
ENSG00000145335	ENSG00000145335	SNCA	6622	synuclein alpha	631.5317817261986	2.3676302417900663	0.35682095058300667	1.7515514407895036e-12	7.897256641466628e-11	upregulated
ENSG00000259719	ENSG00000259719	ENSG00000259719	NA	NA	59.29275412116717	2.423213236249008	0.36588779518787257	1.8952511022771937e-12	8.471280863492588e-11	upregulated
ENSG00000211662	ENSG00000211662	IGLV3-21	28796	immunoglobulin lambda variable 3-21	1728.2319189974114	2.7463471208693355	0.41422833813754073	1.8906273341717835e-12	8.471280863492588e-11	upregulated
ENSG00000065485	ENSG00000065485	PDIA5	10954	protein disulfide isomerase family A member 5	220.86066549719115	1.142495918989986	0.1717351052253415	2.2457051192853445e-12	9.951681828604484e-11	upregulated
ENSG00000118496	ENSG00000118496	FBXO30	84085	F-box protein 30	161.56214587265575	-1.1199376873321398	0.16788666615863607	2.42776526801431e-12	1.0636903759011848e-10	downregulated
ENSG00000143776	ENSG00000143776	CDC42BPA	8476	CDC42 binding protein kinase alpha	53.96826006230549	1.763027885163505	0.2672334647606421	2.6324858980961637e-12	1.1436934532064848e-10	upregulated
ENSG00000158406	ENSG00000158406	H4C8	8365	H4 clustered histone 8	110.21584978577444	2.3569223357275293	0.35899944189092786	2.7953110283098953e-12	1.20431316803018e-10	upregulated
ENSG00000105048	ENSG00000105048	TNNT1	7138	troponin T1, slow skeletal type	217.724955427205	2.874392774500621	0.4390331149523494	2.9976627023422107e-12	1.2879154712833154e-10	upregulated
ENSG00000211933	ENSG00000211933	IGHV6-1	28385	immunoglobulin heavy variable 6-1	222.26726582061835	2.4736656080539787	0.3787918691040134	3.516342367435975e-12	1.5024371933590075e-10	upregulated
ENSG00000136982	ENSG00000136982	DSCC1	79075	DNA replication and sister chromatid cohesion 1	20.586747150438917	2.0351789812173706	0.3133158239061912	4.4526340685492176e-12	1.8817535259727075e-10	upregulated
ENSG00000148346	ENSG00000148346	LCN2	3934	lipocalin 2	62.11184695213169	2.561541802273742	0.39588598546479375	5.08990310836499e-12	2.1394145585566663e-10	upregulated
ENSG00000102145	ENSG00000102145	GATA1	2623	GATA binding protein 1	89.94405271059306	2.435489456650909	0.3770758195079462	5.562022601079144e-12	2.3190045844821915e-10	upregulated
ENSG00000079931	ENSG00000079931	MOXD1	26002	monooxygenase DBH like 1	27.664699376815857	1.6432394332843363	0.252965096622902	5.628030201374725e-12	2.3402345421802136e-10	upregulated
ENSG00000239855	ENSG00000239855	IGKV1-6	28943	immunoglobulin kappa variable 1-6	156.45432188125548	2.7640310834651753	0.42848225781879945	5.767071656400479e-12	2.3916385398601987e-10	upregulated
ENSG00000105971	ENSG00000105971	CAV2	858	caveolin 2	31.146148274921952	2.6398734236835364	0.4097667669588057	6.0069730544000955e-12	2.484484055299879e-10	upregulated
ENSG00000105136	ENSG00000105136	ZNF419	79744	zinc finger protein 419	93.3690569404874	-1.0614703747507237	0.1620909170435719	6.245126000673546e-12	2.5736830606280105e-10	downregulated
ENSG00000179750	ENSG00000179750	APOBEC3B	9582	apolipoprotein B mRNA editing enzyme catalytic subunit 3B	85.77753543852111	2.104380639985156	0.3262701083175187	6.4346885038471284e-12	2.6402650448325123e-10	upregulated
ENSG00000070182	ENSG00000070182	SPTB	6710	spectrin beta, erythrocytic	149.1290554566151	2.8043631176569956	0.4394253048104813	8.807624660178959e-12	3.548214505957809e-10	upregulated
ENSG00000278828	ENSG00000278828	H3C10	8357	H3 clustered histone 10	637.806892169282	2.215929277682511	0.346309776560575	8.98992712381878e-12	3.6122738261769237e-10	upregulated
ENSG00000029153	ENSG00000029153	BMAL2	56938	basic helix-loop-helix ARNT like 2	53.952764958896495	1.9280089586636984	0.3015168304480404	9.574155902072736e-12	3.8370841871097706e-10	upregulated
ENSG00000153162	ENSG00000153162	BMP6	654	bone morphogenetic protein 6	187.6575946854319	1.737801234021149	0.27193168165120424	1.0156923689651962e-11	4.049714304023186e-10	upregulated
ENSG00000127423	ENSG00000127423	AUNIP	79000	aurora kinase A and ninein interacting protein	15.247956195359093	1.7241032090916073	0.27023658253326976	1.2160361686338734e-11	4.823713804478611e-10	upregulated
ENSG00000180573	ENSG00000180573	H2AC6	8334	H2A clustered histone 6	2324.00819107851	1.8438876010303535	0.28932891893376633	1.257116961844148e-11	4.973950019949676e-10	upregulated
ENSG00000188130	ENSG00000188130	MAPK12	6300	mitogen-activated protein kinase 12	16.90714151232659	1.718390340195652	0.27086421233289426	1.3794972357269978e-11	5.4304573924177e-10	upregulated
ENSG00000188672	ENSG00000188672	RHCE	6006	Rh blood group CcEe antigens	24.289769888037455	2.070864194466659	0.3269903002988517	1.3847999342949894e-11	5.437530881244376e-10	upregulated
ENSG00000146376	ENSG00000146376	ARHGAP18	93663	Rho GTPase activating protein 18	447.51857237063945	1.0016780777059755	0.1562230657899745	1.6149843531157416e-11	6.293569677594258e-10	upregulated
ENSG00000231475	ENSG00000231475	IGHV4-30-2	28398	immunoglobulin heavy variable 4-30-2	295.18181021377205	2.6330849754342056	0.4187568876451139	1.7057915820698394e-11	6.614206859475801e-10	upregulated
ENSG00000211943	ENSG00000211943	IGHV3-15	28448	immunoglobulin heavy variable 3-15	729.3464174125411	2.4394894842876775	0.3887438972669999	1.9411575201861045e-11	7.433914355083081e-10	upregulated
ENSG00000188536	ENSG00000188536	HBA2	3040	hemoglobin subunit alpha 2	7668.461227947216	6.436830657462758	1.0348627006111162	2.0402682889483332e-11	7.775076452478782e-10	upregulated
ENSG00000275063	ENSG00000275063	LOC102723407	102723407	immunoglobulin heavy variable 4-38-2-like	1512.2085962847354	3.4415480738260564	0.5512230796510492	2.069442533921737e-11	7.855466769692622e-10	upregulated
ENSG00000185480	ENSG00000185480	PARPBP	55010	PARP1 binding protein	60.59452264923436	1.2088690936073678	0.19067128156029065	2.0766981757283604e-11	7.855997245255333e-10	upregulated
ENSG00000196787	ENSG00000196787	H2AC11	8969	H2A clustered histone 11	153.03974633604744	1.5510468818036531	0.24704827597425355	2.385186322988883e-11	8.914274667363271e-10	upregulated
ENSG00000196550	ENSG00000196550	FAM72A	729533	family with sequence similarity 72 member A	11.752702451642392	1.6646609701116504	0.2650605135355463	2.4520039699637695e-11	9.098225256970827e-10	upregulated
ENSG00000198182	ENSG00000198182	ZNF607	84775	zinc finger protein 607	68.18933994622287	-1.2411171447750264	0.19668315961603053	2.4512269424718735e-11	9.098225256970827e-10	downregulated
ENSG00000012048	ENSG00000012048	BRCA1	672	BRCA1 DNA repair associated	111.41295576489544	1.0514543738435158	0.16590221029746224	2.486000788361945e-11	9.202356140213307e-10	upregulated
ENSG00000186603	ENSG00000186603	HPDL	84842	4-hydroxyphenylpyruvate dioxygenase like	18.5833945847174	1.6772241676453816	0.26765750968058283	2.587436405098529e-11	9.5323369698523e-10	upregulated
ENSG00000169385	ENSG00000169385	RNASE2	6036	ribonuclease A family member 2	1378.3625350395198	2.381289384816047	0.3832035211725978	2.7650015667478983e-11	1.0138339078075628e-9	upregulated
ENSG00000241244	ENSG00000241244	IGKV1D-16	28901	immunoglobulin kappa variable 1D-16	57.19722197438406	3.4690701825749506	0.5599043535908907	2.806920110368908e-11	1.0223179559504584e-9	upregulated
ENSG00000211951	ENSG00000211951	IGHV2-26	28455	immunoglobulin heavy variable 2-26	123.78427012112704	5.196052680118512	0.3494136512164348	2.8079139215660557e-11	1.0223179559504584e-9	upregulated
ENSG00000211964	ENSG00000211964	IGHV3-48	28424	immunoglobulin heavy variable 3-48	1295.860986951148	2.816244049037721	0.454315911620835	3.05966298932043e-11	1.1061858499850783e-9	upregulated
ENSG00000163736	ENSG00000163736	PPBP	5473	pro-platelet basic protein	4926.181282956042	2.1362934238793825	0.3439782127422114	3.242617364708349e-11	1.1696045424796858e-9	upregulated
ENSG00000186026	ENSG00000186026	ZNF284	342909	zinc finger protein 284	29.09620676935438	-1.0401460970902348	0.1649590313457669	3.3043161362021436e-11	1.189093811426804e-9	downregulated
ENSG00000135404	ENSG00000135404	CD63	967	CD63 molecule	5656.941112436602	1.225578933858906	0.1941352936636842	3.5067949474018144e-11	1.253234784198206e-9	upregulated
ENSG00000169756	ENSG00000169756	LIMS1	3987	LIM zinc finger domain containing 1	2084.886556520809	1.074227894938683	0.1718930906043595	3.8339678874081115e-11	1.360135192177378e-9	upregulated
ENSG00000163737	ENSG00000163737	PF4	5196	platelet factor 4	1182.9609073554725	1.94649045961343	0.3151735291747092	3.841000736129539e-11	1.360135192177378e-9	upregulated
ENSG00000003436	ENSG00000003436	TFPI	7035	tissue factor pathway inhibitor	50.85388692201795	2.322462371050782	0.3772646403503993	3.981575859408367e-11	1.4003229383089288e-9	upregulated
ENSG00000169704	ENSG00000169704	GP9	2815	glycoprotein IX platelet	532.7466443661541	2.011389617750879	0.3263886535718688	4.1395846063471966e-11	1.446057595595609e-9	upregulated
ENSG00000117400	ENSG00000117400	MPL	4352	MPL proto-oncogene, thrombopoietin receptor	49.03239040688793	2.1092849847396726	0.34271842286830323	4.2086630261632426e-11	1.4635955949729122e-9	upregulated
ENSG00000150967	ENSG00000150967	ABCB9	23457	ATP binding cassette subfamily B member 9	103.31130414357072	1.327057577493978	0.21377866791260672	4.234275504257231e-11	1.469208346108046e-9	upregulated
ENSG00000211959	ENSG00000211959	IGHV4-39	28394	immunoglobulin heavy variable 4-39	1893.5114973004097	3.1777412539033034	0.518185790745634	4.3247863953836576e-11	1.4972642185803687e-9	upregulated
ENSG00000186642	ENSG00000186642	PDE2A	5138	phosphodiesterase 2A	57.5796301088652	2.018837031633288	0.3281409081801682	4.356526927638105e-11	1.5048938228879063e-9	upregulated
ENSG00000174099	ENSG00000174099	MSRB3	253827	methionine sulfoxide reductase B3	73.93458456489198	1.64366984613832	0.2665953648421187	4.460497070871321e-11	1.5373846570936484e-9	upregulated
ENSG00000205309	ENSG00000205309	NT5M	56953	5',3'-nucleotidase, mitochondrial	155.5724355270386	1.9683826172475525	0.31992133042681914	4.500201563340485e-11	1.544206332907321e-9	upregulated
ENSG00000249096	ENSG00000249096	ENSG00000249096	NA	NA	20.67237265416757	1.7638890747773115	0.28633545977950253	5.064775362039109e-11	1.734098584221337e-9	upregulated
ENSG00000131711	ENSG00000131711	MAP1B	4131	microtubule associated protein 1B	44.52731108738008	1.4995224067652038	0.24344614004463877	5.204529061618355e-11	1.770224687405717e-9	upregulated
ENSG00000277075	ENSG00000277075	H2AC8	3012	H2A clustered histone 8	35.81808871955737	1.9441535266383911	0.3174625389871121	5.299344877842378e-11	1.7985303950839226e-9	upregulated
ENSG00000115290	ENSG00000115290	GRB14	2888	growth factor receptor bound protein 14	19.381237689213684	2.6556440219676674	0.4349355929013436	5.3503955476671104e-11	1.8118915926706743e-9	upregulated
ENSG00000184792	ENSG00000184792	OSBP2	23762	oxysterol binding protein 2	447.41175733767056	2.939611564344438	0.4827084720893933	5.683221353913802e-11	1.8997147241207555e-9	upregulated
ENSG00000213809	ENSG00000213809	KLRC4-KLRK1	100528032	KLRC4-KLRK1 readthrough	70.92659529711162	-1.6454965624417144	0.2681066005850073	5.7344430918218144e-11	1.912714244175405e-9	downregulated
ENSG00000281990	ENSG00000281990	IGHV1-69-2	28458	immunoglobulin heavy variable 1-69-2	579.6478917659762	5.2710014012348365	0.8711231814954665	5.936082946075513e-11	1.971491359606664e-9	upregulated
ENSG00000204103	ENSG00000204103	MAFB	9935	MAF bZIP transcription factor B	5882.630366177434	1.4520990061145314	0.23550955883868568	5.970331363937718e-11	1.978629048176795e-9	upregulated
ENSG00000164181	ENSG00000164181	ELOVL7	79993	ELOVL fatty acid elongase 7	167.9053670383618	2.0830458209875147	0.3417563697873107	6.069589257145013e-11	2.007235167981218e-9	upregulated
ENSG00000276180	ENSG00000276180	H4C9	8294	H4 clustered histone 9	69.70313278497345	1.1154436870998337	0.18052753555991383	6.140921709892809e-11	2.0265041642646276e-9	upregulated
ENSG00000236279	ENSG00000236279	CLEC2L	154790	C-type lectin domain family 2 member L	31.328928352712524	2.980375769002172	0.4910938189052072	6.191884297601816e-11	2.035763581584427e-9	upregulated
ENSG00000213949	ENSG00000213949	ITGA1	3672	integrin subunit alpha 1	140.3873258218659	1.9618619211956632	0.32245199435912053	6.883883324891375e-11	2.238344452181661e-9	upregulated
ENSG00000117411	ENSG00000117411	B4GALT2	8704	beta-1,4-galactosyltransferase 2	77.43330035548233	1.196592965593267	0.19475236264749088	7.278955071744262e-11	2.3520123575573652e-9	upregulated
ENSG00000274213	ENSG00000274213	ENSG00000274213	NA	NA	110.54153132220718	1.289699758906297	0.2108125688788477	7.696423983600523e-11	2.476587883519588e-9	upregulated
ENSG00000165914	ENSG00000165914	TTC7B	145567	tetratricopeptide repeat domain 7B	170.67244167030012	1.790496865620631	0.29523931610432136	8.233635095989485e-11	2.622360130243292e-9	upregulated
ENSG00000254395	ENSG00000254395	IGHV4-55	28393	immunoglobulin heavy variable 4-55 (pseudogene)	81.05764554480805	2.4731448654915704	0.4099358368257123	8.458486185237691e-11	2.688342637972061e-9	upregulated
ENSG00000128578	ENSG00000128578	STRIP2	57464	striatin interacting protein 2	28.204726185697428	1.6983532213955923	0.28032846773959647	8.801930731710327e-11	2.7917780296283678e-9	upregulated
ENSG00000205038	ENSG00000205038	PKHD1L1	93035	PKHD1 like 1	64.1588049426081	1.696095747774475	0.2803539971527863	8.958128343278768e-11	2.835521849066402e-9	upregulated
ENSG00000109272	ENSG00000109272	PF4V1	5197	platelet factor 4 variant 1	249.46943493299423	2.7644529145009424	0.4603891337528628	9.698990378218052e-11	3.039016985174989e-9	upregulated
ENSG00000091651	ENSG00000091651	ORC6	23594	origin recognition complex subunit 6	48.33386564055053	1.2098191303871793	0.1985532914514093	9.779790694461987e-11	3.058156324014222e-9	upregulated
ENSG00000249992	ENSG00000249992	TMEM158	25907	transmembrane protein 158	90.80027696533392	1.9570255267365209	0.32561390898454423	1.0539940525335731e-10	3.289224900361312e-9	upregulated
ENSG00000277856	ENSG00000277856	ENSG00000277856	NA	NA	293.5468354883208	4.341284838557555	0.5320265113351351	1.0569940116611311e-10	3.291963277281956e-9	upregulated
ENSG00000140525	ENSG00000140525	FANCI	55215	FA complementation group I	400.8695739918547	1.0064993875545074	0.1646678767161165	1.0894988551703993e-10	3.379625448738579e-9	upregulated
ENSG00000158578	ENSG00000158578	ALAS2	212	5'-aminolevulinate synthase 2	2533.283125594636	5.980363121809042	1.010314441086312	1.2841681394670529e-10	3.920757449435825e-9	upregulated
ENSG00000144290	ENSG00000144290	SLC4A10	57282	solute carrier family 4 member 10	61.139594821908894	-2.445488075824051	0.41055194338941264	1.3520136786227114e-10	4.095650811609035e-9	downregulated
ENSG00000183160	ENSG00000183160	TMEM119	338773	transmembrane protein 119	45.23458879674538	1.8763573022579672	0.3143689296747928	1.3806523398992395e-10	4.174252980864952e-9	upregulated
ENSG00000245648	ENSG00000245648	KLRK1-AS1	101928100	KLRK1 antisense RNA 1	90.20650509432888	-1.202053226538681	0.19915824787533432	1.4254487460811978e-10	4.284633730953368e-9	downregulated
ENSG00000213557	ENSG00000213557	RPL31P43	392382	ribosomal protein L31 pseudogene 43	19.71216689939763	-1.8848372931605384	0.3156676095627216	1.432475302614227e-10	4.297425907842682e-9	downregulated
ENSG00000222037	ENSG00000222037	IGLC6	3542	immunoglobulin lambda constant 6	35.58475152300279	2.755295251050213	0.4641705899310284	1.474240983955309e-10	4.405679703496503e-9	upregulated
ENSG00000154146	ENSG00000154146	NRGN	4900	neurogranin	2047.0695801723905	1.7482894325208576	0.29321102299310503	1.6837110466907243e-10	5.021991987340987e-9	upregulated
ENSG00000100162	ENSG00000100162	CENPM	79019	centromere protein M	213.3964548813267	1.106560059339439	0.18429628122708283	1.8119150836760616e-10	5.3836787256351955e-9	upregulated
ENSG00000146054	ENSG00000146054	TRIM7	81786	tripartite motif containing 7	121.5008556825702	1.46665503595482	0.24730215804723865	2.0700059846012915e-10	6.080642579766294e-9	upregulated
ENSG00000211967	ENSG00000211967	IGHV3-53	28420	immunoglobulin heavy variable 3-53	294.48813694782973	2.375714537563447	0.4038755158974201	2.159996425762478e-10	6.309142102368367e-9	upregulated
ENSG00000275713	ENSG00000275713	H2BC9	8345	H2B clustered histone 9	83.20143543972767	2.2614826961156225	0.38535788108946856	2.3223396736002884e-10	6.757877736874385e-9	upregulated
ENSG00000125148	ENSG00000125148	MT2A	4502	metallothionein 2A	977.5949597381576	1.2880618555585877	0.2167245513199348	2.407940450220913e-10	6.980776894004927e-9	upregulated
ENSG00000143942	ENSG00000143942	CHAC2	494143	ChaC glutathione specific gamma-glutamylcyclotransferase 2	44.0890797156645	1.3215618307596313	0.2229816919850653	2.559260347824487e-10	7.378090705345316e-9	upregulated
ENSG00000138722	ENSG00000138722	MMRN1	22915	multimerin 1	250.57333604997112	2.0984969910400273	0.3580419574899705	2.6154657499898855e-10	7.526136137725998e-9	upregulated
ENSG00000158373	ENSG00000158373	H2BC5	3017	H2B clustered histone 5	76.45817078734194	1.9309119973225877	0.32990001315338513	2.782865796364958e-10	7.948848711163995e-9	upregulated
ENSG00000072422	ENSG00000072422	RHOBTB1	9886	Rho related BTB domain containing 1	190.99718300261264	2.0345265474862995	0.3489984851822443	3.100700769707586e-10	8.743976170575393e-9	upregulated
ENSG00000011105	ENSG00000011105	TSPAN9	10867	tetraspanin 9	26.55599865521481	2.1034808428758245	0.3611980777604107	3.180450364133523e-10	8.902493299066268e-9	upregulated
ENSG00000224650	ENSG00000224650	IGHV3-74	28408	immunoglobulin heavy variable 3-74	831.8667370483887	2.4621369486575952	0.4232220733566841	3.181769312469309e-10	8.902493299066268e-9	upregulated
ENSG00000087589	ENSG00000087589	CASS4	57091	Cas scaffold protein family member 4	211.49281272254137	-1.011673992874659	0.1706469781750227	3.2682870054146415e-10	9.117109973737608e-9	downregulated
ENSG00000104341	ENSG00000104341	LAPTM4B	55353	lysosomal protein transmembrane 4 beta	116.4703142401846	1.2592786619296017	0.2143921298029171	3.395881933591515e-10	9.405380141072217e-9	upregulated
ENSG00000142089	ENSG00000142089	IFITM3	10410	interferon induced transmembrane protein 3	6781.372507053042	1.995089945822187	0.34045733849456133	3.4121704807456975e-10	9.433647799708696e-9	upregulated
ENSG00000196141	ENSG00000196141	SPATS2L	26010	spermatogenesis associated serine rich 2 like	231.00285271694435	1.409254356709228	0.24002328450957192	3.4547382199443214e-10	9.517404936294214e-9	upregulated
ENSG00000187800	ENSG00000187800	PEAR1	375033	platelet endothelial aggregation receptor 1	287.5460049950022	2.0298524329912575	0.34906099742465024	3.5123503627839976e-10	9.658963497655994e-9	upregulated
ENSG00000136231	ENSG00000136231	IGF2BP3	10643	insulin like growth factor 2 mRNA binding protein 3	48.70737169956254	1.6612756467366274	0.28550290563442243	3.7990612744299335e-10	1.0373845134931036e-8	upregulated
ENSG00000221955	ENSG00000221955	SLC12A8	84561	solute carrier family 12 member 8	14.8285196858054	1.8413669991499395	0.31733661727863005	4.0043812806308924e-10	1.0896132221506166e-8	upregulated
ENSG00000082781	ENSG00000082781	ITGB5	3693	integrin subunit beta 5	611.1688704631304	1.9882768253310752	0.3434322611913518	4.2162627439961667e-10	1.1353165826281344e-8	upregulated
ENSG00000005249	ENSG00000005249	PRKAR2B	5577	protein kinase cAMP-dependent type II regulatory subunit beta	1293.79868064447	1.823240189214099	0.31509156181630776	4.3423853326348085e-10	1.1652317735149809e-8	upregulated
ENSG00000088053	ENSG00000088053	GP6	51206	glycoprotein VI platelet	222.88535903943668	1.998742064968505	0.3464311339407796	4.619430743324559e-10	1.2352994970511021e-8	upregulated
ENSG00000259207	ENSG00000259207	ITGB3	3690	integrin subunit beta 3	1599.305425254346	2.3554980388859743	0.4096521126079669	4.9324875885084e-10	1.3055099402349026e-8	upregulated
ENSG00000204323	ENSG00000204323	SMIM5	643008	small integral membrane protein 5	131.81268208244663	2.063038158758756	0.3607413500836243	5.970160533519823e-10	1.5588752504190653e-8	upregulated
ENSG00000142583	ENSG00000142583	SLC2A5	6518	solute carrier family 2 member 5	107.15728904152716	1.66947921088574	0.290877385442885	6.117123368966145e-10	1.5892225033947224e-8	upregulated
ENSG00000135862	ENSG00000135862	LAMC1	3915	laminin subunit gamma 1	237.4871922622455	1.5423115362517987	0.2684512287065177	6.321869887535898e-10	1.6342033659280298e-8	upregulated
ENSG00000149564	ENSG00000149564	ESAM	90952	endothelial cell adhesion molecule	594.2473014126474	1.9009922729530015	0.3323821776545869	6.406500270739582e-10	1.6505783920128062e-8	upregulated
ENSG00000130821	ENSG00000130821	SLC6A8	6535	solute carrier family 6 member 8	81.91987396581993	2.4280941029496694	0.426737436642088	6.503310030835956e-10	1.6699724930176443e-8	upregulated
ENSG00000143546	ENSG00000143546	S100A8	6279	S100 calcium binding protein A8	43018.39416234534	1.8229645740535296	0.31868362828823127	6.589386242445413e-10	1.6864914293783562e-8	upregulated
ENSG00000101856	ENSG00000101856	PGRMC1	10857	progesterone receptor membrane component 1	749.5269906986817	1.0189430173170162	0.1755227315050825	6.760568764334445e-10	1.7274534025506962e-8	upregulated
ENSG00000088726	ENSG00000088726	TMEM40	55287	transmembrane protein 40	200.9111750908006	1.999513629392344	0.3509907257719617	6.897512388985318e-10	1.759546334755959e-8	upregulated
ENSG00000140479	ENSG00000140479	PCSK6	5046	proprotein convertase subtilisin/kexin type 6	228.488491515556	2.160093494201886	0.3798845119609131	7.181510122416825e-10	1.8231763890690724e-8	upregulated
ENSG00000068137	ENSG00000068137	PLEKHH3	79990	pleckstrin homology, MyTH4 and FERM domain containing H3	26.48760436849753	1.0980121949585742	0.19052441714855123	7.789297190372568e-10	1.9548867220498147e-8	upregulated
ENSG00000127920	ENSG00000127920	GNG11	2791	G protein subunit gamma 11	596.9000333455365	1.678714842065201	0.2947565759348043	7.980361931397265e-10	1.9963776379995422e-8	upregulated
ENSG00000186193	ENSG00000186193	SAPCD2	89958	suppressor APC domain containing 2	143.89581148909127	1.556506482775834	0.2733382938434322	8.504665959366963e-10	2.1105179044765056e-8	upregulated
ENSG00000170271	ENSG00000170271	FAXDC2	10826	fatty acid hydroxylase domain containing 2	493.3699927390558	1.895321101182093	0.3347536910283529	8.660291518438165e-10	2.1457048155107982e-8	upregulated
ENSG00000065534	ENSG00000065534	MYLK	4638	myosin light chain kinase	521.7877846641753	1.9766832701838473	0.3500297613259777	9.502607721401856e-10	2.343170838774925e-8	upregulated
ENSG00000133069	ENSG00000133069	TMCC2	9911	transmembrane and coiled-coil domain family 2	250.28594499171464	1.9220028175363644	0.34098365515973933	1.0214594755449548e-9	2.494934876488543e-8	upregulated
ENSG00000243264	ENSG00000243264	IGKV2D-29	28882	immunoglobulin kappa variable 2D-29	176.6575186651209	4.36766608120815	0.5389924986794559	1.0818804507223391e-9	2.6224595715849866e-8	upregulated
ENSG00000274576	ENSG00000274576	IGHV2-70	28454	immunoglobulin heavy variable 2-70	201.42106643052412	3.722800212502372	0.6673814722143583	1.0791658560142996e-9	2.6224595715849866e-8	upregulated
ENSG00000175643	ENSG00000175643	RMI2	116028	RecQ mediated genome instability 2	82.61433404639124	1.2256429357222165	0.21536555365926344	1.082123872220755e-9	2.6224595715849866e-8	upregulated
ENSG00000211639	ENSG00000211639	IGLV4-60	28785	immunoglobulin lambda variable 4-60	135.21685276552282	2.6689056131202387	0.47690301321230255	1.093170390537859e-9	2.6450971540159436e-8	upregulated
ENSG00000211670	ENSG00000211670	IGLV3-9	28804	immunoglobulin lambda variable 3-9	146.98484721680703	2.708366395576163	0.4860193945725208	1.2466020246345936e-9	2.9745842157050082e-8	upregulated
ENSG00000047648	ENSG00000047648	ARHGAP6	395	Rho GTPase activating protein 6	94.84265856026748	1.9401293042848993	0.34723314130621036	1.3136086932329954e-9	3.120072102916349e-8	upregulated
ENSG00000111452	ENSG00000111452	ADGRD1	283383	adhesion G protein-coupled receptor D1	77.17513005403214	-1.2527620878693968	0.22179911529147897	1.34220000990011e-9	3.1685726261112195e-8	downregulated
ENSG00000088340	ENSG00000088340	FER1L4	80307	fer-1 like family member 4 (pseudogene)	23.35920506426615	2.5268899199103765	0.4551453056615603	1.4702137874973876e-9	3.4655039276724146e-8	upregulated
ENSG00000234456	ENSG00000234456	MAGI2-AS3	100505881	MAGI2 antisense RNA 3	37.94196184164817	2.3428824202568697	0.4231723361960269	1.57986496955847e-9	3.7014661144791354e-8	upregulated
ENSG00000163221	ENSG00000163221	S100A12	6283	S100 calcium binding protein A12	3719.4181108386783	2.3781151479434026	0.42767817079205134	1.5966683117700124e-9	3.7351923854529256e-8	upregulated
ENSG00000182732	ENSG00000182732	RGS6	9628	regulator of G protein signaling 6	67.6927450994297	1.8217846281343728	0.3277663026508345	1.6309710287647807e-9	3.803964008442368e-8	upregulated
ENSG00000184497	ENSG00000184497	TMEM255B	348013	transmembrane protein 255B	38.90754377162358	1.517907943741992	0.27243904422367793	1.6480309172807867e-9	3.837981910964715e-8	upregulated
ENSG00000136842	ENSG00000136842	TMOD1	7111	tropomodulin 1	56.46376377594705	2.1910954411591783	0.39808322415351055	2.005926091231055e-9	4.643569205222934e-8	upregulated
ENSG00000144354	ENSG00000144354	CDCA7	83879	cell division cycle associated 7	183.42217369107377	1.3938073382067502	0.25095346270809005	2.1799729050165758e-9	4.994295385052746e-8	upregulated
ENSG00000168758	ENSG00000168758	SEMA4C	54910	semaphorin 4C	290.49228896291675	-1.0121807720596885	0.1805627525711135	2.1971286323531263e-9	5.018772472429602e-8	downregulated
ENSG00000254614	ENSG00000254614	CAPN1-AS1	728975	CAPN1 antisense RNA 1	96.5053206650932	1.736995968618187	0.31648691819723185	2.446330044191245e-9	5.547160670381025e-8	upregulated
ENSG00000085733	ENSG00000085733	CTTN	2017	cortactin	237.43670515435383	1.7261922512878871	0.31469068572385295	2.511736105590926e-9	5.6788669092879396e-8	upregulated
ENSG00000122786	ENSG00000122786	CALD1	800	caldesmon 1	67.21566200852111	2.0144862392086686	0.369370908259503	2.7330095717560654e-9	6.10792196800239e-8	upregulated
ENSG00000253234	ENSG00000253234	ENSG00000253234	NA	NA	35.60503495305887	1.9212577299264668	0.35174319687342226	2.7817480099642255e-9	6.19898155668752e-8	upregulated
ENSG00000064601	ENSG00000064601	CTSA	5476	cathepsin A	5550.640275908497	1.1005868883968868	0.19646619070041613	2.923072118255675e-9	6.485958305314095e-8	upregulated
ENSG00000166341	ENSG00000166341	DCHS1	8642	dachsous cadherin-related 1	97.52508570752204	-1.2217742734439347	0.2217365266707922	2.9545190417506104e-9	6.537031431890438e-8	downregulated
ENSG00000111644	ENSG00000111644	ACRBP	84519	acrosin binding protein	660.261342158726	1.4850697283328214	0.2704132006395611	3.0318242939807387e-9	6.660565835643239e-8	upregulated
ENSG00000239951	ENSG00000239951	IGKV3-20	28912	immunoglobulin kappa variable 3-20	3174.3351495409265	2.310188030535402	0.42522687576552465	3.095975760397212e-9	6.791878931225003e-8	upregulated
ENSG00000280011	ENSG00000280011	ENSG00000280011	NA	NA	20.21067597293095	1.110870610151829	0.20106098439586065	3.100613375731132e-9	6.792445403614387e-8	upregulated
ENSG00000211935	ENSG00000211935	IGHV1-3	28473	immunoglobulin heavy variable 1-3	295.13957375710646	2.936335195121539	0.5435252481011658	3.122291796059173e-9	6.830288541167529e-8	upregulated
ENSG00000240505	ENSG00000240505	TNFRSF13B	23495	TNF receptor superfamily member 13B	246.7529929097979	1.4433167129027438	0.26369731136452434	3.1639499865960593e-9	6.911671027057028e-8	upregulated
ENSG00000101003	ENSG00000101003	GINS1	9837	GINS complex subunit 1	32.583130817623775	1.5259377125087197	0.2790003140171489	3.2024086870445983e-9	6.956492820176713e-8	upregulated
ENSG00000238243	ENSG00000238243	OR2W3	343171	olfactory receptor family 2 subfamily W member 3	63.91935681713735	2.445360658587895	0.45374173831444337	3.546644899925955e-9	7.618900609120716e-8	upregulated
ENSG00000167553	ENSG00000167553	TUBA1C	84790	tubulin alpha 1c	232.53235339577117	1.1181612691560034	0.2030350790611555	3.592292741883591e-9	7.695643705333495e-8	upregulated
ENSG00000110079	ENSG00000110079	MS4A4A	51338	membrane spanning 4-domains A4A	687.8480209788179	1.6564212711768014	0.30598309134586044	3.887269612744286e-9	8.270446048513563e-8	upregulated
ENSG00000211942	ENSG00000211942	IGHV3-13	28449	immunoglobulin heavy variable 3-13	274.794253178281	3.1545478943529304	0.588861268168788	3.913255970810972e-9	8.314328781818929e-8	upregulated
ENSG00000185052	ENSG00000185052	SLC24A3	57419	solute carrier family 24 member 3	54.31119484226642	2.179767594767917	0.40525889962025047	3.998395060736355e-9	8.472009206560227e-8	upregulated
ENSG00000278196	ENSG00000278196	IGLV2-8	28817	immunoglobulin lambda variable 2-8	535.0251768394262	2.225885615160128	0.4147583023209039	4.239085476543887e-9	8.921060480487884e-8	upregulated
ENSG00000042062	ENSG00000042062	RIPOR3	140876	RIPOR family member 3	77.5807837200583	1.4174646639042665	0.26145095656046735	4.299917609009915e-9	9.000232404283911e-8	upregulated
ENSG00000006327	ENSG00000006327	TNFRSF12A	51330	TNF receptor superfamily member 12A	89.35538228634798	2.064305933112869	0.38518267975661985	4.569600523599759e-9	9.51335625785668e-8	upregulated
ENSG00000124191	ENSG00000124191	TOX2	84969	TOX high mobility group box family member 2	77.14538317189935	1.1659746709355367	0.21437842472354787	4.811980345714926e-9	1.0004532863544036e-7	upregulated
ENSG00000163606	ENSG00000163606	CD200R1	131450	CD200 receptor 1	219.8634196713867	-1.139827835706475	0.20981910309847124	5.075633476608176e-9	1.05244752970846e-7	downregulated
ENSG00000239819	ENSG00000239819	IGKV1D-8	28904	immunoglobulin kappa variable 1D-8	81.67093346069491	2.2250563339003544	0.41730364733050207	5.090929391144698e-9	1.0542098111702841e-7	upregulated
ENSG00000086506	ENSG00000086506	HBQ1	3049	hemoglobin subunit theta 1	28.216369257561585	2.6521479909930323	0.49893042885173194	5.1146955036896635e-9	1.0577190301630223e-7	upregulated
ENSG00000178229	ENSG00000178229	ZNF543	125919	zinc finger protein 543	94.61636344798468	-1.027321450856676	0.1886933709083576	5.477720959116735e-9	1.1208370986266564e-7	downregulated
ENSG00000079308	ENSG00000079308	TNS1	7145	tensin 1	286.7831089023849	2.213914395873974	0.4165230327723321	5.625324019589802e-9	1.1495227344379163e-7	upregulated
ENSG00000049323	ENSG00000049323	LTBP1	4052	latent transforming growth factor beta binding protein 1	392.9454003777963	1.8570205648624023	0.3487909893649461	5.881963199791825e-9	1.195665127506831e-7	upregulated
ENSG00000134668	ENSG00000134668	SPOCD1	90853	SPOC domain containing 1	82.49251823135253	2.0473487428575856	0.386533043982399	6.503505202381282e-9	1.3116952625348986e-7	upregulated
ENSG00000163430	ENSG00000163430	FSTL1	11167	follistatin like 1	108.85338656324382	2.0257381769325873	0.3827762740399258	6.587846045981177e-9	1.3269804178333517e-7	upregulated
ENSG00000163220	ENSG00000163220	S100A9	6280	S100 calcium binding protein A9	73630.94538912301	1.586274459104548	0.2953250512003772	6.697435171522952e-9	1.343819139848913e-7	upregulated
ENSG00000115155	ENSG00000115155	OTOF	9381	otoferlin	145.2637610027403	2.7047488468093897	0.5135103867953527	6.692560088682345e-9	1.343819139848913e-7	upregulated
ENSG00000118985	ENSG00000118985	ELL2	22936	elongation factor for RNA polymerase II 2	618.9950938796605	1.2760790749012771	0.23810006550265103	7.314841213019487e-9	1.4508080206385196e-7	upregulated
ENSG00000185245	ENSG00000185245	GP1BA	2811	glycoprotein Ib platelet subunit alpha	309.6416185171818	1.8046478357491371	0.3409552546501958	7.372156080771663e-9	1.4603083117850384e-7	upregulated
ENSG00000115641	ENSG00000115641	FHL2	2274	four and a half LIM domains 2	65.15958465156342	1.838957792931378	0.3485228186533092	7.566777543434957e-9	1.491241673426635e-7	upregulated
ENSG00000211899	ENSG00000211899	IGHM	3507	immunoglobulin heavy constant mu	33906.18117300106	1.4482067314357343	0.2738396116370668	7.724476237750892e-9	1.5184616786757457e-7	upregulated
ENSG00000187699	ENSG00000187699	C2orf88	84281	chromosome 2 open reading frame 88	320.2979195247682	1.633577110167352	0.30889781678016615	7.897388740631147e-9	1.5485271727836806e-7	upregulated
ENSG00000236008	ENSG00000236008	LINC01814	101929567	long intergenic non-protein coding RNA 1814	22.795672607011557	1.1571469068623528	0.21628686772935385	7.932209831080236e-9	1.5533910919198794e-7	upregulated
ENSG00000116133	ENSG00000116133	DHCR24	1718	24-dehydrocholesterol reductase	574.4030577330783	1.2438114747890472	0.23329252638152329	8.076177705490374e-9	1.5776009598508278e-7	upregulated
ENSG00000112290	ENSG00000112290	WASF1	8936	WASP family member 1	112.6870406757148	1.3624335982258755	0.2569828489292508	8.211223307721896e-9	1.5999581437316776e-7	upregulated
ENSG00000279278	ENSG00000279278	ENSG00000279278	NA	NA	16.385186103481246	-1.4151727653683996	0.26643242771504727	8.523744299030141e-9	1.656682632555858e-7	downregulated
ENSG00000177469	ENSG00000177469	CAVIN1	284119	caveolae associated protein 1	19.539718504224485	1.719181964017385	0.32778217246154134	9.414041200763002e-9	1.8160669032815198e-7	upregulated
ENSG00000211638	ENSG00000211638	IGLV8-61	28774	immunoglobulin lambda variable 8-61	374.8463793285616	2.686137898387126	0.5170978784238414	9.90877263519764e-9	1.9043997964301787e-7	upregulated
ENSG00000211713	ENSG00000211713	TRBV6-4	28603	T cell receptor beta variable 6-4	14.857953943437607	-1.4983788114629744	0.28481287048772513	1.0654713672314458e-8	2.0301549024274845e-7	downregulated
ENSG00000085741	ENSG00000085741	WNT11	7481	Wnt family member 11	31.580527041649574	2.0759347537499293	0.3991468696310635	1.0683893969772636e-8	2.0332171223456882e-7	upregulated
ENSG00000134508	ENSG00000134508	CABLES1	91768	Cdk5 and Abl enzyme substrate 1	25.75076746828982	1.4762528961369252	0.2818879885144231	1.1011124215055231e-8	2.0903615247920033e-7	upregulated
ENSG00000134548	ENSG00000134548	SPX	80763	spexin hormone	83.41924001884688	1.8502029652845855	0.3561752894082907	1.1689631954354694e-8	2.216457110171654e-7	upregulated
ENSG00000223648	ENSG00000223648	IGHV3-64	28414	immunoglobulin heavy variable 3-64	102.3532721297758	3.2909079048121943	0.639195000749581	1.1875116761147331e-8	2.2461348898218915e-7	upregulated
ENSG00000154920	ENSG00000154920	EME1	146956	essential meiotic structure-specific endonuclease 1	25.689523002871308	1.025962102810133	0.1931948839919428	1.2116370519369726e-8	2.2889757217469485e-7	upregulated
ENSG00000211655	ENSG00000211655	IGLV1-36	28826	immunoglobulin lambda variable 1-36	74.30695648939417	2.7467099035408693	0.5323923652360832	1.3336307034979797e-8	2.495128131634942e-7	upregulated
ENSG00000171611	ENSG00000171611	PTCRA	171558	pre T cell antigen receptor alpha	156.04024382878123	1.5735010954017583	0.30308249076153465	1.3564642965441562e-8	2.531740221347757e-7	upregulated
ENSG00000166681	ENSG00000166681	BEX3	27018	brain expressed X-linked 3	385.7581695319009	1.2363010191123411	0.23625996563895824	1.3635753501218829e-8	2.5419535673546153e-7	upregulated
ENSG00000143369	ENSG00000143369	ECM1	1893	extracellular matrix protein 1	19.310908809095473	1.8873348903584688	0.3654046982831929	1.3979622835607562e-8	2.602928573592717e-7	upregulated
ENSG00000184500	ENSG00000184500	PROS1	5627	protein S	149.00696105532575	2.0523789023267165	0.39953526843748827	1.5139138093572744e-8	2.802005153118297e-7	upregulated
ENSG00000144395	ENSG00000144395	CCDC150	284992	coiled-coil domain containing 150	16.519176712867456	1.4002701600244665	0.2696662051893515	1.5439384237275538e-8	2.850772018096948e-7	upregulated
ENSG00000211594	ENSG00000211594	IGKJ4	28947	immunoglobulin kappa joining 4	18.183755631196348	1.6275899419088826	0.31484293529683066	1.5593587553614343e-8	2.875820962622574e-7	upregulated
ENSG00000165702	ENSG00000165702	GFI1B	8328	growth factor independent 1B transcriptional repressor	285.6301590938428	1.6259203351930074	0.3154011974089901	1.5803860371755212e-8	2.9008032469340036e-7	upregulated
ENSG00000156381	ENSG00000156381	ANKRD9	122416	ankyrin repeat domain 9	232.400976274049	1.4460003839197983	0.2804327919371811	1.7926596279552857e-8	3.263397984693249e-7	upregulated
ENSG00000180914	ENSG00000180914	OXTR	5021	oxytocin receptor	15.834687308183035	1.9201088330245284	0.37485315537116526	1.8241363786695986e-8	3.309047395691869e-7	upregulated
ENSG00000148926	ENSG00000148926	ADM	133	adrenomedullin	861.163266761346	2.088636049353043	0.4097641353415567	1.9019561195326082e-8	3.438151446847407e-7	upregulated
ENSG00000259630	ENSG00000259630	ENSG00000259630	NA	NA	19.161373762894907	1.5852418467177565	0.30894941304303236	1.906006357330934e-8	3.441462002584725e-7	upregulated
ENSG00000161640	ENSG00000161640	SIGLEC11	114132	sialic acid binding Ig like lectin 11	38.66609802075314	2.193973336615424	0.4312451263831235	1.9314737767371924e-8	3.4833904973481225e-7	upregulated
ENSG00000171502	ENSG00000171502	COL24A1	255631	collagen type XXIV alpha 1 chain	31.856459509268433	1.0140003703571203	0.1944063379282588	1.9487838598080342e-8	3.510527022720395e-7	upregulated
ENSG00000135424	ENSG00000135424	ITGA7	3679	integrin subunit alpha 7	47.796680926686506	1.6866625418080814	0.3302651918002501	1.956679556955346e-8	3.520661244591348e-7	upregulated
ENSG00000147036	ENSG00000147036	LANCL3	347404	LanC like family member 3	42.20694653758431	1.5728826149016568	0.30757747648971345	2.04357838219272e-8	3.651601464033306e-7	upregulated
ENSG00000175305	ENSG00000175305	CCNE2	9134	cyclin E2	33.11640472653962	1.214754003570669	0.23532030609982071	2.0896796370293413e-8	3.721117241139504e-7	upregulated
ENSG00000275210	ENSG00000275210	ENSG00000275210	NA	NA	17.38269781072372	1.5356550166861735	0.30223294172409415	2.4105502012679452e-8	4.22615237472129e-7	upregulated
ENSG00000142303	ENSG00000142303	ADAMTS10	81794	ADAM metallopeptidase with thrombospondin type 1 motif 10	240.5194004815471	-1.040850117020318	0.2017500228626832	2.4972841302754183e-8	4.356904033810094e-7	downregulated
ENSG00000173372	ENSG00000173372	C1QA	712	complement C1q A chain	397.0388599879402	1.560620907197034	0.30716098773753836	2.550618577350349e-8	4.444954397157743e-7	upregulated
ENSG00000168497	ENSG00000168497	CAVIN2	8436	caveolae associated protein 2	2145.064155956705	1.5279493399251194	0.3001735344686976	2.6108571487810352e-8	4.538955501214464e-7	upregulated
ENSG00000135253	ENSG00000135253	KCP	375616	kielin cysteine rich BMP regulator	23.891934986398663	1.2185952554935136	0.23830269890901065	2.650214211677709e-8	4.597854857172402e-7	upregulated
ENSG00000170858	ENSG00000170858	LILRP2	79166	leukocyte immunoglobulin-like receptor pseudogene 2	20.525758539468	2.0689492093085415	0.4121051136375721	2.6751359987681108e-8	4.627289844685806e-7	upregulated
ENSG00000112312	ENSG00000112312	GMNN	51053	geminin DNA replication inhibitor	155.7198876823675	1.0492916720713272	0.2039375730159887	2.691988155526722e-8	4.649525199579004e-7	upregulated
ENSG00000050767	ENSG00000050767	COL23A1	91522	collagen type XXIII alpha 1 chain	18.1363319715665	1.6719607833750745	0.3314196095645368	2.7152432107057625e-8	4.6844741043433114e-7	upregulated
ENSG00000130830	ENSG00000130830	MPP1	4354	MAGUK p55 scaffold protein 1	2491.7961061005294	1.038638830861606	0.19970689885887052	2.7662557164430548e-8	4.761889696118955e-7	upregulated
ENSG00000147454	ENSG00000147454	SLC25A37	51312	solute carrier family 25 member 37	1142.5681096914077	1.3708221279907935	0.2695618533749006	2.7929319627904618e-8	4.794028922570757e-7	upregulated
ENSG00000198478	ENSG00000198478	SH3BGRL2	83699	SH3 domain binding glutamate rich protein like 2	581.2408501942705	1.6284653882584312	0.3243228491655208	3.2101409807636206e-8	5.459351602153921e-7	upregulated
ENSG00000165682	ENSG00000165682	CLEC1B	51266	C-type lectin domain family 1 member B	165.5430364236316	1.7473123352658004	0.34872565894825025	3.216178032661557e-8	5.463627742232284e-7	upregulated
ENSG00000242472	ENSG00000242472	IGHJ5	28476	immunoglobulin heavy joining 5	23.314782976890186	1.5823965901757	0.31481137467823056	3.2503310359619587e-8	5.506628126233003e-7	upregulated
ENSG00000108960	ENSG00000108960	MMD	23531	monocyte to macrophage differentiation associated	942.0876098579143	1.4246645471287789	0.28254999110447365	3.2822381188578214e-8	5.545480743298998e-7	upregulated
ENSG00000110013	ENSG00000110013	SIAE	54414	sialic acid acetylesterase	165.24413550878418	1.120058706231592	0.22051898987966537	3.5776207496852386e-8	6.01831863640109e-7	upregulated
ENSG00000102230	ENSG00000102230	PCYT1B	9468	phosphate cytidylyltransferase 1B, choline	53.23503763409538	2.2936395280283146	0.4628620531612628	3.6344574348492736e-8	6.100696408496994e-7	upregulated
ENSG00000177301	ENSG00000177301	KCNA2	3737	potassium voltage-gated channel subfamily A member 2	17.608838355711857	1.1385707412048065	0.2248255314499553	3.768326306718801e-8	6.298140195819892e-7	upregulated
ENSG00000143995	ENSG00000143995	MEIS1	4211	Meis homeobox 1	120.28627263891028	1.414962065635849	0.2822188439706375	3.886657835118855e-8	6.462971455708971e-7	upregulated
ENSG00000115414	ENSG00000115414	FN1	2335	fibronectin 1	176.41826542969403	2.6029344471083857	0.5276106091593773	3.8877836029506584e-8	6.462971455708971e-7	upregulated
ENSG00000100678	ENSG00000100678	SLC8A3	6547	solute carrier family 8 member A3	24.465788663180415	2.045530967788601	0.4134711931734598	3.989116736463194e-8	6.596076821166753e-7	upregulated
ENSG00000148498	ENSG00000148498	PARD3	56288	par-3 family cell polarity regulator	100.58921075683362	1.6183238923544996	0.3254899137187907	4.073013700684936e-8	6.727629658958825e-7	upregulated
ENSG00000211652	ENSG00000211652	IGLV7-43	28776	immunoglobulin lambda variable 7-43	166.7585470249577	2.1303545839884293	0.43111225093474215	4.1595842826363524e-8	6.863314066349982e-7	upregulated
ENSG00000166823	ENSG00000166823	MESP1	55897	mesoderm posterior bHLH transcription factor 1	11.081090144039072	1.3936261314148102	0.27822947416940946	4.197306993588352e-8	6.910852597723497e-7	upregulated
ENSG00000241755	ENSG00000241755	IGKV1-9	28941	immunoglobulin kappa variable 1-9	967.0115453406096	2.6097264312541353	0.530706174177243	4.2638032748548034e-8	7.0054649145125e-7	upregulated
ENSG00000054356	ENSG00000054356	PTPRN	5798	protein tyrosine phosphatase receptor type N	24.325287166314823	1.914602134745051	0.3882369686092822	4.5597857500642e-8	7.42268693795572e-7	upregulated
ENSG00000211973	ENSG00000211973	IGHV1-69	28461	immunoglobulin heavy variable 1-69	271.3746692566984	2.626463551536	0.5360141167176617	4.55497046336704e-8	7.42268693795572e-7	upregulated
ENSG00000253239	ENSG00000253239	IGLVI-70	28763	immunoglobulin lambda variable (I)-70 (pseudogene)	31.061911403517932	3.812095868514151	0.5454294121464686	4.7542566273096655e-8	7.697131554235167e-7	upregulated
ENSG00000197561	ENSG00000197561	ELANE	1991	elastase, neutrophil expressed	39.8535688774765	2.6137778642295295	0.5349967470790347	4.8647561007952285e-8	7.85962157534729e-7	upregulated
ENSG00000259448	ENSG00000259448	ENSG00000259448	NA	NA	23.36455125825083	1.027980035858532	0.20413388929337745	4.9089905026950574e-8	7.914599032931427e-7	upregulated
ENSG00000108839	ENSG00000108839	ALOX12	239	arachidonate 12-lipoxygenase, 12S type	255.93048153305165	1.3811442897019195	0.278174277748811	5.168094308660071e-8	8.272150952251568e-7	upregulated
ENSG00000211968	ENSG00000211968	IGHV1-58	28464	immunoglobulin heavy variable 1-58	52.25856900247032	2.2622740526543255	0.4644334447134601	5.630064527731485e-8	8.910438859705647e-7	upregulated
ENSG00000156535	ENSG00000156535	CD109	135228	CD109 molecule	50.31766524231297	1.3564550290346271	0.27470330128478204	5.8368418214981274e-8	9.209503219881582e-7	upregulated
ENSG00000088836	ENSG00000088836	SLC4A11	83959	solute carrier family 4 member 11	18.765887711693843	1.60519546530013	0.32817714872282017	6.184738961094691e-8	9.667686732932186e-7	upregulated
ENSG00000204424	ENSG00000204424	LY6G6F	259215	lymphocyte antigen 6 family member G6F	17.147598302276478	1.816216541203116	0.373042758686614	6.541762032499415e-8	1.014627291240659e-6	upregulated
ENSG00000277301	ENSG00000277301	LOC101929698	101929698	uncharacterized LOC101929698	21.16676305543939	-1.6922460263216166	0.3465463686554473	6.583507785673057e-8	1.0200819755823088e-6	downregulated
ENSG00000013016	ENSG00000013016	EHD3	30845	EH domain containing 3	795.8368504274704	1.4175085532378553	0.28934614531039	6.735345938992905e-8	1.0425670210956083e-6	upregulated
ENSG00000147889	ENSG00000147889	CDKN2A	1029	cyclin dependent kinase inhibitor 2A	42.045366903317245	1.0780702605736383	0.2175708961010542	7.046910972571536e-8	1.087538200841637e-6	upregulated
ENSG00000264548	ENSG00000264548	ENSG00000264548	NA	NA	12.395976837985708	1.298335908325144	0.2644739643311942	7.05968909363728e-8	1.088427215132348e-6	upregulated
ENSG00000211900	ENSG00000211900	IGHJ6	28475	immunoglobulin heavy joining 6	19.47888898184261	1.4910082861467686	0.30614926401223314	7.543608108772906e-8	1.152874261001991e-6	upregulated
ENSG00000253394	ENSG00000253394	ENSG00000253394	NA	NA	20.44469292599254	1.9152163699732452	0.3967418398351096	7.603759378323518e-8	1.1596293801160055e-6	upregulated
ENSG00000106976	ENSG00000106976	DNM1	1759	dynamin 1	60.40320112729804	1.4444908345894016	0.2970050024314872	7.68074910783393e-8	1.1702202226179198e-6	upregulated
ENSG00000237111	ENSG00000237111	IGHJ3P	28478	immunoglobulin heavy joining 3P (pseudogene)	31.6008908799592	1.456973565742473	0.29934463682456075	7.705000134907388e-8	1.1727630234780527e-6	upregulated
ENSG00000087237	ENSG00000087237	CETP	1071	cholesteryl ester transfer protein	43.38645178097723	1.7023291551405595	0.35282418438585017	8.301073938879247e-8	1.2548699492399329e-6	upregulated
ENSG00000170819	ENSG00000170819	BFSP2	8419	beaded filament structural protein 2	13.32500271694769	1.5100350485537102	0.3120543398681372	8.817402830513966e-8	1.322610424577095e-6	upregulated
ENSG00000241743	ENSG00000241743	ENSG00000241743	NA	NA	44.704619804715385	1.791132877925108	0.373076743062128	9.110949406304549e-8	1.3587579354979188e-6	upregulated
ENSG00000255552	ENSG00000255552	ENSG00000255552	NA	NA	22.884222796557903	2.0264015808413904	0.42226059927997767	9.186650113042085e-8	1.3687314433552612e-6	upregulated
ENSG00000154736	ENSG00000154736	ADAMTS5	11096	ADAM metallopeptidase with thrombospondin type 1 motif 5	22.13726623674385	-2.0677617715508143	0.4325803132417451	9.495543621605948e-8	1.4093385796278302e-6	downregulated
ENSG00000109339	ENSG00000109339	MAPK10	5602	mitogen-activated protein kinase 10	17.050027114755512	1.5034518731405868	0.31226810173037217	9.652565985866728e-8	1.431274363678709e-6	upregulated
ENSG00000241163	ENSG00000241163	LINC00877	285286	long intergenic non-protein coding RNA 877	1233.316328656677	-1.0655512821768316	0.21799112871842172	9.686362288384613e-8	1.433925383106869e-6	downregulated
ENSG00000276775	ENSG00000276775	IGHV4-4	28401	immunoglobulin heavy variable 4-4	263.36092362284603	3.539925746275853	0.7486195501407346	9.922982087608925e-8	1.4643715716347703e-6	upregulated
ENSG00000101162	ENSG00000101162	TUBB1	81027	tubulin beta 1 class VI	4252.875229310799	1.539221818620886	0.31902710564764886	9.97014014984304e-8	1.4685363126691884e-6	upregulated
ENSG00000105173	ENSG00000105173	CCNE1	898	cyclin E1	122.2041461112094	1.013519721857108	0.2068788055003565	1.0174541483103879e-7	1.495802259743518e-6	upregulated
ENSG00000183963	ENSG00000183963	SMTN	6525	smoothelin	131.34052097614196	1.0794400177658277	0.2214203968091031	1.0266650397689161e-7	1.5079142771605956e-6	upregulated
ENSG00000115129	ENSG00000115129	TP53I3	9540	tumor protein p53 inducible protein 3	240.34197434668147	1.076084846775073	0.22085429903503664	1.052380518435077e-7	1.5391246711728994e-6	upregulated
ENSG00000277836	ENSG00000277836	ENSG00000277836	NA	NA	53.78757787609384	2.857556203632353	0.6056911890326278	1.0765862774021053e-7	1.570823439558481e-6	upregulated
ENSG00000183484	ENSG00000183484	GPR132	29933	G protein-coupled receptor 132	958.930256803366	-1.04564759077349	0.21463801765940765	1.135661393707429e-7	1.6477182615904794e-6	downregulated
ENSG00000127533	ENSG00000127533	F2RL3	9002	F2R like thrombin or trypsin receptor 3	50.76223902759178	1.6309120691010757	0.341868961296911	1.1421636878875189e-7	1.6556036260874222e-6	upregulated
ENSG00000164691	ENSG00000164691	TAGAP	117289	T cell activation RhoGTPase activating protein	5202.046787899145	-1.4926442898280494	0.3144080321344361	1.1952976559478834e-7	1.7245643389536437e-6	downregulated
ENSG00000180354	ENSG00000180354	MTURN	222166	maturin, neural progenitor differentiation regulator homolog	298.74534358373216	1.26745011161137	0.26363740507749933	1.2346981285669305e-7	1.7764534298769103e-6	upregulated
ENSG00000013306	ENSG00000013306	SLC25A39	51629	solute carrier family 25 member 39	3094.866954328794	1.293529806216508	0.2686198297595287	1.2845405179332684e-7	1.8345509606947504e-6	upregulated
ENSG00000110777	ENSG00000110777	POU2AF1	5450	POU class 2 homeobox associating factor 1	370.232439761673	1.11694835011243	0.23232883708586677	1.3404612060132525e-7	1.905641916156328e-6	upregulated
ENSG00000106070	ENSG00000106070	GRB10	2887	growth factor receptor bound protein 10	186.9007407554881	1.4926877395319038	0.31382774094085153	1.3458707476108257e-7	1.9112209182884747e-6	upregulated
ENSG00000099194	ENSG00000099194	SCD	6319	stearoyl-CoA desaturase	227.04129287704825	1.0566177909652763	0.2193810391842883	1.3536151060161366e-7	1.919064926353773e-6	upregulated
ENSG00000198753	ENSG00000198753	PLXNB3	5365	plexin B3	61.60527887703398	2.793588218572313	0.5999407951055751	1.4465695305841545e-7	2.037810483138986e-6	upregulated
ENSG00000254554	ENSG00000254554	ENSG00000254554	NA	NA	41.37065503806176	1.1370215289316818	0.23757372428495704	1.48493823376515e-7	2.0805232164135026e-6	upregulated
ENSG00000196793	ENSG00000196793	ZNF239	8187	zinc finger protein 239	21.554522741782577	-1.061900805308385	0.22053796802729492	1.5431262558248796e-7	2.15815042631595e-6	downregulated
ENSG00000124491	ENSG00000124491	F13A1	2162	coagulation factor XIII A chain	9330.95288003539	1.37476021932825	0.2878329474051374	1.557269956317374e-7	2.175969101124547e-6	upregulated
ENSG00000272506	ENSG00000272506	ENSG00000272506	NA	NA	18.269906556197625	1.3464143906454282	0.2837082544031704	1.578366323097105e-7	2.1955571005592916e-6	upregulated
ENSG00000152128	ENSG00000152128	TMEM163	81615	transmembrane protein 163	16.342299749870932	1.13716560589179	0.2376749519163836	1.5763680366253572e-7	2.1955571005592916e-6	upregulated
ENSG00000182809	ENSG00000182809	CRIP2	1397	cysteine rich protein 2	364.9630229322379	-1.2701750594755783	0.2676427887778298	1.5848460674365766e-7	2.2006233219284963e-6	downregulated
ENSG00000167476	ENSG00000167476	JSRP1	126306	junctional sarcoplasmic reticulum protein 1	18.711863807104297	1.5971324603527388	0.3408814536706111	1.78907962044936e-7	2.4426606437649275e-6	upregulated
ENSG00000281344	ENSG00000281344	ENSG00000281344	NA	NA	36.69830285772363	1.660427704722596	0.3555156446486816	1.7990666076632146e-7	2.454135715466707e-6	upregulated
ENSG00000105246	ENSG00000105246	EBI3	10148	Epstein-Barr virus induced 3	24.11042147274475	1.173588895235475	0.2477436755756141	1.8069460925544298e-7	2.462718268499051e-6	upregulated
ENSG00000082146	ENSG00000082146	STRADB	55437	STE20 related adaptor beta	671.9431826043942	1.0295550412770558	0.21501414517622464	1.8108660001317493e-7	2.4658939123830934e-6	upregulated
ENSG00000137571	ENSG00000137571	SLCO5A1	81796	solute carrier organic anion transporter family member 5A1	14.957802926750636	1.2991848781451174	0.27564438789463136	1.8268392163754317e-7	2.4832845088503895e-6	upregulated
ENSG00000211893	ENSG00000211893	IGHG2	3501	immunoglobulin heavy constant gamma 2 (G2m marker)	5146.303082583582	1.9932879242095496	0.4282828221564604	1.8489460971318162e-7	2.504554931573316e-6	upregulated
ENSG00000176170	ENSG00000176170	SPHK1	8877	sphingosine kinase 1	482.7198846325983	1.1561591117446322	0.24289490222633975	1.882782334480565e-7	2.542090298295182e-6	upregulated
ENSG00000095303	ENSG00000095303	PTGS1	5742	prostaglandin-endoperoxide synthase 1	2329.4115661498763	1.3333837882614443	0.28326156975887823	1.9725008435926154e-7	2.646495509007047e-6	upregulated
ENSG00000238000	ENSG00000238000	PSME2P1	257093	proteasome activator subunit 2 pseudogene 1	42.96512133267167	1.1619210395811748	0.24670955901471092	2.159443743366975e-7	2.882355633358157e-6	upregulated
ENSG00000117984	ENSG00000117984	CTSD	1509	cathepsin D	3807.439568334038	1.1297277533445316	0.23928814155527517	2.1838951128016267e-7	2.907486111549633e-6	upregulated
ENSG00000268758	ENSG00000268758	ENSG00000268758	NA	NA	39.83557310307968	-1.28042997621784	0.2738046572847497	2.2495555384618249e-7	2.9795564817713834e-6	downregulated
ENSG00000103316	ENSG00000103316	CRYM	1428	crystallin mu	23.282101044640967	1.871160914075703	0.4066166817169653	2.334806780664344e-7	3.081944950476934e-6	upregulated
ENSG00000225936	ENSG00000225936	SLC18A2-AS1	105378500	SLC18A2 antisense RNA 1	55.11154080411339	1.4444098231215847	0.3125120665247926	2.500364592743594e-7	3.280935265097559e-6	upregulated
ENSG00000214274	ENSG00000214274	ANG	283	angiogenin	44.060533814475875	1.2940010246417857	0.2786050849403328	2.571130938284166e-7	3.3680946666205583e-6	upregulated
ENSG00000143595	ENSG00000143595	AQP10	89872	aquaporin 10	73.24876963215588	1.7486558735122892	0.3817811997003715	2.65420499051326e-7	3.462297678962209e-6	upregulated
ENSG00000211664	ENSG00000211664	IGLV2-18	28814	immunoglobulin lambda variable 2-18	124.77858298072212	2.892457215578456	0.6397621184050921	2.703475182266297e-7	3.5206465219941447e-6	upregulated
ENSG00000189013	ENSG00000189013	KIR2DL4	3805	killer cell immunoglobulin like receptor, two Ig domains and long cytoplasmic tail 4	90.59334851161604	1.2791278769619532	0.2760262443305491	2.74809961057444e-7	3.5697675845904153e-6	upregulated
ENSG00000196914	ENSG00000196914	ARHGEF12	23365	Rho guanine nucleotide exchange factor 12	372.93131256840775	1.1524701683290528	0.24752706090771612	2.857063122262581e-7	3.6927540855243865e-6	upregulated
ENSG00000103876	ENSG00000103876	FAH	2184	fumarylacetoacetate hydrolase	248.1579307001893	1.026441938793771	0.2211015420943193	3.446847040479629e-7	4.353468859758879e-6	upregulated
ENSG00000233968	ENSG00000233968	LOC101928834	101928834	uncharacterized LOC101928834	26.683618283777424	1.7683130408431813	0.391135753595715	3.480306431129991e-7	4.388581524132208e-6	upregulated
ENSG00000124772	ENSG00000124772	CPNE5	57699	copine 5	618.8456226754402	1.0081497343332486	0.21714018810917357	3.604429009486833e-7	4.541404868979754e-6	upregulated
ENSG00000244734	ENSG00000244734	HBB	3043	hemoglobin subunit beta	101639.45318105812	4.447339170107575	1.0018828264663937	3.6162811989808547e-7	4.552639723716969e-6	upregulated
ENSG00000236304	ENSG00000236304	ENSG00000236304	NA	NA	164.05567118423016	1.6191815035401678	0.3577151543782993	3.6411263632082435e-7	4.580200315763168e-6	upregulated
ENSG00000102362	ENSG00000102362	SYTL4	94121	synaptotagmin like 4	49.44561760091579	1.8423115791593137	0.4093393366479506	3.696171627374203e-7	4.638157114933162e-6	upregulated
ENSG00000197415	ENSG00000197415	VEPH1	79674	ventricular zone expressed PH domain containing 1	39.76215133991978	1.6299654187591568	0.3609160887547632	3.833154673909692e-7	4.782962911692625e-6	upregulated
ENSG00000163735	ENSG00000163735	CXCL5	6374	C-X-C motif chemokine ligand 5	100.137649628455	1.886421941422335	0.4210288177651557	4.0295073081703723e-7	4.991825746782945e-6	upregulated
ENSG00000142675	ENSG00000142675	CNKSR1	10256	connector enhancer of kinase suppressor of Ras 1	60.70416688509106	1.2158455090864742	0.26622507498676756	4.1020172503952427e-7	5.065155699041828e-6	upregulated
ENSG00000171817	ENSG00000171817	ZNF540	163255	zinc finger protein 540	64.22918749504417	-1.0466475122883183	0.22754704563806635	4.195075249309426e-7	5.159842753115718e-6	downregulated
ENSG00000185339	ENSG00000185339	TCN2	6948	transcobalamin 2	1087.3360149286143	1.3525254145122103	0.2973527451697782	4.21637700518081e-7	5.1819340214226906e-6	upregulated
ENSG00000128383	ENSG00000128383	APOBEC3A	200315	apolipoprotein B mRNA editing enzyme catalytic subunit 3A	3174.514619936153	1.207555321978773	0.26366612573714554	4.258454983327064e-7	5.2219847315033365e-6	upregulated
ENSG00000102384	ENSG00000102384	CENPI	2491	centromere protein I	13.2811794979511	1.3622206688553342	0.30080800694366255	4.4537992430713915e-7	5.430693888367711e-6	upregulated
ENSG00000029534	ENSG00000029534	ANK1	286	ankyrin 1	430.4243517905908	1.6788497844104218	0.3752935617139281	4.539156631103095e-7	5.5304257147218384e-6	upregulated
ENSG00000211892	ENSG00000211892	IGHG4	3503	immunoglobulin heavy constant gamma 4 (G4m marker)	1694.9572194529028	2.366437621748245	0.5345444051054751	4.544070278131079e-7	5.532066720079516e-6	upregulated
ENSG00000140022	ENSG00000140022	STON2	85439	stonin 2	190.7108650336073	1.5649510121385417	0.34913890338883175	4.590495983490382e-7	5.584203349328299e-6	upregulated
ENSG00000102024	ENSG00000102024	PLS3	5358	plastin 3	23.761314549659787	1.5155650041271358	0.33898488841578095	5.114667490207434e-7	6.116306304789305e-6	upregulated
ENSG00000255491	ENSG00000255491	LOC105375743	105375743	uncharacterized LOC105375743	12.493649838517994	1.322240710934107	0.29472760742178394	5.365661336013561e-7	6.377119334986232e-6	upregulated
ENSG00000104970	ENSG00000104970	ENSG00000104970	NA	NA	40.475398176535776	1.365956896737336	0.3049224946774684	5.436555667114442e-7	6.456430198847243e-6	upregulated
ENSG00000125245	ENSG00000125245	GPR18	2841	G protein-coupled receptor 18	371.1358382970686	-1.3414910250343224	0.3002203816876864	5.556387557132941e-7	6.578593206956635e-6	downregulated
ENSG00000184113	ENSG00000184113	CLDN5	7122	claudin 5	325.6345202582176	1.546729832579238	0.34821832215880655	5.824726958461574e-7	6.854439690875495e-6	upregulated
ENSG00000276566	ENSG00000276566	IGKV1D-13	28902	immunoglobulin kappa variable 1D-13	237.6824999730921	3.731407599293364	0.8633316803439844	5.930438837407092e-7	6.957723628455672e-6	upregulated
ENSG00000139970	ENSG00000139970	RTN1	6252	reticulon 1	1117.291870897221	-1.1597339486614515	0.2597106636033241	5.927704789601852e-7	6.957723628455672e-6	downregulated
ENSG00000162594	ENSG00000162594	IL23R	149233	interleukin 23 receptor	23.186065118803885	-1.689106803447694	0.3826515756938013	6.201637305628467e-7	7.248484899042766e-6	downregulated
ENSG00000267279	ENSG00000267279	ENSG00000267279	NA	NA	31.731271279537022	1.7211595378532083	0.39244909423834745	6.641828985622785e-7	7.664789253497723e-6	upregulated
ENSG00000011590	ENSG00000011590	ZBTB32	27033	zinc finger and BTB domain containing 32	201.57728468271617	1.4172322830883488	0.320799593965949	6.978164159691641e-7	8.011201044916163e-6	upregulated
ENSG00000235641	ENSG00000235641	ENSG00000235641	NA	NA	14.18031186335602	1.6358363870490011	0.3723024120412701	6.999718725200897e-7	8.030002768333278e-6	upregulated
ENSG00000235257	ENSG00000235257	ITGA9-AS1	101928153	ITGA9 antisense RNA 1	12.882231450253828	1.379903444939406	0.312920311715803	7.024224047707275e-7	8.052159274201021e-6	upregulated
ENSG00000179348	ENSG00000179348	GATA2	2624	GATA binding protein 2	85.57133163016334	1.1986112671838944	0.2695570912508638	7.090333097203388e-7	8.121939906766953e-6	upregulated
ENSG00000079215	ENSG00000079215	SLC1A3	6507	solute carrier family 1 member 3	56.55558821885781	1.7931098281763325	0.4113498731706418	7.147339375444952e-7	8.175164728108496e-6	upregulated
ENSG00000144677	ENSG00000144677	CTDSPL	10217	CTD small phosphatase like	206.27557166993455	1.3514574526671903	0.3055416542713332	7.190766747739165e-7	8.21322476394721e-6	upregulated
ENSG00000226321	ENSG00000226321	CROCC2	728763	ciliary rootlet coiled-coil, rootletin family member 2	49.9305274125929	-1.8364733242987952	0.422198577038968	7.270765529262342e-7	8.291880394033745e-6	downregulated
ENSG00000163823	ENSG00000163823	CCR1	1230	C-C motif chemokine receptor 1	2459.669657429032	1.030575003751974	0.22945394663123744	7.720413128230425e-7	8.7467938362932e-6	upregulated
ENSG00000259781	ENSG00000259781	ENSG00000259781	NA	NA	62.54192254265962	2.212610529243327	0.5137552837529954	8.054464688330112e-7	9.092048567394473e-6	upregulated
ENSG00000146700	ENSG00000146700	SSC4D	136853	scavenger receptor cysteine rich family member with 4 domains	17.27236994592334	1.327682205827318	0.3024138402853168	8.117892404172989e-7	9.150327848017664e-6	upregulated
ENSG00000150337	ENSG00000150337	FCGR1A	2209	Fc gamma receptor Ia	309.60959512481344	1.4113380016556036	0.3225342167272106	8.266709080488991e-7	9.297799698214955e-6	upregulated
ENSG00000078053	ENSG00000078053	AMPH	273	amphiphysin	39.28469037956565	1.6404879986463927	0.3775728776720146	8.27482383597015e-7	9.30018244173167e-6	upregulated
ENSG00000126262	ENSG00000126262	FFAR2	2867	free fatty acid receptor 2	319.73312224539774	1.2256229286992932	0.27717068136121586	8.306255204523899e-7	9.328748604067027e-6	upregulated
ENSG00000136630	ENSG00000136630	HLX	3142	H2.0 like homeobox	208.25296669343467	1.3633651293449804	0.3105964288500359	8.323014015549303e-7	9.334052594444664e-6	upregulated
ENSG00000150760	ENSG00000150760	DOCK1	1793	dedicator of cytokinesis 1	34.350883946432916	1.2073260957222738	0.2747748945663659	8.954193283100065e-7	9.96266411914505e-6	upregulated
ENSG00000211593	ENSG00000211593	IGKJ5	28946	immunoglobulin kappa joining 5	21.70592936372531	1.5093555912885677	0.34875367226717885	9.75024744339774e-7	1.0740506949367822e-5	upregulated
ENSG00000172331	ENSG00000172331	BPGM	669	bisphosphoglycerate mutase	732.222952801537	1.138779092299152	0.2588147850578676	1.0136042429177105e-6	1.1141744725480996e-5	upregulated
ENSG00000162367	ENSG00000162367	TAL1	6886	TAL bHLH transcription factor 1, erythroid differentiation factor	89.7822202579465	1.4385279856730826	0.33372768423040133	1.071251664488535e-6	1.168432722659436e-5	upregulated
ENSG00000211976	ENSG00000211976	IGHV3-73	28409	immunoglobulin heavy variable 3-73	141.2704465426106	3.2379684836776157	0.4591501557647392	1.074239225330239e-6	1.170867911797049e-5	upregulated
ENSG00000206172	ENSG00000206172	HBA1	3039	hemoglobin subunit alpha 1	1532.9154355535345	4.201346054688103	1.0085728052153604	1.116119150291342e-6	1.2080256818575517e-5	upregulated
ENSG00000136929	ENSG00000136929	HEMGN	55363	hemogen	108.55750745066918	1.4943894004423464	0.349180062362565	1.1972520167854096e-6	1.2886453005094868e-5	upregulated
ENSG00000168306	ENSG00000168306	ACOX2	8309	acyl-CoA oxidase 2	31.550839385019156	1.6993320823350004	0.39966896761734927	1.199272634475997e-6	1.2899250042110064e-5	upregulated
ENSG00000281106	ENSG00000281106	TMEM272	283521	transmembrane protein 272	20.48048643130784	-1.2530608024232563	0.2897529126856322	1.2085130962784225e-6	1.2971652680469433e-5	downregulated
ENSG00000276903	ENSG00000276903	H2AC16	8332	H2A clustered histone 16	12.800476892414036	1.2809975173836967	0.29721456543356173	1.2336576704081696e-6	1.3186788744335431e-5	upregulated
ENSG00000232807	ENSG00000232807	ENSG00000232807	NA	NA	28.372323936459953	1.1090200693503152	0.25614569644076834	1.3331441712448514e-6	1.4069370372810656e-5	upregulated
ENSG00000142949	ENSG00000142949	PTPRF	5792	protein tyrosine phosphatase receptor type F	26.236445025215897	1.8098399341069344	0.4289525510050122	1.3359978262416906e-6	1.4086557637667317e-5	upregulated
ENSG00000171174	ENSG00000171174	RBKS	64080	ribokinase	185.95734478335953	-1.0200126248602612	0.23525642617087072	1.410079103505595e-6	1.4757305597416856e-5	downregulated
ENSG00000183762	ENSG00000183762	KREMEN1	83999	kringle containing transmembrane protein 1	34.59080224268231	1.707148074228697	0.4047882548361821	1.4110668294515638e-6	1.4757684777339013e-5	upregulated
ENSG00000198876	ENSG00000198876	DCAF12	25853	DDB1 and CUL4 associated factor 12	1421.8498808935492	1.4432737477152575	0.33894280764598345	1.4205886719754174e-6	1.483725946285436e-5	upregulated
ENSG00000110799	ENSG00000110799	VWF	7450	von Willebrand factor	133.29603619250148	1.5406342872950871	0.3636086355384402	1.425469225315532e-6	1.4868209606350975e-5	upregulated
ENSG00000254709	ENSG00000254709	IGLL5	100423062	immunoglobulin lambda like polypeptide 5	204.4042890302236	1.3768156088588817	0.3229634547803003	1.424991023027675e-6	1.4868209606350975e-5	upregulated
ENSG00000169397	ENSG00000169397	RNASE3	6037	ribonuclease A family member 3	62.522080389229664	2.463602916342946	0.5924490524309484	1.450253708870409e-6	1.5076028836849896e-5	upregulated
ENSG00000125319	ENSG00000125319	HROB	78995	homologous recombination factor with OB-fold	35.51460589898729	1.10615049567548	0.25664545946726663	1.4516202376131646e-6	1.5080127183777752e-5	upregulated
ENSG00000164105	ENSG00000164105	SAP30	8819	Sin3A associated protein 30	462.47921874553367	1.2340992238403083	0.28844571626385224	1.4759607928281043e-6	1.5312476185126353e-5	upregulated
ENSG00000174307	ENSG00000174307	PHLDA3	23612	pleckstrin homology like domain family A member 3	25.09707751085097	1.309535636798459	0.30722697140471655	1.497019969959967e-6	1.547679645246026e-5	upregulated
ENSG00000103184	ENSG00000103184	SEC14L5	9717	SEC14 like lipid binding 5	64.27783012995242	1.834749132148657	0.4377980616012789	1.4977866844063732e-6	1.547679645246026e-5	upregulated
ENSG00000074416	ENSG00000074416	MGLL	11343	monoglyceride lipase	505.19429327466753	1.1793440851790398	0.27528007799025433	1.501047470564095e-6	1.5500163960352274e-5	upregulated
ENSG00000100095	ENSG00000100095	SEZ6L	23544	seizure related 6 homolog like	69.2711707101484	-1.1325458575284069	0.2638808647733062	1.5032051964119471e-6	1.551211749590772e-5	downregulated
ENSG00000197980	ENSG00000197980	LEKR1	389170	leucine, glutamate and lysine rich 1	47.77038906697689	-1.0485013075279852	0.24265019652608164	1.514934478190499e-6	1.5612381233710723e-5	downregulated
ENSG00000171552	ENSG00000171552	BCL2L1	598	BCL2 like 1	721.5373038560059	1.1678012832644238	0.2713685054959039	1.5510698772129622e-06	1.5942408081890685e-5	upregulated
ENSG00000198795	ENSG00000198795	ZNF521	25925	zinc finger protein 521	24.591413244431685	1.6429681341561593	0.39157410196421094	1.5634587840531008e-6	1.6048475010366374e-5	upregulated
ENSG00000118402	ENSG00000118402	ELOVL4	6785	ELOVL fatty acid elongase 4	21.623701213475808	-1.3696239622735256	0.32258863535367244	1.5805550584463486e-6	1.619181569121722e-5	downregulated
ENSG00000182782	ENSG00000182782	HCAR2	338442	hydroxycarboxylic acid receptor 2	492.0922358326138	-1.374872263991323	0.32608943225643716	1.6624804164012294e-6	1.6941571129029614e-5	downregulated
ENSG00000268555	ENSG00000268555	ENSG00000268555	NA	NA	90.29404451034245	1.781050488658618	0.4267311904865334	1.6656703915513408e-6	1.6962933534446023e-5	upregulated
ENSG00000104918	ENSG00000104918	RETN	56729	resistin	735.4503777040289	2.288405916017008	0.5532685115722684	1.6771022118407432e-6	1.704999536457002e-5	upregulated
ENSG00000172159	ENSG00000172159	FRMD3	257019	FERM domain containing 3	191.8015021514065	1.1502623585103031	0.26960810539665575	1.7075838424655829e-6	1.731021267754326e-5	upregulated
ENSG00000110944	ENSG00000110944	IL23A	51561	interleukin 23 subunit alpha	141.27785625755922	-1.2593926951268528	0.29747084495411985	1.7142019161904446e-6	1.7343295316447355e-5	downregulated
ENSG00000128266	ENSG00000128266	GNAZ	2781	G protein subunit alpha z	202.9830221923454	1.254659844590134	0.2963546808541071	1.7645198388568886e-6	1.7805922381698337e-5	upregulated
ENSG00000150594	ENSG00000150594	ADRA2A	150	adrenoceptor alpha 2A	27.06997204212519	1.727647351513445	0.41528529176726026	1.7691973028556114e-6	1.782992213599125e-5	upregulated
ENSG00000151693	ENSG00000151693	ASAP2	8853	ArfGAP with SH3 domain, ankyrin repeat and PH domain 2	69.69475387507711	1.140950362891039	0.2690439534010048	1.9116295557586643e-6	1.911629555758664e-5	upregulated
ENSG00000279164	ENSG00000279164	ENSG00000279164	NA	NA	31.683551153642412	1.2782138350208525	0.3044994797333827	1.954987450028448e-6	1.951213342982061e-5	upregulated
ENSG00000134901	ENSG00000134901	POGLUT2	79070	protein O-glucosyltransferase 2	18.56223357300571	1.1321843501872988	0.26729756071836847	2.024231107093912e-6	2.0112635791817153e-5	upregulated
ENSG00000140284	ENSG00000140284	SLC27A2	11001	solute carrier family 27 member 2	31.033477654186193	1.370377281835342	0.32780538982720103	2.0304017746677787e-6	2.014051332738915e-5	upregulated
ENSG00000086289	ENSG00000086289	EPDR1	54749	ependymin related 1	63.05142403842474	1.0974444247491684	0.25933998754192483	2.0695891371936092e-6	2.046021185827691e-5	upregulated
ENSG00000236320	ENSG00000236320	SLFN14	342618	schlafen family member 14	44.33167259869337	1.3013295404994334	0.31175979455741587	2.181133384653186e-6	2.1492616769994225e-5	upregulated
ENSG00000198626	ENSG00000198626	RYR2	6262	ryanodine receptor 2	24.252392098770343	1.631342310487769	0.39767441230820005	2.344332409322719e-6	2.292597457036278e-5	upregulated
ENSG00000123095	ENSG00000123095	BHLHE41	79365	basic helix-loop-helix family member e41	33.64094677154399	1.168173767478262	0.27890630755941387	2.3442276795481727e-6	2.292597457036278e-5	upregulated
ENSG00000144668	ENSG00000144668	ITGA9	3680	integrin subunit alpha 9	29.387831269678305	1.568129815623292	0.381727657245555	2.3528971095336565e-6	2.2995232620584127e-5	upregulated
ENSG00000275832	ENSG00000275832	ARHGAP23	57636	Rho GTPase activating protein 23	14.360432016687788	1.0293924385005182	0.244251235146078	2.4131257779823973e-6	2.349502876114688e-5	upregulated
ENSG00000133216	ENSG00000133216	EPHB2	2048	EPH receptor B2	169.22134764195633	1.292332467685287	0.31224965164689644	2.5640172813051053e-6	2.476208470301506e-5	upregulated
ENSG00000188596	ENSG00000188596	CFAP54	144535	cilia and flagella associated protein 54	13.912978449122054	1.1996500844496285	0.28816707029173594	2.595688686681946e-6	2.5052353161441805e-5	upregulated
ENSG00000101470	ENSG00000101470	TNNC2	7125	troponin C2, fast skeletal type	17.859863075087944	1.1720431524086992	0.28178595578452803	2.602499625424008e-6	2.5102468401944257e-5	upregulated
ENSG00000135636	ENSG00000135636	DYSF	8291	dysferlin	2102.7488671116	1.3289892762559297	0.3205765996184938	2.623221772242734e-6	2.5286618823794163e-5	upregulated
ENSG00000108576	ENSG00000108576	SLC6A4	6532	solute carrier family 6 member 4	43.50946620208923	1.328299803695932	0.3221788763536414	2.634950608544379e-6	2.536814645470101e-5	upregulated
ENSG00000254639	ENSG00000254639	ENSG00000254639	NA	NA	13.569493868142327	1.1100336421391732	0.266405439871338	2.6898639353226247e-6	2.581670150795415e-5	upregulated
ENSG00000108387	ENSG00000108387	SEPTIN4	5414	septin 4	72.66853228397567	1.2304151666163126	0.29940112464535806	3.030414423261662e-6	2.880007825048308e-5	upregulated
ENSG00000138735	ENSG00000138735	PDE5A	8654	phosphodiesterase 5A	207.3595836628604	1.0732776299615912	0.2598140784734463	3.454167371582366e-6	3.239065050377418e-5	upregulated
ENSG00000132967	ENSG00000132967	HMGB1P5	10354	high mobility group box 1 pseudogene 5	123.70737948935208	1.2202737948603537	0.29931194171929176	3.5497308905003188e-6	3.320646930739442e-5	upregulated
ENSG00000198959	ENSG00000198959	TGM2	7052	transglutaminase 2	137.5133473300032	1.077014932369314	0.2627450405318533	3.737368011986079e-6	3.477299212111823e-5	upregulated
ENSG00000144893	ENSG00000144893	MED12L	116931	mediator complex subunit 12L	58.22648265570181	1.112110524618524	0.27219830814849266	3.774162159381076e-6	3.5052248558084125e-5	upregulated
ENSG00000167641	ENSG00000167641	PPP1R14A	94274	protein phosphatase 1 regulatory inhibitor subunit 14A	56.40101167001241	1.109409694151475	0.2716101527106412	3.8064792144786906e-6	3.523182502607137e-5	upregulated
ENSG00000253998	ENSG00000253998	IGKV2-29	28920	immunoglobulin kappa variable 2-29	198.6343322436549	2.555375671081458	0.6522874045494448	3.8421776451397456e-6	3.5513811249176075e-5	upregulated
ENSG00000184979	ENSG00000184979	USP18	11274	ubiquitin specific peptidase 18	328.2998548591897	1.9096198835768896	0.4829618929545642	3.996450463559636e-6	3.666380412088091e-5	upregulated
ENSG00000115607	ENSG00000115607	IL18RAP	8807	interleukin 18 receptor accessory protein	574.6229093261219	-1.015576463739464	0.2484869971939309	4.0334446708026965e-6	3.692959081708962e-5	downregulated
ENSG00000156206	ENSG00000156206	CFAP161	161502	cilia and flagella associated protein 161	21.118053823145043	1.5280248972590575	0.3837969895561444	4.142608141367766e-6	3.78199532079496e-5	upregulated
ENSG00000185340	ENSG00000185340	GAS2L1	10634	growth arrest specific 2 like 1	858.8320587791721	1.115696599389997	0.2751824191021961	4.65467968937303e-6	4.202216646226757e-5	upregulated
ENSG00000269970	ENSG00000269970	ENSG00000269970	NA	NA	29.16533219428526	1.318301700838425	0.33087876899973995	4.685521248054569e-6	4.225141544030602e-5	upregulated
ENSG00000196584	ENSG00000196584	XRCC2	7516	X-ray repair cross complementing 2	20.730744086854138	1.1810826149241762	0.2936501688102202	4.827160574566703e-6	4.3427645308311814e-5	upregulated
ENSG00000169902	ENSG00000169902	TPST1	8460	tyrosylprotein sulfotransferase 1	248.6348104122711	1.7942957067433003	0.4590594076182994	4.895791860612798e-6	4.401955464237942e-5	upregulated
ENSG00000224746	ENSG00000224746	ENSG00000224746	NA	NA	13.166255013912204	1.0345265729141957	0.2553368014302597	4.912027193598132e-6	4.4114384350148826e-5	upregulated
ENSG00000180066	ENSG00000180066	ENSG00000180066	NA	NA	13.380586004345584	1.1478824359199704	0.2856024544026451	4.920747388141736e-6	4.41671249942583e-5	upregulated
ENSG00000211974	ENSG00000211974	IGHV2-70D	102723168	immunoglobulin heavy variable 2-70D	110.83086369727066	3.0145981555643373	0.7861488636863075	5.049508437485534e-6	4.519208070709788e-5	upregulated
ENSG00000126709	ENSG00000126709	IFI6	2537	interferon alpha inducible protein 6	2762.2249524895924	1.7937006564208164	0.4612501851686205	5.38997548839259e-6	4.782524017446743e-5	upregulated
ENSG00000173114	ENSG00000173114	LRRN3	54674	leucine rich repeat neuronal 3	287.29118285449476	-1.3808775672233689	0.351966046344895	5.698253956807845e-6	5.0222849530055414e-5	downregulated
ENSG00000063660	ENSG00000063660	GPC1	2817	glypican 1	30.659040281498044	1.0425041100785597	0.26099838573367695	6.116292443377854e-6	5.3655936536646215e-5	upregulated
ENSG00000237973	ENSG00000237973	MTCO1P12	107075141	MT-CO1 pseudogene 12	210.2283124128002	2.3544978874648774	0.6187689458006579	6.3522256650783965e-6	5.544658412271364e-5	upregulated
ENSG00000183691	ENSG00000183691	NOG	9241	noggin	46.23947076046449	-1.5953426103430666	0.4131595787759624	6.593800466031622e-6	5.726195141553777e-5	downregulated
ENSG00000061918	ENSG00000061918	GUCY1B1	2983	guanylate cyclase 1 soluble subunit beta 1	243.03247007789497	1.1378871807863116	0.2884132749558787	6.827414572122082e-6	5.882955556311861e-5	upregulated
ENSG00000112053	ENSG00000112053	SLC26A8	116369	solute carrier family 26 member 8	21.9834876798258	1.555994452128901	0.4052485051543781	7.184680783641229e-6	6.136543473689684e-5	upregulated
ENSG00000156265	ENSG00000156265	MAP3K7CL	56911	MAP3K7 C-terminal like	690.6560217051863	1.1431257558203878	0.29063434925977466	7.32469621118942e-6	6.231817785822704e-5	upregulated
ENSG00000170837	ENSG00000170837	GPR27	2850	G protein-coupled receptor 27	209.85099761149527	1.1537973154292285	0.29504188259289604	7.540515958468328e-6	6.383919351301515e-5	upregulated
ENSG00000197093	ENSG00000197093	GAL3ST4	79690	galactose-3-O-sulfotransferase 4	59.22088379208996	-1.0321278034148451	0.2617345959448045	7.716735337401937e-6	6.50824171196868e-5	downregulated
ENSG00000166033	ENSG00000166033	HTRA1	5654	HtrA serine peptidase 1	60.28341221138806	1.622481856544172	0.4264173460794958	7.932990029305633e-6	6.672487817490802e-5	upregulated
ENSG00000136315	ENSG00000136315	ENSG00000136315	NA	NA	52.34271464239595	1.8509923114535347	0.4893495954910392	7.951112170106918e-6	6.6841056779598e-5	upregulated
ENSG00000127831	ENSG00000127831	VIL1	7429	villin 1	75.03355815453092	1.4148640544960789	0.3691198306245752	8.051546293863553e-6	6.750242325287767e-5	upregulated
ENSG00000225698	ENSG00000225698	IGHV3-72	28410	immunoglobulin heavy variable 3-72	163.46648916710942	2.0932531135475045	0.5578848577116794	8.161444082993538e-6	6.834989078144158e-5	upregulated
ENSG00000131355	ENSG00000131355	ADGRE3	84658	adhesion G protein-coupled receptor E3	189.5435455147584	-1.2423527488662214	0.32167858555715856	8.21243822550829e-6	6.873983641534463e-5	downregulated
ENSG00000166086	ENSG00000166086	JAM3	83700	junctional adhesion molecule 3	195.3684066932955	1.24550921268541	0.3226047427130581	8.664507747880675e-6	7.225081460732756e-5	upregulated
ENSG00000172382	ENSG00000172382	PRSS27	83886	serine protease 27	10.892736962310591	1.1392851914441051	0.29443920397712103	8.864689690182495e-6	7.368238858238504e-5	upregulated
ENSG00000135960	ENSG00000135960	EDAR	10913	ectodysplasin A receptor	138.57767268343775	-1.102860094075138	0.28434817797972006	8.949486495538394e-6	7.426780928079213e-5	downregulated
ENSG00000155659	ENSG00000155659	VSIG4	11326	V-set and immunoglobulin domain containing 4	488.2222728260544	1.6836222229291198	0.44603203122111734	9.021245581266274e-6	7.478328111461246e-5	upregulated
ENSG00000166963	ENSG00000166963	MAP1A	4130	microtubule associated protein 1A	329.61785523415847	1.2417034627903558	0.3232992464642154	9.087249146968393e-6	7.524999160143072e-5	upregulated
ENSG00000198829	ENSG00000198829	SUCNR1	56670	succinate receptor 1	30.016990647306695	1.5376759140145402	0.407726750249915	9.419807173420977e-6	7.775476809992512e-5	upregulated
ENSG00000103089	ENSG00000103089	FA2H	79152	fatty acid 2-hydroxylase	16.505523769409734	1.34319386056323	0.35353790531158247	9.827560099423368e-6	8.077660685853547e-5	upregulated
ENSG00000165092	ENSG00000165092	ALDH1A1	216	aldehyde dehydrogenase 1 family member A1	447.0394334379085	-1.1204064293792566	0.291459703235418	9.972580440261263e-6	8.166564024733487e-5	downregulated
ENSG00000185222	ENSG00000185222	TCEAL9	51186	transcription elongation factor A like 9	20.301957957195597	1.1057092260805652	0.2870903838658131	1.0006363234553023e-5	8.185585114341636e-5	upregulated
ENSG00000255398	ENSG00000255398	HCAR3	8843	hydroxycarboxylic acid receptor 3	339.8266471228123	-1.0645125167229814	0.275879939027315	1.0074242628495791e-5	8.232429039408311e-5	downregulated
ENSG00000185630	ENSG00000185630	PBX1	5087	PBX homeobox 1	49.38009286648843	1.1681160536732371	0.3051727195998511	1.0333593671884496e-5	8.431038287792137e-5	upregulated
ENSG00000164171	ENSG00000164171	ITGA2	3673	integrin subunit alpha 2	16.407530342265378	1.2505028694511056	0.32848291927413104	1.0538285266075776e-5	8.562011758870366e-5	upregulated
ENSG00000261253	ENSG00000261253	ENSG00000261253	NA	NA	64.48725735414368	1.6135472268084825	0.4328367262767166	1.0742543521112572e-5	8.705164577453292e-5	upregulated
ENSG00000267767	ENSG00000267767	LINC01801	400685	long intergenic non-protein coding RNA 1801	21.59001924751342	-1.0975332111616694	0.2858019749478123	1.0886426087507547e-5	8.798773768485779e-5	downregulated
ENSG00000101188	ENSG00000101188	NTSR1	4923	neurotensin receptor 1	37.48874461558893	1.8033692380512132	0.48728876025405093	1.098723941574695e-5	8.870699562131479e-5	upregulated
ENSG00000136158	ENSG00000136158	SPRY2	10253	sprouty RTK signaling antagonist 2	115.31089840377376	1.449198203707221	0.38838320962171474	1.1944492783121937e-5	9.529137088828788e-5	upregulated
ENSG00000162614	ENSG00000162614	NEXN	91624	nexilin F-actin binding protein	111.8962071559786	1.121693717418765	0.2954803013091905	1.2641234510885674e-5	1.0018678960850118e-4	upregulated
ENSG00000277435	ENSG00000277435	ENSG00000277435	NA	NA	19.385729365343295	1.4300188257642912	0.38588936334112167	1.3417830859239613e-5	1.0537243373509184e-4	upregulated
ENSG00000249138	ENSG00000249138	SLED1	643036	proteoglycan 3, pro eosinophil major basic protein 2 pseudogene	22.692512398059858	1.4486915403230674	0.39281650979560634	1.3748240024350287e-5	1.0736918568865709e-4	upregulated
ENSG00000117479	ENSG00000117479	SLC19A2	10560	solute carrier family 19 member 2	83.54269281951241	-1.0955751661945423	0.2909950712471394	1.4023817674192663e-5	1.0919147195116878e-4	downregulated
ENSG00000163251	ENSG00000163251	FZD5	7855	frizzled class receptor 5	43.78241466049038	1.0499701413292133	0.2797509603093034	1.5283839682709217e-5	1.1799519834684916e-4	upregulated
ENSG00000248905	ENSG00000248905	FMN1	342184	formin 1	129.7515559096956	1.2375742958029912	0.3343797916849542	1.5449118053385576e-5	1.1909335040159558e-4	upregulated
ENSG00000229754	ENSG00000229754	ENSG00000229754	NA	NA	849.8168988231992	1.106303151289673	0.29670915330026376	1.6293875006059984e-5	1.2449162627782776e-4	upregulated
ENSG00000156510	ENSG00000156510	HKDC1	80201	hexokinase domain containing 1	56.24144683078149	-1.026279816289312	0.27358715671717554	1.6729306809722026e-5	1.276156580834153e-4	downregulated
ENSG00000137959	ENSG00000137959	IFI44L	10964	interferon induced protein 44 like	1415.0188986457565	2.1313384534324684	0.5989989692018074	1.7260819355788384e-5	1.312973556686012e-4	upregulated
ENSG00000165997	ENSG00000165997	ARL5B	221079	ADP ribosylation factor like GTPase 5B	842.577199377892	-1.7729998667100253	0.4960906973439125	1.738701350488862e-5	1.3212767244528297e-4	downregulated
ENSG00000168386	ENSG00000168386	FILIP1L	11259	filamin A interacting protein 1 like	38.135364226324555	-1.415095980709304	0.3911788078544252	1.8254053859787156e-5	1.3801081326417222e-4	downregulated
ENSG00000211642	ENSG00000211642	IGLV10-54	28772	immunoglobulin lambda variable 10-54	167.86235699624075	2.18863682635866	0.6211616494177831	1.8765237816606676e-5	1.4128584394930562e-4	upregulated
ENSG00000019102	ENSG00000019102	VSIG2	23584	V-set and immunoglobulin domain containing 2	86.19925578602063	1.0482313625356665	0.2832762845001905	1.900570991231276e-5	1.428190701259549e-4	upregulated
ENSG00000164047	ENSG00000164047	CAMP	820	cathelicidin antimicrobial peptide	12.472628621039526	1.1253619427902115	0.3074667962031528	2.0399119188823073e-5	1.5116143768636702e-4	upregulated
ENSG00000008394	ENSG00000008394	MGST1	4257	microsomal glutathione S-transferase 1	436.9011567893206	1.042033298006957	0.2827715819096691	2.074487887217645e-5	1.5343494101452396e-4	upregulated
ENSG00000197461	ENSG00000197461	PDGFA	5154	platelet derived growth factor subunit A	24.820675599526297	1.5587918240922674	0.438510629522803	2.102230609264574e-5	1.5519084602424343e-4	upregulated
ENSG00000110436	ENSG00000110436	SLC1A2	6506	solute carrier family 1 member 2	14.56899536927746	1.0920261185131457	0.2988969926050765	2.150495947187081e-5	1.5815169341333154e-4	upregulated
ENSG00000090659	ENSG00000090659	CD209	30835	CD209 molecule	25.634602020825632	-1.0813524623125308	0.29556573303990646	2.1637574920012e-5	1.5882573923775963e-4	downregulated
ENSG00000186152	ENSG00000186152	ENSG00000186152	NA	NA	14.612114215526894	1.4428600736997823	0.40473193622206577	2.163082528849731e-5	1.5882573923775963e-4	upregulated
ENSG00000177706	ENSG00000177706	FAM20C	56975	FAM20C golgi associated secretory pathway kinase	122.3551171056523	1.0177705185850818	0.27739135276512794	2.284632160198557e-5	1.6698701604467303e-4	upregulated
ENSG00000177324	ENSG00000177324	BEND2	139105	BEN domain containing 2	57.24584907996075	1.2913267506438406	0.3620153961636536	2.5041124019174707e-5	1.812355732792346e-4	upregulated
ENSG00000166147	ENSG00000166147	FBN1	2200	fibrillin 1	13.453995249215902	1.2896914967677957	0.3620813511262439	2.5174310047611943e-5	1.820296264981171e-4	upregulated
ENSG00000169439	ENSG00000169439	SDC2	6383	syndecan 2	30.609660957287105	1.430913944868689	0.4061045717637367	2.5446033558803912e-5	1.838229997657423e-4	upregulated
ENSG00000287789	ENSG00000287789	ENSG00000287789	NA	NA	33.07408786298553	-1.1367390071285934	0.31583692308544153	2.5640544210167533e-5	1.8505576579790528e-4	downregulated
ENSG00000183625	ENSG00000183625	CCR3	1232	C-C motif chemokine receptor 3	17.413978488768826	1.0046588260827645	0.27707306378430085	2.8107896218946563e-5	1.9912809736024828e-4	upregulated
ENSG00000170955	ENSG00000170955	CAVIN3	112464	caveolae associated protein 3	49.83906895615623	1.6664549552280672	0.4833412357316193	2.94532433367994e-5	2.070806002510239e-4	upregulated
ENSG00000091986	ENSG00000091986	CCDC80	151887	coiled-coil domain containing 80	13.174148082842546	1.04888041498945	0.29254490119261906	2.985962857183855e-5	2.0936837212894033e-4	upregulated
ENSG00000121316	ENSG00000121316	PLBD1	79887	phospholipase B domain containing 1	6276.581839607049	1.1231118730166136	0.31733639902408795	3.141816694513333e-5	2.1891094758266755e-4	upregulated
ENSG00000177076	ENSG00000177076	ACER2	340485	alkaline ceramidase 2	35.390704093161474	1.4655192328725988	0.4242430911493653	3.234553802963258e-5	2.243646220212886e-4	upregulated
ENSG00000259161	ENSG00000259161	ENSG00000259161	NA	NA	15.518922154198163	-1.3834979394982905	0.3985543982823768	3.257193350192907e-5	2.2543091861442207e-4	downregulated
ENSG00000220412	ENSG00000220412	ENSG00000220412	NA	NA	40.1398212492743	-1.491911027318659	0.43314475308605255	3.274793940882839e-5	2.263460517963139e-4	downregulated
ENSG00000117525	ENSG00000117525	F3	2152	coagulation factor III, tissue factor	21.81044244982112	1.665334222644922	0.4878748410908157	3.340076833726032e-5	2.3017506176236844e-4	upregulated
ENSG00000174059	ENSG00000174059	CD34	947	CD34 molecule	34.46162997690802	1.5499657658537185	0.45253750567561934	3.415099846398237e-5	2.3468408780521335e-4	upregulated
ENSG00000184106	ENSG00000184106	ENSG00000184106	NA	NA	24.723436861523226	1.2156445161445315	0.34844667952007025	3.447620933673001e-5	2.3660442779322233e-4	upregulated
ENSG00000182175	ENSG00000182175	RGMA	56963	repulsive guidance molecule BMP co-receptor a	16.139454536237203	1.3191569956018223	0.3822924135937624	3.626110421009734e-5	2.462389344564841e-4	upregulated
ENSG00000125968	ENSG00000125968	ID1	3397	inhibitor of DNA binding 1	409.84279747217766	1.0147463275750517	0.2861301879791548	3.642398410796512e-5	2.472367586496888e-4	upregulated
ENSG00000121797	ENSG00000121797	CCRL2	9034	C-C motif chemokine receptor like 2	311.10858336799873	-1.446366531210395	0.4237558968332813	3.709396944184976e-5	2.511250397394543e-4	downregulated
ENSG00000149131	ENSG00000149131	SERPING1	710	serpin family G member 1	601.107938057448	1.5157541486557966	0.4453112943953026	3.847675831887909e-5	2.5849475689407314e-4	upregulated
ENSG00000134531	ENSG00000134531	EMP1	2012	epithelial membrane protein 1	291.040952376585	1.4721277041123515	0.433649360363516	4.012410391739578e-5	2.682658847015699e-4	upregulated
ENSG00000099256	ENSG00000099256	PRTFDC1	56952	phosphoribosyl transferase domain containing 1	18.995036396202135	1.2464209768838428	0.3647518015180514	4.3890154096513275e-5	2.904165059884475e-4	upregulated
ENSG00000211821	ENSG00000211821	TRDV2	28517	T cell receptor delta variable 2	106.83316046643785	-2.143599798323343	0.6562291091907729	4.4243426360123154e-5	2.9249876744831137e-4	downregulated
ENSG00000151012	ENSG00000151012	SLC7A11	23657	solute carrier family 7 member 11	13.348579418424157	1.2342951134733315	0.3624998603204609	4.697711393611145e-5	3.0832827125543404e-4	upregulated
ENSG00000181773	ENSG00000181773	GPR3	2827	G protein-coupled receptor 3	12.260967791561963	1.005296299476416	0.29002060576518757	4.7927086672630224e-5	3.132528926643467e-4	upregulated
ENSG00000166886	ENSG00000166886	NAB2	4665	NGFI-A binding protein 2	170.22557652074624	1.141454688618797	0.3327839972955438	4.8277992471146626e-5	3.152807003063091e-4	upregulated
ENSG00000286010	ENSG00000286010	LOC105375754	105375754	uncharacterized LOC105375754	18.54699492709305	-1.247697580360571	0.36865589138724414	5.073649395701673e-5	3.2953225346454336e-4	downregulated
ENSG00000139567	ENSG00000139567	ACVRL1	94	activin A receptor like type 1	26.00164070742215	1.1914500973675952	0.3514580430932621	5.084083315527468e-5	3.300717129503182e-4	upregulated
ENSG00000105855	ENSG00000105855	ITGB8	3696	integrin subunit beta 8	12.483421631983186	1.0541090254328844	0.30871452915239683	5.435691219185051e-5	3.504055312118044e-4	upregulated
ENSG00000117586	ENSG00000117586	TNFSF4	7292	TNF superfamily member 4	138.20356953128783	1.067639621135924	0.3158537004980941	6.056098676685892e-5	3.8417214918363263e-4	upregulated
ENSG00000265531	ENSG00000265531	FCGR1CP	100132417	Fc gamma receptor Ic, pseudogene	26.694624359647207	1.3208719830832187	0.4000623031083487	6.122499769079441e-5	3.871176984036776e-4	upregulated
ENSG00000196935	ENSG00000196935	SRGAP1	57522	SLIT-ROBO Rho GTPase activating protein 1	57.808388661618736	1.2534770710100045	0.3774908132986693	6.132797213942529e-5	3.876107774582258e-4	upregulated
ENSG00000105708	ENSG00000105708	ZNF14	7561	zinc finger protein 14	288.0147226000638	-1.0935969633182954	0.32522764111121477	6.201498603274724e-5	3.91155930609154e-4	downregulated
ENSG00000142494	ENSG00000142494	SLC47A1	55244	solute carrier family 47 member 1	21.851271715939575	-1.124998677521557	0.33456510625362484	6.216835180811734e-5	3.919638766438617e-4	downregulated
ENSG00000121966	ENSG00000121966	CXCR4	7852	C-X-C motif chemokine receptor 4	9376.521150766586	-1.0149676365961389	0.30089702178988287	6.344372083927752e-5	3.988848584220362e-4	downregulated
ENSG00000226726	ENSG00000226726	TMEM256P2	106479054	transmembrane protein 256 pseudogene 2	13.315007342193256	-1.076988820790609	0.31944555880760916	6.464079366104021e-5	4.0557391168395375e-4	downregulated
ENSG00000135114	ENSG00000135114	OASL	8638	2'-5'-oligoadenylate synthetase like	1225.9936015854314	1.1681401155769449	0.35048826402074335	6.495535815139952e-5	4.068891780808588e-4	upregulated
ENSG00000125538	ENSG00000125538	IL1B	3553	interleukin 1 beta	3131.571517936014	-1.4891991155232622	0.4615360766267314	6.578319739426583e-5	4.106717493046117e-4	downregulated
ENSG00000261150	ENSG00000261150	EPPK1	83481	epiplakin 1	169.62561784300644	-1.0463035404723122	0.31095816937625625	6.567664928167363e-5	4.106717493046117e-4	downregulated
ENSG00000115457	ENSG00000115457	IGFBP2	3485	insulin like growth factor binding protein 2	63.70480828237554	1.6814153508104608	0.5279550315964384	7.23170915011961e-5	4.470458705394785e-4	upregulated
ENSG00000137965	ENSG00000137965	IFI44	10561	interferon induced protein 44	694.9843323887626	1.0934436445660003	0.33189329173230064	8.225399054806133e-5	5.001016830264332e-4	upregulated
ENSG00000127903	ENSG00000127903	ZNF835	90485	zinc finger protein 835	23.71569799627632	-1.3657280853824567	0.42683493675120454	8.524402332007188e-5	5.148500006597799e-4	downregulated
ENSG00000287095	ENSG00000287095	ENSG00000287095	NA	NA	18.27583000036867	-1.0231915581473965	0.3122257368709204	9.497924746645384e-5	5.637688971315344e-4	downregulated
ENSG00000198794	ENSG00000198794	SCAMP5	192683	secretory carrier membrane protein 5	32.20141601308839	1.5018663371785836	0.48158136430657944	9.879762602974329e-5	5.835305330241121e-4	upregulated
ENSG00000251661	ENSG00000251661	ENSG00000251661	NA	NA	97.1755259690401	1.142183227811322	0.35665184343289463	1.0142707277480184e-4	5.980015096593017e-4	upregulated
ENSG00000105507	ENSG00000105507	CABP5	56344	calcium binding protein 5	30.66845631424081	1.0977072318690315	0.34301209045693093	1.0979381821983075e-4	6.413943957022881e-4	upregulated
ENSG00000233392	ENSG00000233392	UICLM	200772	up-regulated in colorectal cancer liver metastasis	84.70804968427663	-1.5401566807351683	0.5031428542844116	1.1281648509608664e-4	6.567878505825593e-4	downregulated
ENSG00000115590	ENSG00000115590	IL1R2	7850	interleukin 1 receptor type 2	157.5650344390058	3.5490892951900452	0.4911632232752008	1.1812415813984263e-4	6.831117422628483e-4	upregulated
ENSG00000275302	ENSG00000275302	CCL4	6351	C-C motif chemokine ligand 4	2206.479703982521	-1.2393950668408995	0.4001052811796746	1.2640604681342913e-4	7.239873656116271e-4	downregulated
ENSG00000152433	ENSG00000152433	ZNF547	284306	zinc finger protein 547	16.82172762078469	-1.0969326112358069	0.34952875497436625	1.3578210794576388e-4	7.719869846916414e-4	downregulated
ENSG00000183019	ENSG00000183019	MCEMP1	199675	mast cell expressed membrane protein 1	972.486865944592	1.1096235753733312	0.3570022735680172	1.5117253298433596e-4	8.437157202544264e-4	upregulated
ENSG00000165716	ENSG00000165716	DIPK1B	138311	divergent protein kinase domain 1B	65.82792937538619	1.185849136157945	0.3881914446599272	1.5801989665949196e-4	8.778254287925216e-4	upregulated
ENSG00000177875	ENSG00000177875	CCDC184	387856	coiled-coil domain containing 184	27.133620954704444	-1.2871752759746506	0.427820423494521	1.6186360214497287e-4	8.962886359402104e-4	downregulated
ENSG00000178342	ENSG00000178342	KCNG2	26251	potassium voltage-gated channel modifier subfamily G member 2	17.89468877713264	1.313156052949941	0.44027302548275254	1.731624144695646e-4	9.496990977450308e-4	upregulated
ENSG00000237296	ENSG00000237296	SMG1P1	641298	SMG1 pseudogene 1	33.73109024055668	-1.3997336827054592	0.4762744703177336	1.8515742886544013e-4	0.00100623395995198	downregulated
ENSG00000118520	ENSG00000118520	ARG1	383	arginase 1	13.45333618971744	1.0925234787040083	0.361838919379852	1.988698683311799e-4	0.00107025387155329	upregulated
ENSG00000149054	ENSG00000149054	ZNF215	7762	zinc finger protein 215	17.546480147897817	1.472582511188843	0.5102246180341743	2.0830014532489025e-4	0.00111136403645994	upregulated
ENSG00000283632	ENSG00000283632	EXOC3L2	90332	exocyst complex component 3 like 2	14.09004187844301	2.287532603672707	0.43405616746843273	2.134617148473601e-4	0.00113422103366994	upregulated
ENSG00000167306	ENSG00000167306	MYO5B	4645	myosin VB	13.444401735417586	1.019016076959051	0.3388026773241699	2.2342693856679144e-4	0.00117668992094089	upregulated
ENSG00000282572	ENSG00000282572	ENSG00000282572	NA	NA	19.510199702733672	1.0515535978716566	0.35184827517900813	2.240561240648147e-4	0.00117840301262979	upregulated
ENSG00000130558	ENSG00000130558	OLFM1	10439	olfactomedin 1	148.60279076759718	-1.5484835942789092	0.5512215978158624	2.3691618059788736e-4	0.00123681250793444	downregulated
ENSG00000088882	ENSG00000088882	CPXM1	56265	carboxypeptidase X, M14 family member 1	33.32249127464213	1.0976971821309651	0.3720071667320445	2.3949257990166117e-4	0.00124804731029489	upregulated
ENSG00000180190	ENSG00000180190	TDRP	157695	testis development related protein	46.18295057569178	1.002434859012655	0.3371459303555226	2.575640675145626e-4	0.00133249455875612	upregulated
ENSG00000156395	ENSG00000156395	SORCS3	22986	sortilin related VPS10 domain containing receptor 3	18.60022928573121	-1.0562702696053603	0.3596331028002194	2.696251971346111e-4	0.0013842723626474	downregulated
ENSG00000283633	ENSG00000283633	ENSG00000283633	NA	NA	73.52479222058147	1.0525124731992477	0.35995558091022106	2.8173926119393685e-4	0.00144026893247131	upregulated
ENSG00000145632	ENSG00000145632	PLK2	10769	polo like kinase 2	539.9709768692084	-1.162173523640998	0.4074822954878	2.916946932378337e-4	0.00148427241502427	downregulated
ENSG00000157601	ENSG00000157601	MX1	4599	MX dynamin like GTPase 1	4249.117622507491	1.3237473272868938	0.4723182608884153	3.121390176715487e-4	0.00156980420365944	upregulated
ENSG00000225964	ENSG00000225964	ENSG00000225964	NA	NA	36.362706626454994	1.2924982201833726	0.4641949851273436	3.187108287579353e-4	0.00159664242701407	upregulated
ENSG00000172572	ENSG00000172572	PDE3A	5139	phosphodiesterase 3A	21.17031296310707	1.2899770329902644	0.46757478460955826	3.385292864773264e-4	0.00167804066259614	upregulated
ENSG00000010030	ENSG00000010030	ETV7	51513	ETS variant transcription factor 7	120.20442990498964	1.216336603565463	0.4389056537555729	3.60339907969702e-4	0.00177143327182569	upregulated
ENSG00000088827	ENSG00000088827	SIGLEC1	6614	sialic acid binding Ig like lectin 1	1459.2592114638385	1.7233732446687269	0.6524281190497236	3.643503548436134e-4	0.00178661840139881	upregulated
ENSG00000211685	ENSG00000211685	IGLC7	28834	immunoglobulin lambda constant 7	67.70439051818772	1.7002925419577637	0.6470324998785663	3.657411875316857e-4	0.00179163532138299	upregulated
ENSG00000074181	ENSG00000074181	NOTCH3	4854	notch receptor 3	22.3289146682217	1.422921014534522	0.5342312954427759	3.962230106735869e-4	0.00191446071512377	upregulated
ENSG00000166831	ENSG00000166831	RBPMS2	348093	RNA binding protein, mRNA processing factor 2	54.61847629597675	1.4917544043915354	0.5699582502769641	4.2959672483995496e-4	0.00205459303184326	upregulated
ENSG00000257957	ENSG00000257957	QRSL1P3	100422374	QRSL1 pseudogene 3	30.282508522023743	-1.100863288884015	0.403620879591184	4.51860656234661e-4	0.00214585388187372	downregulated
ENSG00000120279	ENSG00000120279	MYCT1	80177	MYC target 1	14.816188637696856	1.150745189650945	0.42959048745955447	4.93028012241424e-4	0.00231582812533751	upregulated
ENSG00000253755	ENSG00000253755	ENSG00000253755	NA	NA	312.24615031773243	2.004966607331546	0.8179177524358867	4.983028826185154e-4	0.00233353795574069	upregulated
ENSG00000134765	ENSG00000134765	DSC1	1823	desmocollin 1	53.46647064356776	-1.164312396343078	0.43693133107730536	5.000098856109976e-4	0.00234082503043361	downregulated
ENSG00000187608	ENSG00000187608	ISG15	9636	ISG15 ubiquitin like modifier	2376.9222236299374	1.925697940472318	0.35058225265408344	5.203737794483472e-4	0.00242445098204982	upregulated
ENSG00000116285	ENSG00000116285	ERRFI1	54206	ERBB receptor feedback inhibitor 1	35.56396049719147	-1.2122428723121923	0.46924303365169306	5.864673460756845e-4	0.00269195280782298	downregulated
ENSG00000112149	ENSG00000112149	CD83	9308	CD83 molecule	5002.180397231291	-1.2836720590017423	0.504886578859212	5.926545675059327e-4	0.00271633343440219	downregulated
ENSG00000004809	ENSG00000004809	SLC22A16	85413	solute carrier family 22 member 16	113.0315238141116	1.1484183744537269	0.4447537289371989	6.552067221837099e-4	0.00295130555334816	upregulated
ENSG00000263155	ENSG00000263155	MYZAP	100820829	myocardial zonula adherens protein	28.23499004974673	1.2229098502770743	0.4858096197190759	6.968917032989115e-4	0.00310240824287201	upregulated
ENSG00000130844	ENSG00000130844	ZNF331	55422	zinc finger protein 331	2675.3156819597166	-1.347843303552211	0.5507854930394807	7.123969474527702e-4	0.00315452129238771	downregulated
ENSG00000114315	ENSG00000114315	HES1	3280	hes family bHLH transcription factor 1	51.71655590441979	-1.2386599934548284	0.49928843998355465	7.403133569301552e-4	0.00326293269849011	downregulated
ENSG00000115009	ENSG00000115009	CCL20	6364	C-C motif chemokine ligand 20	87.47842514194859	-1.922383897843158	0.8578809011589171	7.977231088512386e-4	0.00348134086051848	downregulated
ENSG00000276758	ENSG00000276758	ENSG00000276758	NA	NA	94.93439859407076	1.2284430420319927	0.49961963885701705	8.133823892046205e-4	0.00353872674798419	upregulated
ENSG00000145708	ENSG00000145708	CRHBP	1393	corticotropin releasing hormone binding protein	15.33207853890095	1.196149391459595	0.4862662917092727	8.229123982726141e-4	0.00357617576273696	upregulated
ENSG00000007038	ENSG00000007038	PRSS21	10942	serine protease 21	45.91890740621355	-1.3848700871233246	0.5948903274871042	9.275507618151817e-4	0.00395554366669053	downregulated
ENSG00000177575	ENSG00000177575	CD163	9332	CD163 molecule	3841.174967967747	1.129051836574814	0.4600311805457529	9.562353585547332e-4	0.00405956170463925	upregulated
ENSG00000122025	ENSG00000122025	FLT3	2322	fms related receptor tyrosine kinase 3	488.2830916120122	1.051894056263433	0.4234433127193491	9.569727874219024e-4	0.00405956170463925	upregulated
ENSG00000204872	ENSG00000204872	ENSG00000204872	NA	NA	23.87248307039425	1.2189854975691627	0.5113123218070573	9.665636166586002e-4	0.00409377435673809	upregulated
ENSG00000091129	ENSG00000091129	NRCAM	4897	neuronal cell adhesion molecule	32.4840775484136	-1.369730336771324	0.6006623565593094	0.00105702836473958	0.00440712632718037	downregulated
ENSG00000158966	ENSG00000158966	CACHD1	57685	cache domain containing 1	23.555925656358667	-1.1482167865911164	0.48389980732572874	0.00106958851617033	0.00444992432559062	downregulated
ENSG00000225234	ENSG00000225234	ENSG00000225234	NA	NA	25.741898368432913	-1.0279978289118326	0.4223704494469281	0.00110114704699106	0.00455313001835016	downregulated
ENSG00000110203	ENSG00000110203	FOLR3	2352	folate receptor gamma	670.5800152585999	1.2049576968405542	0.5148154543399898	0.00111515875193055	0.00460492871204549	upregulated
ENSG00000005381	ENSG00000005381	MPO	4353	myeloperoxidase	229.81761631735935	1.748840201610381	0.3891254147570807	0.00126597859359492	0.00511736460428908	upregulated
ENSG00000183722	ENSG00000183722	LHFPL6	10186	LHFPL tetraspan subfamily member 6	28.662334187214476	1.0127555220737414	0.4263997607434835	0.00129657559335378	0.00522470445646067	upregulated
ENSG00000137878	ENSG00000137878	GCOM1	145781	GCOM1, MYZAP-POLR2M combined locus	43.87203237239117	1.1440794273304211	0.5017280148115482	0.00134804329280451	0.00540945415906835	upregulated
ENSG00000123610	ENSG00000123610	TNFAIP6	7130	TNF alpha induced protein 6	348.9193609134093	-1.5594803717991188	0.7611741634245339	0.00144574721403349	0.00574090372065675	downregulated
ENSG00000249790	ENSG00000249790	ENSG00000249790	NA	NA	23.82025490285284	1.1287982502995275	0.5052774952578677	0.00151276483352337	0.00597022457199684	upregulated
ENSG00000173391	ENSG00000173391	OLR1	4973	oxidized low density lipoprotein receptor 1	285.8383861852671	-1.9568970406921071	1.050817011154357	0.00158428619988931	0.00618793224887517	downregulated
ENSG00000102174	ENSG00000102174	PHEX	5251	phosphate regulating endopeptidase X-linked	25.27281477433316	-1.0285795795135428	0.4544716001634735	0.0016239226408464	0.00631412388055346	downregulated
ENSG00000133328	ENSG00000133328	PLAAT2	54979	phospholipase A and acyltransferase 2	25.252526084980204	1.047925912349468	0.4681150217517925	0.00169047631551026	0.00653033316402595	upregulated
ENSG00000162772	ENSG00000162772	ATF3	467	activating transcription factor 3	1000.1397602606336	-1.1675715455342297	0.5495440875290638	0.00171811742447054	0.00661176041630223	downregulated
ENSG00000153234	ENSG00000153234	NR4A2	4929	nuclear receptor subfamily 4 group A member 2	8605.281868547181	-1.1352737485778577	0.5457252028225339	0.00203232715648123	0.00764525689959348	downregulated
ENSG00000182795	ENSG00000182795	C1orf116	79098	chromosome 1 open reading frame 116	26.654334939153255	1.0183928898437788	0.4795978028537707	0.00225106938452742	0.00832477018455419	upregulated
ENSG00000228668	ENSG00000228668	TRGV5P	6979	T cell receptor gamma variable 5P (pseudogene)	23.631871185093015	-1.034161631544949	0.5027375579395774	0.00250340869260892	0.00911452319773813	downregulated
ENSG00000177535	ENSG00000177535	OR2B11	127623	olfactory receptor family 2 subfamily B member 11	30.8331867348156	-1.0723795037235535	0.5630769242170816	0.00314279516825617	0.01099499387035505	downregulated
ENSG00000198435	ENSG00000198435	NRARP	441478	NOTCH regulated ankyrin repeat protein	89.65631710800028	-1.306579348984165	0.7736589841056337	0.00331324216546902	0.01148857276691807	downregulated
ENSG00000197279	ENSG00000197279	ZNF165	7718	zinc finger protein 165	65.87016842243771	-1.1156759121052493	0.6355467085022403	0.00377705421074092	0.01281603824296473	downregulated
ENSG00000124466	ENSG00000124466	LYPD3	27076	LY6/PLAUR domain containing 3	163.9256545583849	-1.0978723697356556	0.6246739446075336	0.00387806341111836	0.01307581815357517	downregulated
ENSG00000134321	ENSG00000134321	RSAD2	91543	radical S-adenosyl methionine domain containing 2	543.6509598809464	1.9522967560013924	0.4743682271822125	0.00460250345345051	0.01507841720623578	upregulated
ENSG00000187010	ENSG00000187010	RHD	6007	Rh blood group D antigen	71.4381280009505	1.142456204776683	0.8118370988636541	0.00589900820113203	0.0185122852433596	upregulated
ENSG00000280411	ENSG00000280411	IGHV1-69D	102723169	immunoglobulin heavy variable 1-69D	899.1336099602418	1.0784245029087374	0.7357531491610559	0.00611221336946869	0.01908221202907797	upregulated
ENSG00000106341	ENSG00000106341	PPP1R17	10842	protein phosphatase 1 regulatory subunit 17	51.39825497561739	-1.0729774145477695	0.8062054250716655	0.00683061034454181	0.02094144424665814	downregulated
ENSG00000213025	ENSG00000213025	ENSG00000213025	NA	NA	14.95147668730705	1.1036827346356195	0.8914076529639117	0.00722161420796456	0.02198232157690738	upregulated
ENSG00000134326	ENSG00000134326	CMPK2	129607	cytidine/uridine monophosphate kinase 2	954.5479748489188	1.2845815725999576	0.3976477913625765	0.00785779113996278	0.02352786497699282	upregulated
