ID	Description	setSize	enrichmentScore	NES	pvalue	p.adjust	qvalue	rank	leading_edge	core_enrichment
GO:0007088	regulation of mitotic nuclear division	96	0.8401188748946786	2.284244782991558	1e-10	7.3758953041998606e-9	6.537346244470628e-9	635	tags=34%, list=5%, signal=33%	5347/11065/9212/991/9088/4288/332/699/9700/11130/157313/9787/701/9319/147841/891/83540/1063/55143/4751/7272/57082/10403/1111/1950/4085/6790/54998/26271/858/1104/51529/10459
GO:0051306	mitotic sister chromatid separation	59	0.8727491498193061	2.253260370132711	1e-10	7.3758953041998606e-9	6.537346244470628e-9	635	tags=39%, list=5%, signal=37%	5347/11065/9212/991/332/699/9700/11130/9787/701/9319/147841/891/83540/1063/55143/7272/57082/10403/4085/26271/51529/10459
GO:0010965	regulation of mitotic sister chromatid separation	56	0.8764666559682791	2.2527929014114854	1e-10	7.3758953041998606e-9	6.537346244470628e-9	635	tags=41%, list=5%, signal=39%	5347/11065/9212/991/332/699/9700/11130/9787/701/9319/147841/891/83540/1063/55143/7272/57082/10403/4085/26271/51529/10459
GO:0051783	regulation of nuclear division	108	0.8164901864046448	2.2408152188344097	1e-10	7.3758953041998606e-9	6.537346244470628e-9	635	tags=31%, list=5%, signal=30%	5347/11065/9212/991/9088/4288/332/699/9700/11130/157313/9787/701/9319/147841/891/83540/1063/55143/4751/7272/57082/10403/1111/1950/4085/6790/10635/54998/26271/858/1104/51529/10459
GO:1905818	regulation of chromosome separation	69	0.8454821042880938	2.240429463758185	1e-10	7.3758953041998606e-9	6.537346244470628e-9	974	tags=41%, list=7%, signal=38%	5347/11065/9212/991/332/699/9700/11130/9787/64151/701/9319/23397/147841/891/83540/1063/55143/7272/57082/10403/4085/26271/51529/10459/10051/10592/25906
GO:0051304	chromosome separation	76	0.8373167995396509	2.237908781414893	1e-10	7.3758953041998606e-9	6.537346244470628e-9	974	tags=37%, list=7%, signal=34%	5347/11065/9212/991/332/699/9700/11130/9787/64151/701/9319/23397/147841/891/83540/1063/55143/7272/57082/10403/4085/26271/51529/10459/10051/10592/25906
GO:0045839	negative regulation of mitotic nuclear division	50	0.8847149133025234	2.229355119923232	1e-10	7.3758953041998606e-9	6.537346244470628e-9	313	tags=40%, list=2%, signal=39%	5347/9212/991/332/699/11130/701/9319/147841/891/83540/1063/55143/7272/57082/10403/1111/4085/54998/26271
GO:0051784	negative regulation of nuclear division	53	0.8751819311501847	2.2287966751073243	1e-10	7.3758953041998606e-9	6.537346244470628e-9	313	tags=38%, list=2%, signal=37%	5347/9212/991/332/699/11130/701/9319/147841/891/83540/1063/55143/7272/57082/10403/1111/4085/54998/26271
GO:0033047	regulation of mitotic sister chromatid segregation	51	0.8803677532489218	2.226475286522318	1e-10	7.3758953041998606e-9	6.537346244470628e-9	313	tags=37%, list=2%, signal=37%	5347/9212/991/332/699/11130/701/9319/147841/891/83540/1063/55143/7272/983/57082/10403/4085/26271
GO:1902099	regulation of metaphase/anaphase transition of cell cycle	86	0.8216773881486839	2.2212148989088227	1e-10	7.3758953041998606e-9	6.537346244470628e-9	313	tags=27%, list=2%, signal=26%	5347/11065/9212/991/332/699/9700/11130/9787/701/990/9319/147841/891/83540/1063/55143/7272/57082/1062/10403/4085/26271
GO:0051985	negative regulation of chromosome segregation	46	0.8882580147426636	2.2205329587117766	1e-10	7.3758953041998606e-9	6.537346244470628e-9	313	tags=39%, list=2%, signal=38%	5347/9212/991/332/699/11130/701/9319/147841/891/83540/1063/55143/7272/57082/10403/4085/26271
GO:1902100	negative regulation of metaphase/anaphase transition of cell cycle	46	0.8882580147426636	2.2205329587117766	1e-10	7.3758953041998606e-9	6.537346244470628e-9	313	tags=39%, list=2%, signal=38%	5347/9212/991/332/699/11130/701/9319/147841/891/83540/1063/55143/7272/57082/10403/4085/26271
GO:1905819	negative regulation of chromosome separation	46	0.8882580147426636	2.2205329587117766	1e-10	7.3758953041998606e-9	6.537346244470628e-9	313	tags=39%, list=2%, signal=38%	5347/9212/991/332/699/11130/701/9319/147841/891/83540/1063/55143/7272/57082/10403/4085/26271
GO:0030071	regulation of mitotic metaphase/anaphase transition	85	0.8229682349093667	2.219195643304837	1e-10	7.3758953041998606e-9	6.537346244470628e-9	313	tags=27%, list=2%, signal=27%	5347/11065/9212/991/332/699/9700/11130/9787/701/990/9319/147841/891/83540/1063/55143/7272/57082/1062/10403/4085/26271
GO:0033046	negative regulation of sister chromatid segregation	45	0.8902295903358967	2.2186101565645497	1e-10	7.3758953041998606e-9	6.537346244470628e-9	313	tags=40%, list=2%, signal=39%	5347/9212/991/332/699/11130/701/9319/147841/891/83540/1063/55143/7272/57082/10403/4085/26271
GO:0033048	negative regulation of mitotic sister chromatid segregation	45	0.8902295903358967	2.2186101565645497	1e-10	7.3758953041998606e-9	6.537346244470628e-9	313	tags=40%, list=2%, signal=39%	5347/9212/991/332/699/11130/701/9319/147841/891/83540/1063/55143/7272/57082/10403/4085/26271
GO:0045841	negative regulation of mitotic metaphase/anaphase transition	45	0.8902295903358967	2.2186101565645497	1e-10	7.3758953041998606e-9	6.537346244470628e-9	313	tags=40%, list=2%, signal=39%	5347/9212/991/332/699/11130/701/9319/147841/891/83540/1063/55143/7272/57082/10403/4085/26271
GO:2000816	negative regulation of mitotic sister chromatid separation	45	0.8902295903358967	2.2186101565645497	1e-10	7.3758953041998606e-9	6.537346244470628e-9	313	tags=40%, list=2%, signal=39%	5347/9212/991/332/699/11130/701/9319/147841/891/83540/1063/55143/7272/57082/10403/4085/26271
GO:0007091	metaphase/anaphase transition of mitotic cell cycle	89	0.8155557504233111	2.2172471812897334	1e-10	7.3758953041998606e-9	6.537346244470628e-9	313	tags=26%, list=2%, signal=25%	5347/11065/9212/991/332/699/9700/11130/9787/701/990/9319/147841/891/83540/1063/55143/7272/57082/1062/10403/4085/26271
GO:0031577	spindle checkpoint signaling	44	0.8890560655831181	2.21623346145576	1e-10	7.3758953041998606e-9	6.537346244470628e-9	275	tags=39%, list=2%, signal=38%	5347/9212/991/332/699/11130/701/9319/147841/891/83540/1063/55143/7272/57082/10403/4085
GO:0007094	mitotic spindle assembly checkpoint signaling	43	0.8910690203571795	2.212698783357037	1e-10	7.3758953041998606e-9	6.537346244470628e-9	275	tags=40%, list=2%, signal=39%	5347/9212/991/332/699/11130/701/9319/147841/891/83540/1063/55143/7272/57082/10403/4085
GO:0071173	spindle assembly checkpoint signaling	43	0.8910690203571795	2.212698783357037	1e-10	7.3758953041998606e-9	6.537346244470628e-9	275	tags=40%, list=2%, signal=39%	5347/9212/991/332/699/11130/701/9319/147841/891/83540/1063/55143/7272/57082/10403/4085
GO:0071174	mitotic spindle checkpoint signaling	43	0.8910690203571795	2.212698783357037	1e-10	7.3758953041998606e-9	6.537346244470628e-9	275	tags=40%, list=2%, signal=39%	5347/9212/991/332/699/11130/701/9319/147841/891/83540/1063/55143/7272/57082/10403/4085
GO:0044784	metaphase/anaphase transition of cell cycle	90	0.8142874145967601	2.2120120703645454	1e-10	7.3758953041998606e-9	6.537346244470628e-9	313	tags=26%, list=2%, signal=25%	5347/11065/9212/991/332/699/9700/11130/9787/701/990/9319/147841/891/83540/1063/55143/7272/57082/1062/10403/4085/26271
GO:0033045	regulation of sister chromatid segregation	97	0.8101857835687316	2.2047642312818634	1e-10	7.3758953041998606e-9	6.537346244470628e-9	635	tags=28%, list=5%, signal=27%	5347/11065/9212/991/332/699/9700/11130/9787/701/990/9319/147841/891/83540/1063/55143/7272/983/57082/1062/10403/4085/26271/116028/51529/10459
GO:0051983	regulation of chromosome segregation	120	0.7956585355679179	2.197860165976573	1e-10	7.3758953041998606e-9	6.537346244470628e-9	635	tags=27%, list=5%, signal=26%	5347/11065/9212/991/4288/332/699/9700/11130/157313/9787/64151/701/11004/990/9319/23397/147841/891/83540/1063/55143/7272/983/57082/1062/10403/4085/26271/116028/51529/10459
GO:2001251	negative regulation of chromosome organization	87	0.8074213565260461	2.1838852319364652	1e-10	7.3758953041998606e-9	6.537346244470628e-9	313	tags=24%, list=2%, signal=24%	5347/9212/991/332/699/9700/7153/11130/701/9319/147841/891/83540/1063/55143/7272/57082/80119/10403/4085/26271
GO:0019730	antimicrobial humoral response	55	0.8463243902830289	2.1807966623072392	1e-10	7.3758953041998606e-9	6.537346244470628e-9	1061	tags=51%, list=8%, signal=47%	3500/3512/140823/8347/3502/8343/3494/8349/85236/3493/8970/2597/8339/5473/5196/5197/6283/28912/6280/3507/1991/2197/3151/3501/283/6374/3503/6037
GO:0002377	immunoglobulin production	147	0.7762791652833088	2.1676285901367716	1e-10	7.3758953041998606e-9	6.537346244470628e-9	1167	tags=37%, list=8%, signal=34%	51237/28913/10721/28773/28815/28793/28908/28937/28813/9156/28299/28876/28791/28784/28907/28825/28816/28775/28820/28940/28778/28822/28803/28938/28781/28919/28799/28923/28823/28783/28942/28874/28935/28797/28796/28943/28882/28785/28804/28912/28817/28904/10459/28774/28826/28776/28941/28814/28902/2821/79915/2048/11331/28920
GO:0042773	ATP synthesis coupled electron transport	91	0.7967752411254844	2.1626572444980154	1e-10	7.3758953041998606e-9	6.537346244470628e-9	2084	tags=65%, list=15%, signal=55%	891/983/7388/9377/11315/1337/4715/4728/1351/6622/29796/51142/4694/4713/4696/1329/4726/374291/27089/4710/1347/4706/1345/4709/4722/1327/1340/7386/4697/440567/4716/4700/1349/4712/29103/4695/6390/55967/1537/1350/4717/4704/4707/4702/7384/7381/10975/1716/4714/4708/4513/4729/4514/51103/4725/4724/9167/27069/790955
GO:0042775	mitochondrial ATP synthesis coupled electron transport	91	0.7967752411254844	2.1626572444980154	1e-10	7.3758953041998606e-9	6.537346244470628e-9	2084	tags=65%, list=15%, signal=55%	891/983/7388/9377/11315/1337/4715/4728/1351/6622/29796/51142/4694/4713/4696/1329/4726/374291/27089/4710/1347/4706/1345/4709/4722/1327/1340/7386/4697/440567/4716/4700/1349/4712/29103/4695/6390/55967/1537/1350/4717/4704/4707/4702/7384/7381/10975/1716/4714/4708/4513/4729/4514/51103/4725/4724/9167/27069/790955
GO:0006119	oxidative phosphorylation	132	0.771893451263695	2.140904813438435	1e-10	7.3758953041998606e-9	6.537346244470628e-9	2414	tags=64%, list=17%, signal=54%	891/983/7388/30968/9377/11315/1337/4715/4728/1351/6622/29796/51142/4694/54539/4713/4696/1329/521/4726/374291/27089/4710/1347/522/4706/10476/513/6472/1345/4709/539/4722/1327/1340/7386/4697/9551/440567/514/4716/4700/1349/4712/29103/4695/6390/509/55967/1537/84300/1350/4717/4704/4707/4702/498/7384/7381/10975/1716/4714/4708/4513/9555/506/4729/4514/65990/51103/515/10632/4725/4724/9167/27069/790955/7415/387/4718/205/6391/126328/388753/400916
GO:0000070	mitotic sister chromatid segregation	172	0.7588519018749066	2.1408643063377375	1e-10	7.3758953041998606e-9	6.537346244470628e-9	1005	tags=29%, list=7%, signal=27%	5347/11065/22974/9212/991/332/24137/699/81620/9700/4605/11130/113130/9787/64151/701/11004/3833/9319/23397/147841/3832/891/83540/9928/1063/55143/4751/7272/983/57082/146909/1062/10403/9493/10615/4085/26271/7283/26073/51529/10459/27243/5901/10051/10592/2491/25906/128866/56647
GO:0019646	aerobic electron transport chain	83	0.7910005925758876	2.1277497917250123	1e-10	7.3758953041998606e-9	6.537346244470628e-9	2084	tags=64%, list=15%, signal=55%	7388/9377/11315/1337/4715/4728/1351/6622/29796/4694/4713/4696/1329/4726/374291/27089/4710/1347/4706/1345/4709/4722/1327/1340/7386/4697/440567/4716/4700/1349/4712/29103/4695/6390/1537/1350/4717/4704/4707/4702/7384/7381/10975/4714/4708/4513/4729/4514/51103/4725/4724/9167/790955
GO:0022904	respiratory electron transport chain	109	0.7692188405935205	2.110629977619259	1e-10	7.3758953041998606e-9	6.537346244470628e-9	2084	tags=57%, list=15%, signal=49%	891/983/7388/9377/11315/1337/4715/4728/1351/6622/29796/51142/4694/4713/4696/1329/2109/4726/374291/27089/4710/1347/4706/1345/4709/2108/4722/1327/1340/7386/4697/84883/440567/4716/4700/1349/4712/29103/4695/6390/55967/1537/1350/4717/4704/4707/4702/7384/7381/10975/1716/4714/4708/4513/4729/4514/51103/4725/4724/9167/27069/790955
GO:0016064	immunoglobulin mediated immune response	158	0.7490761936530099	2.1044916009343577	1e-10	7.3758953041998606e-9	6.537346244470628e-9	1529	tags=40%, list=11%, signal=36%	28467/28392/3500/28468/3514/28395/3539/28434/28444/28388/28442/9156/28445/3538/28450/714/3502/713/28400/1191/28391/28439/3494/28423/28412/3493/28452/28426/28457/28385/28448/28455/28424/4352/28394/28458/3542/28420/28408/708/28454/28473/28449/10459/3507/28414/712/28461/28464/28401/3501/3503/2209/28409/100423062/79915/102723168/28410/7468/710/10312/7292/715
GO:0019724	B cell mediated immunity	161	0.7467552853848228	2.0996504272977483	1e-10	7.3758953041998606e-9	6.537346244470628e-9	1529	tags=40%, list=11%, signal=36%	28467/28392/3500/28468/3514/28395/3539/28434/28444/28388/28442/9156/28445/3538/28450/714/3502/713/28400/1191/28391/28439/3494/28423/28412/3493/28452/28426/28457/28385/28448/28455/28424/4352/28394/28458/3542/28420/28408/708/28454/28473/28449/10459/3507/28414/712/28461/28464/28401/3501/3503/2209/28409/100423062/79915/102723168/28410/7468/970/710/10312/7292/715
GO:0140014	mitotic nuclear division	240	0.7328290613775282	2.099576440702243	1e-10	7.3758953041998606e-9	6.537346244470628e-9	1005	tags=26%, list=7%, signal=24%	5347/11065/22974/9212/991/9088/4288/332/24137/699/81620/9700/4605/11130/157313/113130/9787/64151/701/11004/3833/9319/23397/54443/147841/3832/891/83540/9928/1063/55143/4751/7272/983/57082/146909/1062/10403/1111/9493/1950/10615/4085/6790/54998/26271/7283/858/1104/26073/51529/10459/27243/5902/5901/10051/8877/10592/2491/25906/128866/56647
GO:0022900	electron transport chain	149	0.7513418577801929	2.0988328967513747	1e-10	7.3758953041998606e-9	6.537346244470628e-9	2411	tags=54%, list=17%, signal=45%	891/2731/983/7388/9377/11315/1337/4715/4728/1351/26227/6622/10954/29796/51142/4694/4713/4696/1329/2109/4726/374291/27089/4710/1347/4706/1345/4709/1535/2108/4722/1327/1340/7386/4697/84883/440567/4716/4700/1349/4712/29103/4695/6390/55967/1537/1350/4717/4704/444/4707/4702/7384/4835/7264/7381/10975/6834/1716/4714/4708/4513/4729/4514/2936/51103/4725/4724/3420/9167/27069/790955/8974/4718/6391/8659/388753/2629/6715/2110/29958
GO:0000819	sister chromatid segregation	209	0.7289392364362586	2.076422199485766	1e-10	7.3758953041998606e-9	6.537346244470628e-9	1005	tags=25%, list=7%, signal=24%	5347/11065/22974/9212/991/332/24137/699/81620/9700/7153/4605/11130/113130/9787/64151/701/11004/990/3833/9319/23397/147841/3832/891/83540/9928/1063/55143/4751/7272/983/57082/146909/1062/10403/9493/10615/4085/26271/7283/116028/26073/51529/10459/27243/5901/10051/10592/2491/25906/128866/56647
GO:0009060	aerobic respiration	177	0.730708805164881	2.0621701645050305	1e-10	7.3758953041998606e-9	6.537346244470628e-9	2366	tags=55%, list=17%, signal=46%	891/983/7388/30968/9377/11315/1337/4715/4728/1351/113115/6622/29796/51142/4694/54539/4713/4696/1329/521/4726/374291/27089/4710/1347/522/4706/10476/513/3418/6472/1345/4709/539/4722/1327/1340/7386/4697/9551/440567/514/4716/4700/1349/4712/29103/4695/6390/509/55967/1537/84300/4191/1350/4717/4704/4707/4702/498/7384/2271/7381/10975/6834/2647/1716/4714/4708/5160/4513/9555/506/4729/4514/158/65990/51103/4190/515/10632/8802/4725/4724/3420/9167/27069/790955/7415/387/4718/92259/205/3421/6391/126328/388753
GO:0098813	nuclear chromosome segregation	264	0.7133659894308024	2.0502341738010514	1e-10	7.3758953041998606e-9	6.537346244470628e-9	1005	tags=23%, list=7%, signal=21%	5347/11065/22974/9212/991/332/24137/259266/699/9133/81620/9700/7153/4605/11130/113130/9787/64151/701/11004/990/3833/9319/23397/147841/3832/891/83540/9928/1063/55143/4751/7272/983/57082/146909/1062/10403/9493/10615/151648/9232/4085/6790/26271/7283/116028/26073/51529/10459/9134/27243/5901/898/10051/10592/2491/25906/128866/56647
GO:0007093	mitotic cell cycle checkpoint signaling	134	0.7364226801201375	2.0487137968455276	1e-10	7.3758953041998606e-9	6.537346244470628e-9	677	tags=23%, list=5%, signal=22%	5347/9212/991/332/51514/699/11130/51512/63967/701/990/9319/147841/891/83540/1063/55143/90381/7272/983/4998/57082/10403/1111/4085/79035/672/29980/10459/51065/146956
GO:0000280	nuclear division	338	0.7063729122723791	2.0434033971258456	1e-10	7.3758953041998606e-9	6.537346244470628e-9	1248	tags=25%, list=9%, signal=23%	5347/11065/22974/9212/991/9088/4288/332/24137/259266/699/9133/81620/9700/7153/4605/11130/157313/113130/9787/64151/701/11004/3833/8438/9319/23397/54443/147841/5888/3832/891/83540/9928/1063/55143/4751/7272/983/57082/146909/1062/10403/1111/9493/1950/10615/151648/9232/4085/6790/10635/54998/26271/7283/858/675/1104/26073/51529/10459/146956/9134/27243/5902/811/5901/898/10051/8877/10592/2175/2491/25906/128866/56647/201254/11331/387893/2801/54892/998/5719
GO:0009206	purine ribonucleoside triphosphate biosynthetic process	101	0.7428904134199796	2.0302013940679613	1.0103966170136795e-10	7.3758953041998606e-9	6.537346244470628e-9	2340	tags=57%, list=17%, signal=48%	4830/30968/4715/4728/4694/54539/4713/4696/516/521/4726/374291/518/4710/522/4706/10476/513/4709/84833/539/4722/9556/9551/514/4716/4700/4712/4695/6390/509/55967/4717/2023/4704/4707/4702/498/4833/226/4714/4708/506/4729/7114/517/65990/515/10632/4725/4724/790955/7415/9605/4718/318/6391/126328
GO:0009142	nucleoside triphosphate biosynthetic process	115	0.7348609087142399	2.0219464835505927	1e-10	7.3758953041998606e-9	6.537346244470628e-9	2340	tags=54%, list=17%, signal=45%	7298/4830/30968/4715/4728/1841/4694/54539/4713/4696/516/521/4726/374291/518/4710/522/4706/10476/513/4709/84833/539/4722/9556/9551/514/4716/4700/4712/4695/6390/509/55967/4717/2023/4704/4707/4702/498/4833/226/4714/4708/506/4729/7114/517/65990/515/10632/4725/4724/7371/790955/7415/9605/4718/318/205/6391/126328
GO:0009201	ribonucleoside triphosphate biosynthetic process	107	0.7364159210606915	2.0199335342206624	1e-10	7.3758953041998606e-9	6.537346244470628e-9	2340	tags=55%, list=17%, signal=46%	4830/30968/4715/4728/4694/54539/4713/4696/516/521/4726/374291/518/4710/522/4706/10476/513/4709/84833/539/4722/9556/9551/514/4716/4700/4712/4695/6390/509/55967/4717/2023/4704/4707/4702/498/4833/226/4714/4708/506/4729/7114/517/65990/515/10632/4725/4724/7371/790955/7415/9605/4718/318/6391/126328
GO:0048285	organelle fission	380	0.6955690332643307	2.0127554807647168	1e-10	7.3758953041998606e-9	6.537346244470628e-9	1248	tags=23%, list=9%, signal=22%	5347/11065/22974/9212/991/9088/4288/332/24137/259266/699/9133/81620/9700/7153/4605/11130/157313/113130/9787/64151/701/11004/3833/8438/9319/23397/54443/147841/5888/3832/891/83540/9928/1063/55143/4751/7272/983/57082/146909/1062/10403/1111/9493/1950/10615/113115/151648/9232/4085/5468/6790/10635/54998/26271/7283/858/675/1104/26073/51529/10459/146956/9134/27243/5902/811/5901/898/10051/8877/10592/2175/2491/10005/25906/128866/56647/201254/11331/387893/2801/64423/56947/54892/998/5719
GO:1903046	meiotic cell cycle process	135	0.7193726402326898	2.0028042084045046	1e-10	7.3758953041998606e-9	6.537346244470628e-9	892	tags=21%, list=6%, signal=20%	5347/991/9088/259266/9133/9700/7153/8438/9319/23397/993/5888/83540/7272/10403/151648/9232/6790/10635/26271/7283/675/146956/9134/811/898/10051/10592/2175
GO:0002440	production of molecular mediator of immune response	239	0.6968822602398888	1.9956845903061111	1e-10	7.3758953041998606e-9	6.537346244470628e-9	1347	tags=26%, list=10%, signal=24%	51237/28913/10721/28773/28815/28793/28908/28937/28813/9156/28299/28876/28791/28784/28907/28825/28816/28775/28820/28940/28778/28822/28803/28938/28781/28919/28799/28923/28823/28783/51465/28942/28874/28935/28797/28796/28943/28882/28785/28804/28912/28817/28904/10459/28774/28826/28776/28941/1991/28814/3805/28902/2867/79004/2821/79915/2048/11331/28920/11006/7468/7855/28772
GO:0045333	cellular respiration	213	0.6953530465883188	1.984481132355546	1e-10	7.3758953041998606e-9	6.537346244470628e-9	2414	tags=50%, list=17%, signal=42%	891/983/7388/30968/9377/11315/1337/4715/4728/1351/113115/6622/29796/51142/4694/54539/4713/4696/1329/521/2109/4726/374291/27089/4710/1347/522/84269/4706/10476/513/3418/6472/1345/4709/2108/539/4722/1327/1340/7386/4697/84883/9551/440567/514/4716/4700/1349/4712/29103/4695/6390/509/55967/1537/84300/4191/1350/4717/4704/4707/4702/498/7384/2271/7381/10975/6834/2647/1716/4714/4708/5160/4513/9555/506/4729/4514/27166/158/65990/51103/4190/515/10632/8802/4725/4724/3420/9167/27069/790955/7415/387/4718/3588/92259/205/3421/6391/126328/388753/2629/2110/400916
GO:1902850	microtubule cytoskeleton organization involved in mitosis	146	0.7103646421462866	1.9842247409879694	1e-10	7.3758953041998606e-9	6.537346244470628e-9	555	tags=21%, list=4%, signal=20%	5347/22974/9212/991/332/24137/9700/4605/1058/9787/3833/3832/891/83540/55143/4751/7272/983/1062/10403/6491/9493/284403/4085/6790/3925/7283/1104/89958/26073
GO:0007059	chromosome segregation	366	0.6829220543239549	1.9786390890529755	1e-10	7.3758953041998606e-9	6.537346244470628e-9	1005	tags=22%, list=7%, signal=21%	5347/11065/22974/9212/991/55355/4288/332/24137/259266/699/9133/81620/9700/7153/4605/11130/157313/113130/9787/64151/701/11004/990/3833/9319/23397/147841/220134/221150/3832/157570/891/83540/9928/1063/55143/4751/7272/983/57082/146909/1062/10403/387103/79682/6491/9493/10615/151648/9232/4085/6790/26271/7283/79172/672/203068/79019/1104/116028/26073/51529/55839/10459/9134/27243/51647/7150/5901/81027/898/10051/9611/115106/10592/54930/2491/25906/128866/56647
GO:0000075	cell cycle checkpoint signaling	182	0.6981061607229375	1.973169952029777	1e-10	7.3758953041998606e-9	6.537346244470628e-9	722	tags=21%, list=5%, signal=20%	5347/9212/991/332/51514/699/81620/11130/51512/63967/701/8318/990/9319/147841/5888/891/83540/1063/55143/90381/7272/983/4998/1869/57082/10403/1111/4085/79035/675/672/29980/8914/10459/51065/146956/79968
GO:0090068	positive regulation of cell cycle process	198	0.6880631874239307	1.951369534283091	1e-10	7.3758953041998606e-9	6.537346244470628e-9	1461	tags=25%, list=11%, signal=23%	6241/11065/9212/991/332/51514/699/9700/113130/9787/64151/990/23397/993/891/9928/55143/983/10403/10733/144455/6491/2237/9493/1950/79733/10615/7027/4085/6790/10635/11113/26271/2146/26073/51529/5902/10051/8877/10592/79915/11331/54892/998/5087/6240/51692/29127/65992/29899
GO:1901991	negative regulation of mitotic cell cycle phase transition	165	0.6851994201635355	1.9309173519943559	1e-10	7.3758953041998606e-9	6.537346244470628e-9	695	tags=21%, list=5%, signal=20%	5347/9212/991/332/51514/699/11130/51512/63967/701/990/9319/147841/891/83540/1063/55143/90381/7272/983/4998/57082/10403/144455/1111/4085/79035/26271/672/2146/29980/10459/51065/8328
GO:0007051	spindle organization	183	0.6816830355036253	1.9273909008377663	1e-10	7.3758953041998606e-9	6.537346244470628e-9	1005	tags=22%, list=7%, signal=21%	5347/22974/9212/991/332/24137/259266/9133/9700/4605/9787/3833/3832/891/83540/55143/4751/7272/1062/10403/6491/9493/284403/10615/6790/3925/26271/7283/79000/203068/1104/26073/27243/5901/81027/9611/115106/54930/128866/56647
GO:0051321	meiotic cell cycle	186	0.6784924607724777	1.9204680873023083	1e-10	7.3758953041998606e-9	6.537346244470628e-9	1576	tags=25%, list=11%, signal=22%	5347/991/9088/259266/9133/9700/7153/8438/9319/23397/993/5888/83540/9156/4751/7272/10403/151648/9232/6790/10635/26271/7283/675/51529/146956/9134/811/898/10051/10592/2175/25906/151246/201254/1017/2801/7516/116369/5719/5932/9985/2827/27229/83990/29893
GO:0045787	positive regulation of cell cycle	252	0.6617720768781287	1.9004492072573826	1e-10	7.3758953041998606e-9	6.537346244470628e-9	1461	tags=23%, list=11%, signal=21%	6241/11065/9212/991/332/51514/699/9700/113130/9787/64151/990/23397/993/891/9928/55143/983/10403/10733/144455/6491/2237/1111/9493/1950/79733/10615/7027/4085/6790/10635/11113/26271/675/2146/26073/51529/5886/5902/811/10051/8877/10592/6886/79915/6532/11331/54892/5641/998/5087/6240/51692/29127/65992/1977/29899
GO:0006260	DNA replication	258	0.6454114936042238	1.8559892943798557	1e-10	7.3758953041998606e-9	6.537346244470628e-9	1327	tags=26%, list=10%, signal=24%	7083/6241/890/51514/81620/55388/51659/8318/990/5888/10721/157570/9768/4171/90381/983/4998/3159/9401/80119/4173/144455/2237/1111/5427/1950/79733/4175/26271/374393/79075/675/672/56953/4176/23594/10293/10189/10036/1854/116028/29980/9837/8914/10856/146956/5111/4174/9134/51053/8208/7150/8607/898/150/79915/222229/201254/1017/5984/51550/1763/6742/5932/54962/6240
GO:0015980	energy derivation by oxidation of organic compounds	277	0.6448846570453135	1.8537749916340491	1e-10	7.3758953041998606e-9	6.537346244470628e-9	2414	tags=40%, list=17%, signal=34%	891/983/7388/30968/9377/11315/1337/4715/4728/1351/113115/6622/29796/51142/4694/54539/4713/4696/1329/521/2109/4726/374291/27089/4710/1347/522/84269/4706/10476/513/55829/3418/6472/1345/4709/2108/539/4722/1327/1340/7386/4697/84883/9551/440567/514/4716/4700/1349/4712/29103/4695/6390/509/55967/1537/84300/37/4191/1350/4717/4704/4707/5499/4702/498/7384/2271/7381/10975/112464/6834/2647/1716/4714/4708/5160/4513/9555/506/4729/4514/27166/158/65990/51103/4190/515/10632/8802/4725/4724/3420/9167/27069/790955/7415/387/4718/3588/92259/205/3421/5501/6391/126328/388753/2629/3953/2110/400916
GO:0010948	negative regulation of cell cycle process	268	0.6429559094669902	1.8490741408615905	1e-10	7.3758953041998606e-9	6.537346244470628e-9	728	tags=18%, list=5%, signal=18%	5347/9212/991/9088/332/51514/699/81620/9700/11130/51512/63967/701/8318/990/9319/147841/5888/891/83540/1063/55143/4751/90381/7272/983/4998/1869/57082/10403/144455/1111/79733/4085/79035/54998/26271/675/672/2146/29980/8914/899/10459/51065/146956/8328/79968/27243
GO:1901293	nucleoside phosphate biosynthetic process	245	0.6429428097985818	1.847922413466366	1e-10	7.3758953041998606e-9	6.537346244470628e-9	2246	tags=36%, list=16%, signal=31%	7083/6241/7298/11332/4830/30968/4715/4728/1841/6622/4694/54539/4713/4696/516/521/4726/374291/79993/518/4710/1854/38/522/4706/10476/513/4709/7378/84833/539/4722/9556/9551/514/4716/4700/6470/4522/4712/441024/4695/2617/6390/509/55967/3251/4717/2987/2023/4704/11001/4707/4702/2983/498/10606/4833/6240/109/6576/1716/226/4714/4708/5160/506/4729/7114/517/2982/158/65990/8833/2180/515/10632/4725/4724/7371/790955/7415/9605/112/4718/318/205/100
GO:1901990	regulation of mitotic cell cycle phase transition	295	0.6423146447513587	1.847487877556467	1e-10	7.3758953041998606e-9	6.537346244470628e-9	1483	tags=23%, list=11%, signal=21%	6241/5347/11065/9212/991/332/51514/699/9700/11130/51512/113130/63967/9787/701/990/9319/993/54443/147841/891/83540/9928/1063/55143/90381/7272/983/4998/1869/1031/57082/1062/10403/144455/6491/1111/7027/4085/6790/79035/26271/672/2146/51529/29980/10459/51065/8328/1029/3398/1032/25906/10217/79915/1017/11331/5932/5087/57099/6240/60/51692/2273/25793/79184/51499/5721
GO:1901988	negative regulation of cell cycle phase transition	236	0.6419333990950842	1.8371368313094543	1e-10	7.3758953041998606e-9	6.537346244470628e-9	722	tags=18%, list=5%, signal=18%	5347/9212/991/9088/332/51514/699/81620/11130/51512/63967/701/8318/990/9319/147841/5888/891/83540/1063/55143/90381/7272/983/4998/1869/57082/10403/144455/1111/4085/79035/26271/675/672/2146/29980/8914/10459/51065/146956/8328/79968
GO:0044772	mitotic cell cycle phase transition	393	0.6233961903646963	1.8035753166733688	1e-10	7.3758953041998606e-9	6.537346244470628e-9	990	tags=18%, list=7%, signal=17%	6241/5347/11065/890/2305/9212/991/9088/332/51514/699/9133/9700/11130/51512/113130/63967/9787/701/990/9319/1870/993/54443/147841/1033/9833/891/83540/9928/1063/55143/90381/7272/983/4998/1869/1031/57082/1062/10403/144455/6491/1111/7027/4085/6790/79035/26271/672/808/2146/1104/51529/29980/899/10459/51065/8328/9134/1020/27243/1029/1163/898/3398/1032/25906/128866/10217
GO:0002449	lymphocyte mediated immunity	296	0.6255702690189467	1.8003597325640661	1e-10	7.3758953041998606e-9	6.537346244470628e-9	1529	tags=25%, list=11%, signal=22%	28467/28392/3500/28468/3514/28395/3539/28434/28444/28388/28442/9156/28445/3538/28450/714/3502/713/28400/1191/28391/28439/3494/28423/28412/3493/28452/28426/28457/28385/5052/28448/28455/28424/4352/28394/203068/28458/3542/28420/28408/708/28454/28473/28449/10459/3507/28414/712/28461/28464/28401/3501/3805/3503/3251/2209/28409/100423062/79915/102723168/23705/11006/28410/7468/7855/3146/970/710/3592/10312/7292/715
GO:1901987	regulation of cell cycle phase transition	378	0.61385616297372525	1.7766288331684703	1e-10	7.3758953041998606e-9	6.537346244470628e-9	1483	tags=21%, list=11%, signal=19%	6241/5347/11065/9212/991/9088/332/51514/699/81620/9700/11130/51512/113130/63967/9787/701/8318/990/9319/993/54443/147841/5888/891/83540/9928/1063/55143/90381/7272/983/4998/1869/1031/57082/1062/10403/144455/6491/1111/7027/4085/6790/79035/26271/675/672/2146/51529/29980/8914/10459/51065/146956/8328/79968/1029/3398/1032/84444/25906/10217/79915/1017/11331/1763/5932/5087/57099/54962/6240/60/51692/2273/25793/79184/65992/51499/5721
GO:0007346	regulation of mitotic cell cycle	422	0.6120493694580758	1.7723827677689328	1e-10	7.3758953041998606e-9	6.537346244470628e-9	1483	tags=21%, list=11%, signal=19%	6241/5347/11065/9212/991/9088/4288/332/51514/699/9700/11130/51512/157313/113130/63967/9787/701/990/9319/993/54443/147841/891/83540/9928/1063/55143/4751/90381/7272/983/4998/1869/1031/57082/1062/10403/144455/6491/1111/1950/7027/4085/6790/7161/79035/54998/26271/858/675/672/7531/2146/1104/26073/51529/29980/10459/51065/146956/8328/51053/1029/1163/8877/3398/1032/25906/10217/6886/79915/1017/11331/5641/998/5932/5087/57099/54962/6240/60/51692/2273/25793/79184/1977/51499/5721
GO:0006091	generation of precursor metabolites and energy	410	0.6088531141501401	1.7616193587740447	1e-10	7.3758953041998606e-9	6.537346244470628e-9	2414	tags=37%, list=17%, signal=31%	891/2731/983/7388/30968/9377/11315/1337/2232/4715/160428/4728/1351/113115/26227/2597/6622/10954/29796/51142/4694/54539/4713/4696/1329/521/2109/4726/374291/27089/4710/1347/38/522/84269/4706/10476/513/55829/3418/6472/1345/4709/1535/2108/539/4722/1327/1340/7386/4697/84883/9551/440567/514/4716/4700/1349/4712/29103/9611/4695/6390/509/3939/55967/1537/84300/37/669/3692/4191/1350/4717/2023/4704/2821/444/11331/5315/4707/5499/10063/4702/498/5223/7384/2271/4835/7264/51071/2235/7381/10975/112464/5214/6834/2647/1716/226/4714/4708/5160/2584/4513/9555/506/4729/4514/6888/27166/7167/158/7351/2936/65990/51103/4190/84334/515/10632/8802/4725/4724/5226/3420/9167/27069/790955/7415/387/8974/4718/2539/3588/92259/205/3421/5501/6391/351/8659/126328/388753/2629/6715/3953/2110/29958/400916
GO:0045786	negative regulation of cell cycle	330	0.6075701588640742	1.755833678744897	1e-10	7.3758953041998606e-9	6.537346244470628e-9	990	tags=17%, list=7%, signal=16%	5347/9212/991/9088/332/51514/699/81620/9700/11130/51512/63967/701/8318/990/9319/147841/5888/891/83540/1063/55143/4751/90381/7272/983/4998/1869/57082/10403/144455/1111/79733/4085/79035/54998/26271/6300/675/672/2146/29980/8914/899/10459/51065/146956/8328/1020/79968/27243/51053/1029/1032/84444/25906/10217
GO:0044770	cell cycle phase transition	479	0.5968244979293312	1.7306586479265345	1e-10	7.3758953041998606e-9	6.537346244470628e-9	1483	tags=20%, list=11%, signal=19%	6241/5347/11065/890/2305/9212/991/9088/332/51514/699/9133/81620/9700/11130/51512/113130/63967/9787/701/8318/990/9319/1870/993/54443/147841/1033/5888/9833/891/83540/9928/1063/55143/90381/7272/983/4998/1869/1031/57082/1062/10403/144455/6491/1111/7027/4085/6790/79035/26271/675/672/808/2146/1104/51529/29980/8914/899/10459/51065/146956/8328/9134/1020/79968/27243/1029/1163/898/3398/1032/7332/84444/25906/128866/10217/79915/1017/11331/1763/5932/5087/57099/54962/6240/60/51692/2273/25793/79184/65992/1977/51499/5721
GO:0055086	nucleobase-containing small molecule metabolic process	488	0.5653751629729791	1.6400654946042696	1e-10	7.3758953041998606e-9	6.537346244470628e-9	2298	tags=30%, list=17%, signal=26%	7083/6241/7298/11332/4830/30968/2766/11315/4715/160428/4728/952/1841/6622/4694/54539/9582/4713/4696/516/521/29925/4726/374291/5138/56953/79993/518/4710/1854/4913/38/522/4706/10476/513/3418/6472/4709/7378/84833/2079/539/4722/4521/9556/4354/9551/514/4716/4700/10654/6470/4522/4712/5901/9540/441024/4695/2617/6390/509/200315/55967/3251/10005/669/4191/4717/2987/2023/4704/27350/11001/8654/4707/79077/8460/706/4702/2983/11164/51251/498/164668/5223/10606/572/4833/1798/6240/10591/7264/51071/109/56952/6576/1716/226/25996/4714/4708/5160/79873/9555/506/3704/23463/1267/4729/7114/517/6888/2982/158/65990/8459/9414/1728/4190/8833/2180/515/2530/10632/8802/4725/29789/4724/3094/7371/5226/23583/8623/790955/7415/9605/254552/128240/112/4718/2539/318/205/100/4597/8876/6391
GO:0002443	leukocyte mediated immunity	372	0.5864816497324215	1.697359475515838	1.0503704137927791e-10	7.564086398786108e-9	6.704142313923471e-9	1529	tags=21%, list=11%, signal=19%	28467/28392/3500/28468/3514/28395/3539/28434/28444/28388/28442/9156/28445/3538/28450/714/3502/713/28400/1191/28391/28439/3494/28423/28412/3493/28452/28426/28457/28385/5052/2623/28448/28455/28424/4352/28394/203068/28458/3542/28420/28408/708/28454/28473/28449/10459/3507/28414/712/28461/1991/28464/28401/3501/3805/3503/3251/2624/2209/28409/5880/100423062/79915/102723168/23705/11006/28410/7468/7855/3146/970/710/3592/10312/7292/715
GO:0006754	ATP biosynthetic process	92	0.7518567353081705	2.0447397028367007	1.7161636940598259e-10	1.2193915100859748e-8	1.0807616133679213e-8	2340	tags=61%, list=17%, signal=51%	30968/4715/4728/4694/54539/4713/4696/516/521/4726/374291/518/4710/522/4706/10476/513/4709/84833/539/4722/9556/9551/514/4716/4700/4712/4695/6390/509/55967/4717/2023/4704/4707/4702/498/226/4714/4708/506/4729/7114/517/65990/515/10632/4725/4724/790955/7415/9605/4718/318/6391/126328
GO:0006753	nucleoside phosphate metabolic process	428	0.5737338455709746	1.661088280472453	1.953472424394395e-10	1.3697440196839118e-8	1.2140208820301454e-8	2298	tags=32%, list=17%, signal=27%	7083/6241/7298/11332/4830/30968/2766/11315/4715/160428/4728/952/1841/6622/4694/54539/4713/4696/516/521/4726/374291/5138/56953/79993/518/4710/1854/4913/38/522/4706/10476/513/3418/4709/7378/84833/539/4722/9556/4354/9551/514/4716/4700/10654/6470/4522/4712/5901/9540/441024/4695/2617/6390/509/55967/3251/10005/669/4191/4717/2987/2023/4704/11001/8654/4707/79077/8460/706/4702/2983/11164/51251/498/5223/10606/572/4833/6240/10591/51071/109/6576/1716/226/25996/4714/4708/5160/79873/9555/506/3704/1267/4729/7114/517/6888/2982/158/65990/8459/9414/1728/4190/8833/2180/515/10632/8802/4725/29789/4724/3094/7371/5226/23583/8623/790955/7415/9605/254552/128240/112/4718/2539/318/205/100/4597/8876/6391
GO:0006959	humoral immune response	130	0.7100078306839102	1.971146042862239	2.025058555654076e-10	1.4014983172831911e-8	1.2421651044729788e-8	1534	tags=33%, list=11%, signal=30%	3500/3512/140823/9156/8347/714/3502/713/8343/1191/3494/8349/85236/3493/8970/2597/8339/5473/5196/5197/708/6283/966/28912/6280/3507/712/1991/5450/2197/3151/10148/3501/283/6374/3503/6037/2821/11326/820/710/715/5245
GO:0002460	adaptive immune response based on somatic recombination of immune receptors built from immunoglobulin superfamily domains	307	0.6089796906243171	1.7570403071658118	2.1635679324741204e-10	1.4781607066864855e-8	1.3101119180852063e-8	1534	tags=24%, list=11%, signal=22%	28467/28392/3500/28468/3514/28395/3539/28434/28444/28388/28442/9156/28445/3538/28450/714/3502/713/28400/1191/28391/28439/3494/28423/28412/3493/28452/28426/28457/28385/28448/28455/28424/4352/28394/28458/3542/28420/28408/708/28454/28473/28449/10459/3507/28414/712/28461/28464/28401/10148/3501/3503/3251/2209/3142/28409/100423062/79915/2048/102723168/11006/28410/7468/7855/3146/970/710/3592/10312/7292/715/5245
GO:0033044	regulation of chromosome organization	233	0.6391418254613802	1.8306808039425648	2.503840969435638e-10	1.6889833577370272e-08	1.4969666129057573e-8	1372	tags=21%, list=10%, signal=19%	5347/11065/9212/991/332/699/9700/7153/11130/9787/64151/701/990/9319/23397/147841/891/83540/1063/55143/4751/7272/983/57082/80119/1062/10403/2237/4085/79035/26271/116028/51529/10856/10459/10923/8607/10051/10592/25906/6886/1017/10574/54892/3021/3020/60/7203
GO:0009145	purine nucleoside triphosphate biosynthetic process	102	0.7421324517604595	2.0291248074491883	3.439779840768778e-10	2.291323346432102e-8	2.0308279138854616e-8	2340	tags=57%, list=17%, signal=48%	4830/30968/4715/4728/4694/54539/4713/4696/516/521/4726/374291/518/4710/522/4706/10476/513/4709/84833/539/4722/9556/9551/514/4716/4700/4712/4695/6390/509/55967/4717/2023/4704/4707/4702/498/4833/226/4714/4708/506/4729/7114/517/65990/515/10632/4725/4724/790955/7415/9605/4718/318/6391/126328
GO:0000226	microtubule cytoskeleton organization	497	0.5545491334186603	1.6070493023733996	4.159607799890719e-10	2.7366111068663757e-8	2.425491903588e-8	1648	tags=18%, list=12%, signal=16%	5347/22974/9212/991/332/24137/259266/9133/10112/9700/4605/1058/9787/11004/3833/220134/221150/3832/891/83540/9768/55143/4751/7272/983/146909/1062/10403/10733/6491/1111/9493/1769/284403/10615/151648/4085/6790/79739/2597/3925/26271/6622/7283/79000/675/672/203068/4131/10376/1104/89958/26073/84790/1072/899/1020/27243/5902/56288/5879/5901/81027/9611/115106/54930/128866/56647/8636/83538/1017/2801/10634/7516/4130/1155/10253/29127/348235/29899/4733/84056/27229/11200/84071/10726/10540/8555/1069
GO:0009165	nucleotide biosynthetic process	244	0.6304871486075591	1.8111730981666219	5.423970826424061e-10	3.524919577318758e-8	3.124179345078917e-8	2246	tags=36%, list=16%, signal=30%	6241/7298/11332/4830/30968/4715/4728/1841/6622/4694/54539/4713/4696/516/521/4726/374291/79993/518/4710/1854/38/522/4706/10476/513/4709/7378/84833/539/4722/9556/9551/514/4716/4700/6470/4522/4712/441024/4695/2617/6390/509/55967/3251/4717/2987/2023/4704/11001/4707/4702/2983/498/10606/4833/6240/109/6576/1716/226/4714/4708/5160/506/4729/7114/517/2982/158/65990/8833/2180/515/10632/4725/4724/7371/790955/7415/9605/112/4718/318/205/100
GO:0140013	meiotic nuclear division	122	0.7107119390776933	1.9639294554063096	7.359461357807537e-10	4.7251288645489593e-8	4.187939519655349e-8	1576	tags=27%, list=11%, signal=24%	5347/991/259266/9133/9700/7153/8438/9319/23397/5888/83540/7272/10403/151648/9232/6790/10635/26271/675/146956/9134/811/898/10051/10592/2175/201254/2801/5719/9985/2827/83990/29893
GO:0006261	DNA-templated DNA replication	154	0.680108487855468	1.905426164440899	9.808459236305522e-10	6.222533246460967e-8	5.5151073425191576e-8	1327	tags=30%, list=10%, signal=27%	7083/81620/55388/51659/8318/990/5888/10721/4171/90381/4998/3159/9401/4173/144455/2237/5427/79733/4175/26271/79075/675/672/4176/23594/10293/10189/29980/9837/8914/146956/5111/4174/9134/51053/898/79915/222229/201254/1017/5984/1763/6742/5932/54962/6240
GO:0045930	negative regulation of mitotic cell cycle	204	0.6423019333838774	1.8249603718556497	1.1467424960004307e-9	7.189400895513288e-8	6.372053968487842e-8	695	tags=18%, list=5%, signal=17%	5347/9212/991/332/51514/699/11130/51512/63967/701/990/9319/147841/891/83540/1063/55143/90381/7272/983/4998/57082/10403/144455/1111/4085/79035/54998/26271/672/2146/29980/10459/51065/146956/8328
GO:0009117	nucleotide metabolic process	422	0.5633135725153606	1.6312528344904527	1.2513043260219233e-9	7.75372180624515e-8	6.872218495545129e-8	2298	tags=32%, list=17%, signal=27%	6241/7298/11332/4830/30968/2766/11315/4715/160428/4728/952/1841/6622/4694/54539/4713/4696/516/521/4726/374291/5138/56953/79993/518/4710/1854/4913/38/522/4706/10476/513/3418/4709/7378/84833/539/4722/9556/4354/9551/514/4716/4700/10654/6470/4522/4712/5901/9540/441024/4695/2617/6390/509/55967/3251/10005/4191/4717/2987/2023/4704/11001/8654/4707/79077/8460/706/4702/2983/11164/51251/498/5223/10606/572/4833/6240/10591/51071/109/6576/1716/226/25996/4714/4708/5160/79873/9555/506/3704/1267/4729/7114/517/6888/2982/158/65990/8459/9414/1728/4190/8833/2180/515/10632/8802/4725/29789/4724/3094/7371/5226/23583/8623/790955/7415/9605/254552/128240/112/4718/2539/318/205/100/4597/8876/6391
GO:0007052	mitotic spindle organization	120	0.7099810848461097	1.9611919877995172	1.5129697070337282e-9	9.267374216991653e-8	8.213787145142577e-8	1005	tags=24%, list=7%, signal=23%	5347/22974/9212/991/332/24137/4605/9787/3833/3832/891/83540/55143/4751/7272/1062/10403/6491/9493/284403/6790/3925/7283/1104/26073/27243/5901/128866/56647
GO:0015986	proton motive force-driven ATP synthesis	73	0.7744963049932108	2.0611178542848996	1.692730871792435e-9	1.0250639563388507e-7	9.085267250876383e-8	2340	tags=68%, list=17%, signal=57%	30968/4715/4728/4694/54539/4713/4696/516/521/4726/374291/518/4710/522/4706/10476/513/4709/84833/539/4722/9556/9551/514/4716/4700/4712/4695/6390/509/55967/4717/4704/4707/4702/498/4714/4708/506/4729/517/65990/515/10632/4725/4724/9605/4718/6391/126328
GO:0009260	ribonucleotide biosynthetic process	197	0.6409994159373378	1.8184943069647836	2.1391665969212424e-9	1.2808560443812696e-7	1.1352383820680798e-7	2340	tags=40%, list=17%, signal=34%	11332/4830/30968/4715/4728/6622/4694/54539/4713/4696/516/521/4726/374291/79993/518/4710/38/522/4706/10476/513/4709/7378/84833/539/4722/9556/9551/514/4716/4700/4522/4712/4695/6390/509/55967/3251/4717/2023/4704/11001/4707/4702/2983/498/10606/4833/109/6576/226/4714/4708/5160/506/4729/7114/517/2982/158/65990/8833/2180/515/10632/4725/4724/7371/790955/7415/9605/112/4718/318/205/100/6391/126328
GO:0009152	purine ribonucleotide biosynthetic process	183	0.6504149631681679	1.8389835399862917	3.859677602110897e-9	2.2853579935165522e-7	2.0255407486165613e-7	2340	tags=42%, list=17%, signal=35%	11332/4830/30968/4715/4728/6622/4694/54539/4713/4696/516/521/4726/374291/79993/518/4710/38/522/4706/10476/513/4709/84833/539/4722/9556/9551/514/4716/4700/4522/4712/4695/6390/509/55967/3251/4717/2023/4704/11001/4707/4702/2983/498/10606/4833/109/6576/226/4714/4708/5160/506/4729/7114/517/2982/158/65990/8833/2180/515/10632/4725/4724/790955/7415/9605/112/4718/318/205/100/6391/126328
GO:0044839	cell cycle G2/M phase transition	136	0.6824099582622547	1.8981405619280067	4.628624729976259e-9	2.710542987477306e-7	2.402387410457314e-7	596	tags=18%, list=4%, signal=18%	5347/890/2305/9212/9088/51514/9133/63967/990/993/9833/891/9928/1063/90381/983/4998/10403/1111/6790/79035/26271/672/808/29980
GO:0030261	chromosome condensation	37	0.8541768332004205	2.0678883398556307	5.88802486394209e-9	3.4105744021681957e-7	3.0228338174494463e-7	1437	tags=51%, list=10%, signal=46%	5347/3009/3006/7153/113130/64151/23397/983/3007/3008/8971/10051/10592/9131/387893/54892/3021/3020/3005
GO:0046390	ribose phosphate biosynthetic process	203	0.6364298444622192	1.8089764105700545	6.933411777589841e-9	3.9729195013737923e-7	3.5212471585790177e-7	2340	tags=39%, list=17%, signal=33%	11332/4830/30968/4715/4728/6622/4694/54539/4713/4696/516/521/4726/374291/79993/518/4710/38/522/4706/10476/513/4709/7378/84833/539/4722/9556/9551/514/4716/4700/4522/4712/4695/6390/509/55967/3251/4717/2023/4704/11001/4707/4702/2983/498/10606/4833/109/6576/226/4714/4708/5160/506/4729/7114/517/2982/158/65990/8833/2180/515/10632/4725/4724/7371/790955/7415/9605/112/4718/2539/318/205/100/6391/126328
GO:0051310	metaphase chromosome alignment	89	0.7327116764567291	1.9920194278300578	7.799645202224393e-9	4.421735030069552e-7	3.919037852450263e-7	263	tags=20%, list=2%, signal=20%	9212/332/81620/113130/11004/3833/147841/891/83540/9928/1063/55143/4751/57082/1062/10403/10615/151648
GO:0061982	meiosis I cell cycle process	86	0.7348965479958194	1.986622955808537	1.0526942633887545e-8	5.905060767998603e-7	5.233727600914507e-7	825	tags=22%, list=6%, signal=21%	5347/991/9088/9133/9700/7153/8438/9319/993/5888/10403/9232/6790/10635/26271/675/146956/9134/898
GO:0042776	proton motive force-driven mitochondrial ATP synthesis	65	0.7762695951661974	2.031786293449257	1.2764814718583328e-8	7.073645365008407e-7	6.269458425653617e-7	1955	tags=63%, list=14%, signal=54%	30968/4715/4728/4694/54539/4713/4696/521/4726/374291/4710/522/4706/10476/513/4709/539/4722/9551/514/4716/4700/4712/4695/6390/509/55967/4717/4704/4707/4702/498/4714/4708/506/4729/65990/515/10632/4725/4724
GO:0009141	nucleoside triphosphate metabolic process	162	0.6509738476892671	1.8310618726226635	1.2875653976464918e-8	7.073645365008407e-7	6.269458425653617e-7	2340	tags=44%, list=17%, signal=37%	7298/4830/30968/4715/4728/1841/4694/54539/4713/4696/516/521/4726/374291/518/4710/1854/522/4706/10476/513/4709/84833/539/4722/9556/9551/514/4716/4700/4712/5901/4695/6390/509/55967/4717/2023/4704/4707/79077/706/4702/11164/498/572/4833/1716/226/4714/4708/506/3704/4729/7114/517/65990/515/10632/4725/29789/4724/7371/790955/7415/9605/4718/318/205/100/6391/126328
GO:0006164	purine nucleotide biosynthetic process	212	0.6242877087029075	1.78044480848863	1.4436660038987406e-8	7.850302178343254e-7	6.957818860895435e-7	2340	tags=38%, list=17%, signal=32%	11332/4830/30968/4715/4728/6622/4694/54539/4713/4696/516/521/4726/374291/79993/518/4710/38/522/4706/10476/513/4709/84833/539/4722/9556/9551/514/4716/4700/4522/4712/441024/4695/6390/509/55967/3251/4717/2987/2023/4704/11001/4707/4702/2983/498/10606/4833/109/6576/1716/226/4714/4708/5160/506/4729/7114/517/2982/158/65990/8833/2180/515/10632/4725/4724/790955/7415/9605/112/4718/318/205/100/6391/126328
GO:0050000	chromosome localization	103	0.714833395507317	1.9555754319221061	1.5963591710933492e-8	8.592927295713594e-7	7.616016587661731e-7	263	tags=18%, list=2%, signal=18%	9212/332/81620/113130/9787/11004/3833/147841/891/83540/9928/1063/55143/4751/57082/1062/10403/10615/151648
GO:0072522	purine-containing compound biosynthetic process	221	0.6232604907151257	1.7841226455841046	1.7525966004824213e-8	9.339587283970823e-7	8.2777904698575e-7	2340	tags=38%, list=17%, signal=32%	11332/4830/30968/4715/4728/6622/4694/54539/4713/4696/516/521/4726/374291/79993/518/4710/38/522/4706/10476/513/6472/4709/84833/539/4722/9556/9551/514/4716/4700/6470/4522/4712/441024/4695/6390/509/55967/3251/4717/2987/2023/4704/11001/4707/4702/2983/498/10606/4833/109/56952/6576/1716/226/4714/4708/5160/506/4729/7114/517/2982/158/65990/8833/2180/515/10632/4725/4724/790955/7415/9605/112/4718/318/205/100/6391/126328
GO:0061844	antimicrobial humoral immune response mediated by antimicrobial peptide	34	0.8557962936574132	2.0434563253339846	2.091386750973561e-8	1.1034653461324857e-6	9.780148360206742e-7	1061	tags=56%, list=8%, signal=52%	140823/8347/8343/8349/85236/8970/2597/8339/5473/5196/5197/6283/6280/1991/2197/3151/283/6374/6037
GO:0008608	attachment of spindle microtubules to kinetochore	47	0.8243571402541936	2.066157074321208	3.283839035284219e-8	1.7156449234342748e-6	1.5205970847595763e-6	263	tags=30%, list=2%, signal=29%	9212/332/81620/11004/147841/891/83540/55143/4751/57082/1062/10403/10615/151648
GO:0045132	meiotic chromosome segregation	59	0.7869950805111968	2.0318608465816634	3.652974823299345e-8	1.8717983493617507e-6	1.6589977765328099e-6	887	tags=29%, list=6%, signal=27%	5347/259266/9133/9700/9319/23397/83540/7272/10403/151648/9232/6790/26271/9134/898/10051/10592
GO:0051225	spindle assembly	120	0.6900026014509755	1.9060051069104078	3.631592270897896e-8	1.8717983493617507e-6	1.6589977765328099e-6	1005	tags=24%, list=7%, signal=23%	5347/22974/9212/991/332/24137/259266/9133/4605/3833/3832/55143/4751/10403/6491/9493/10615/6790/26271/203068/1104/26073/27243/81027/9611/115106/54930/128866/56647
GO:0140694	non-membrane-bounded organelle assembly	339	0.5687447517787151	1.6460115823927184	3.801758967024275e-8	1.929483193835463e-6	1.7101245599035514e-6	1158	tags=16%, list=8%, signal=15%	5347/22974/9212/991/332/24137/259266/9133/4605/1058/9787/3833/54443/3832/1063/55143/4751/1062/10403/10398/10733/387103/6491/9493/284403/10615/6790/26271/7138/672/203068/708/1104/550/26073/7111/71/51065/6713/27243/81027/9611/115106/1465/54930/27258/128866/56647/3692/51154/8760/201254/1017/55052/2801
GO:0006310	DNA recombination	283	0.5783567218178826	1.6634178593213909	4.0968516571672164e-8	2.0596341963249147e-6	1.8254789856712315e-6	1576	tags=19%, list=11%, signal=18%	29128/3009/3006/7153/51659/8318/8438/9319/5888/10721/9156/4171/3007/3008/9401/80119/4173/3149/3148/8971/2237/1111/4175/10635/79035/79000/675/55010/672/4176/10189/10213/116028/8914/10856/10459/146956/4174/8607/5531/78995/79915/201254/387893/7516/5932/7468/3146/9985/125150/60/3005/7292/83990/29893
GO:0051303	establishment of chromosome localization	96	0.7097747266364475	1.9298450074958955	4.3901186955327655e-8	2.186443226962066e-6	1.937871380900691e-6	263	tags=19%, list=2%, signal=19%	9212/332/81620/113130/11004/3833/147841/891/83540/9928/1063/55143/4751/57082/1062/10403/10615/151648
GO:0009144	purine nucleoside triphosphate metabolic process	147	0.6535988522809503	1.8250645155054646	6.27436875336233e-8	3.0959362117285055e-6	2.743966139993838e-6	2340	tags=46%, list=17%, signal=38%	4830/30968/4715/4728/4694/54539/4713/4696/516/521/4726/374291/518/4710/522/4706/10476/513/4709/84833/539/4722/9556/9551/514/4716/4700/4712/5901/4695/6390/509/55967/4717/2023/4704/4707/706/4702/11164/498/572/4833/1716/226/4714/4708/506/3704/4729/7114/517/65990/515/10632/4725/29789/4724/790955/7415/9605/4718/318/205/100/6391/126328
GO:0007143	female meiotic nuclear division	30	0.8704497499490502	2.0499969711003643	6.975641335556836e-8	3.410384649282787e-6	3.0226656371456804e-6	313	tags=30%, list=2%, signal=29%	5347/9133/7153/9319/23397/7272/10403/6790/26271
GO:0007005	mitochondrion organization	497	0.5241472175914129	1.5189464190097581	8.240325876287527e-8	3.992063326794203e-6	3.538214565253793e-6	2782	tags=34%, list=20%, signal=28%	140823/168620/80119/1191/30968/11315/4715/22885/4728/113115/3028/5468/6790/6622/51142/4694/858/54539/4713/26521/4696/374291/5138/10245/4710/1347/4706/513/26073/4709/55969/2017/100131801/59286/8936/4722/7386/3998/25915/81892/84883/4716/4700/4712/26519/10134/25994/29103/7416/4695/638/4580/92609/55967/7332/2876/84300/5880/9131/4717/79135/440957/598/56993/4704/26517/11331/4707/64423/23788/1763/6742/2537/10063/56947/706/4702/10899/2189/51204/7417/4358/572/7855/6240/55062/647087/493856/100287932/25793/28958/581/8996/125988/51499/6834/23770/55572/5245/64756/4714/4708/84233/10449/55101/192286/84134/1267/389203/27166/79133/7351/9141/29108/51103/5819/283951/10055/10452/84334/55294/4725/10935/4724/2034/3954/3329/51100/10651/9167/27069/790955/11345/65991/6721/79568/4718/51295/51287/5910/10440/79017/7323/54741/126328/118424/10981/2629/400916/91942/51024/192111/139322/1890/80025/643246/137392/292/142/10469/3799/81858/84557/10493/4719/10953/4711/81554/84987/599
GO:0019731	antibacterial humoral response	30	0.8682684067657103	2.0448596878522056	9.007324899195872e-8	4.324327422325658e-6	3.832704298026731e-6	1061	tags=63%, list=8%, signal=59%	3500/3512/8347/3502/8343/3494/8349/85236/3493/8970/8339/28912/3507/1991/2197/3501/283/3503/6037
GO:0000086	G2/M transition of mitotic cell cycle	123	0.6783018922868566	1.8730112632409783	9.212988885770385e-8	4.383573015381284e-6	3.8852143919597475e-6	596	tags=19%, list=4%, signal=18%	5347/890/2305/9212/9088/51514/63967/990/993/9833/891/9928/1063/90381/983/4998/1111/6790/79035/26271/672/808/29980
GO:0000079	regulation of cyclin-dependent protein serine/threonine kinase activity	69	0.745626837972389	1.975824595564672	9.440380961414022e-8	4.452016826847374e-6	3.945876979400533e-6	1005	tags=22%, list=7%, signal=20%	5347/890/9088/9133/990/993/1033/891/1031/899/9134/1029/898/1032/56647
GO:0010639	negative regulation of organelle organization	295	0.5778188380204672	1.6619787628846816	1.0242471368269082e-7	4.787906133465433e-6	4.243579781110192e-6	1257	tags=16%, list=9%, signal=15%	5347/22974/9212/991/332/699/9700/7153/11130/701/9319/147841/891/83540/1063/55143/7272/57082/80119/10403/1191/1111/4085/5468/54998/3925/26271/6622/6710/672/4131/5216/395/7111/899/10459/136319/10923/9168/9535/25906/2876/598/706/3021/7429/832
GO:1904029	regulation of cyclin-dependent protein kinase activity	70	0.7453777835666274	1.977785741806417	1.060384488394339e-7	4.91372951187255e-6	4.355098580709747e-6	1005	tags=21%, list=7%, signal=20%	5347/890/9088/9133/990/993/1033/891/1031/899/9134/1029/898/1032/56647
GO:0009199	ribonucleoside triphosphate metabolic process	148	0.6487161262958885	1.8121469173760818	1.106402899541072e-7	5.082776768667562e-6	4.504927232523404e-6	2340	tags=45%, list=17%, signal=37%	4830/30968/4715/4728/4694/54539/4713/4696/516/521/4726/374291/518/4710/522/4706/10476/513/4709/84833/539/4722/9556/9551/514/4716/4700/4712/5901/4695/6390/509/55967/4717/2023/4704/4707/706/4702/11164/498/572/4833/226/4714/4708/506/3704/4729/7114/517/65990/515/10632/4725/29789/4724/7371/790955/7415/9605/4718/318/205/6391/126328
GO:0009205	purine ribonucleoside triphosphate metabolic process	141	0.654375864236359	1.8235000515614532	1.2261302442403123e-7	5.584656471415918e-6	4.949749353042089e-6	2340	tags=46%, list=17%, signal=39%	4830/30968/4715/4728/4694/54539/4713/4696/516/521/4726/374291/518/4710/522/4706/10476/513/4709/84833/539/4722/9556/9551/514/4716/4700/4712/5901/4695/6390/509/55967/4717/2023/4704/4707/706/4702/11164/498/572/4833/226/4714/4708/506/3704/4729/7114/517/65990/515/10632/4725/29789/4724/790955/7415/9605/4718/318/205/6391/126328
GO:0071459	protein localization to chromosome, centromeric region	30	0.8632833926441981	2.0331194767135488	1.8103608687785627e-7	8.175773787899119e-6	7.246288330249252e-6	451	tags=37%, list=3%, signal=36%	9212/1058/701/7272/983/57082/8970/8365/3012/8294/8364
GO:0061640	cytoskeleton-dependent cytokinesis	101	0.6866546834423948	1.8765180844781546	2.1166004664908332e-7	9.478457046999707e-6	8.400872439756187e-6	1222	tags=22%, list=9%, signal=20%	5347/9212/332/24137/10112/9700/1058/55165/54443/55143/9493/11113/3925/11258/26073/1072/27243/128866/375/55752/5414/10899
GO:0046034	ATP metabolic process	119	0.6738198319001515	1.861798727255285	2.1389250758738255e-7	9.498609774443014e-6	8.418734048636716e-6	2340	tags=51%, list=17%, signal=43%	30968/4715/4728/4694/54539/4713/4696/516/521/4726/374291/518/4710/522/4706/10476/513/4709/84833/539/4722/9556/9551/514/4716/4700/4712/4695/6390/509/55967/4717/2023/4704/4707/706/4702/11164/498/572/226/4714/4708/506/4729/7114/517/65990/515/10632/4725/29789/4724/790955/7415/9605/4718/318/205/6391/126328
GO:1902749	regulation of cell cycle G2/M phase transition	104	0.6770001030669313	1.8546868859253647	3.1939444130955133e-7	1.4066553535029745e-5	1.2467358487655127e-5	1789	tags=31%, list=13%, signal=27%	5347/9212/9088/51514/63967/990/993/891/9928/1063/90381/983/4998/1111/6790/79035/26271/672/29980/79915/1017/5932/5087/57099/6240/2273/79184/8555/9555/1019/8766/641
GO:0065004	protein-DNA complex assembly	177	0.6237114689348713	1.7602075866690465	3.464715635859492e-7	1.5133991494668224e-5	1.3413441810268802e-5	1659	tags=25%, list=12%, signal=23%	55355/3009/81620/3006/1058/9787/8318/5888/1063/4171/3007/8347/3008/1062/8343/387103/3148/8971/8349/55723/8970/8339/8365/79172/8357/10541/8294/8364/10036/8345/55839/51053/8208/6880/2491/8341/201254/3021/3146/3020/3005/10025/2958/23234/9555
GO:0000281	mitotic cytokinesis	81	0.7121326319057054	1.9114082755027382	4.066515508433781e-7	1.7618261093043595e-5	1.561528034774701e-5	1006	tags=22%, list=7%, signal=21%	5347/9212/332/24137/10112/9700/1058/55165/54443/55143/9493/11113/3925/26073/1072/27243/128866/375
GO:0000212	meiotic spindle organization	17	0.9249134793320404	1.9719222993212486	4.4685174215454696e-7	1.9203813983399844e-5	1.702057527204968e-5	344	tags=41%, list=2%, signal=40%	259266/9133/9700/10403/6790/26271/7283
GO:0000910	cytokinesis	158	0.6326339969168924	1.7773531507982434	4.881517498756848e-7	2.0810885400700194e-5	1.8444942330039563e-5	1247	tags=20%, list=9%, signal=18%	5347/9212/332/24137/10112/9700/1058/55165/990/54443/9928/55143/144455/9493/79733/6790/11113/3925/675/808/11258/26073/1072/27243/128866/375/55752/598/5414/10899/998
GO:0006163	purine nucleotide metabolic process	367	0.5423787847032046	1.5704871776781957	5.758667799097882e-7	2.4355508493168738e-5	2.158658514164762e-5	2977	tags=38%, list=21%, signal=31%	11332/4830/30968/2766/4715/160428/4728/952/6622/4694/54539/4713/4696/516/521/4726/374291/5138/79993/518/4710/38/522/4706/10476/513/3418/4709/84833/539/4722/9556/4354/9551/514/4716/4700/10654/4522/4712/5901/9540/441024/4695/6390/509/55967/3251/10005/4191/4717/2987/2023/4704/11001/8654/4707/8460/706/4702/2983/11164/498/5223/10606/572/4833/10591/51071/109/6576/1716/226/4714/4708/5160/79873/9555/506/3704/4729/7114/517/6888/2982/158/65990/8459/9414/1728/4190/8833/2180/515/10632/8802/4725/29789/4724/3094/5226/790955/7415/9605/254552/112/4718/2539/318/205/100/4597/8876/6391/126328/51024/6817/4509/80025/79877/4199/3417/142/50808/4719/8034/83666/4711/22934/51181/4539/55711/10059/51703/79071/3614/25796/641371/9524/4535
GO:1901992	positive regulation of mitotic cell cycle phase transition	76	0.7241041905130361	1.935323795604448	6.793552067554336e-7	2.8506172415745714e-5	2.526536935525595e-5	313	tags=18%, list=2%, signal=18%	6241/11065/991/51514/9700/113130/9787/990/993/891/983/6491/7027/26271
GO:0072521	purine-containing compound metabolic process	388	0.5379261300437373	1.5568504368942804	7.464912100356708e-7	3.10785285803132e-5	2.7545280093997168e-5	2907	tags=37%, list=21%, signal=30%	11332/4830/30968/2766/4715/160428/4728/952/6622/4694/54539/4713/4696/516/521/4726/374291/5138/79993/518/4710/38/522/4706/10476/513/3418/6472/4709/84833/539/4722/4521/9556/4354/9551/514/4716/4700/10654/6470/4522/4712/5901/9540/441024/4695/6390/509/55967/3251/10005/4191/4717/2987/2023/4704/11001/8654/4707/8460/706/4702/2983/11164/498/5223/10606/572/4833/10591/51071/109/56952/6576/1716/226/4714/4708/5160/79873/9555/506/3704/23463/4729/7114/517/6888/2982/158/65990/8459/9414/1728/4190/8833/2180/515/10632/8802/4725/29789/4724/3094/5226/790955/7415/9605/254552/112/4718/2539/318/205/100/4597/8876/6391/126328/51024/6817/4509/80025/79877/4199/3417/142/50808/4719/8034/83666/4711/22934/51181/4539/55711/10059/51703/79071/3614/25796
GO:0051101	regulation of DNA binding	66	0.7294287531998431	1.921843238312541	1.0105292832303834e-6	4.174504302585049e-5	3.699914234071588e-5	1443	tags=30%, list=10%, signal=27%	55355/81620/1869/4830/11315/3148/7295/1950/5468/2623/8721/10542/10459/1460/7341/84444/6612/3146/3005/65992
GO:2000241	regulation of reproductive process	107	0.6645215744257849	1.8227327438309555	1.147498433432714e-6	4.6679535509640705e-5	4.137264339744948e-5	1830	tags=27%, list=13%, signal=24%	991/9088/259266/9319/993/10549/7272/6790/10635/26271/397/3690/708/51529/5021/55840/811/8372/2175/25906/598/56729/8654/581/2827/84072/7076/5028/5139
GO:0019693	ribose phosphate metabolic process	320	0.5490275190295147	1.5880537533602308	1.1437088827157759e-6	4.6679535509640705e-5	4.137264339744948e-5	2298	tags=31%, list=17%, signal=27%	11332/4830/30968/4715/4728/6622/4694/54539/4713/4696/516/521/4726/374291/5138/79993/518/4710/38/522/4706/10476/513/4709/7378/84833/539/4722/9556/4354/9551/514/4716/4700/10654/4522/4712/5901/4695/6390/509/55967/3251/10005/4717/2987/2023/4704/11001/8654/4707/8460/706/4702/2983/11164/498/10606/572/4833/109/6576/226/4714/4708/5160/79873/506/3704/4729/7114/517/2982/158/65990/8459/9414/8833/2180/515/10632/8802/4725/29789/4724/3094/7371/790955/7415/9605/254552/112/4718/2539/318/205/100/4597/8876/6391
GO:0045931	positive regulation of mitotic cell cycle	101	0.6711407441235937	1.834120954748726	1.2222468317434684e-6	4.934358610879503e-5	4.373382403535042e-5	1449	tags=26%, list=10%, signal=23%	6241/11065/991/51514/9700/113130/9787/990/993/891/983/6491/7027/6790/26271/675/26073/51529/8877/6886/11331/5641/5087/6240/51692/1977
GO:1901989	positive regulation of cell cycle phase transition	93	0.6820988553432191	1.8529527234293506	1.2381891817227312e-6	4.961135450677019e-5	4.397115044234187e-5	563	tags=17%, list=4%, signal=17%	6241/11065/991/51514/9700/113130/9787/990/993/891/983/6491/7027/26271/2146/51529
GO:0009150	purine ribonucleotide metabolic process	295	0.5587514047994295	1.60713515621957	1.4289249224617913e-6	5.682642471491706e-5	5.036595543665403e-5	2298	tags=33%, list=17%, signal=28%	11332/4830/30968/4715/4728/6622/4694/54539/4713/4696/516/521/4726/374291/5138/79993/518/4710/38/522/4706/10476/513/4709/84833/539/4722/9556/4354/9551/514/4716/4700/10654/4522/4712/5901/4695/6390/509/55967/3251/10005/4717/2987/2023/4704/11001/8654/4707/8460/706/4702/2983/11164/498/10606/572/4833/109/6576/226/4714/4708/5160/79873/506/3704/4729/7114/517/2982/158/65990/8459/9414/8833/2180/515/10632/8802/4725/29789/4724/3094/790955/7415/9605/254552/112/4718/318/205/100/4597/8876/6391
GO:0071103	DNA conformation change	85	0.6946964399906481	1.873301116192425	1.494860650980046e-6	5.900824006720493e-5	5.2299725075613776e-5	1335	tags=29%, list=10%, signal=27%	7153/51659/8318/5888/10721/4171/3159/9401/80119/4173/3149/3148/4175/79075/4176/9837/10856/4174/7150/10923/8607/5984/1763/6742/3146
GO:0006120	mitochondrial electron transport, NADH to ubiquinone	48	0.783331057479493	1.9632530216332988	1.591797286452125e-6	6.237270396693659e-5	5.528169059063998e-5	1955	tags=60%, list=14%, signal=52%	11315/4715/4728/6622/4694/4713/4696/4726/374291/4710/4706/4709/4722/4697/4716/4700/4712/29103/4695/4717/4704/4707/4702/4714/4708/4729/51103/4725/4724
GO:0006334	nucleosome assembly	74	0.7192486272422904	1.91543655479224	1.6245408432913036e-6	6.319108141532377e-5	5.600702853513699e-5	469	tags=27%, list=3%, signal=26%	3009/3006/4171/3007/8347/3008/8343/3148/8971/8349/55723/8970/8339/8365/8357/10541/8294/8364/10036/8345
GO:0033108	mitochondrial respiratory chain complex assembly	101	0.6671701059973958	1.8232698320077074	1.6449718766631457e-6	6.352213862853554e-5	5.6300448593345047e-5	2217	tags=47%, list=16%, signal=39%	4715/4728/4694/54539/4713/4696/374291/4710/4706/4709/100131801/4722/7386/25915/4716/4700/4712/4695/55967/84300/9131/4717/440957/4704/4707/10063/4702/51204/647087/28958/6834/55572/4714/4708/84233/55101/389203/79133/51103/283951/84334/4725/4724/790955/4718/51295/51287
GO:0051315	attachment of mitotic spindle microtubules to kinetochore	21	0.8911733488555079	1.970172174542285	1.829508154416958e-6	7.013992053876238e-5	6.216586966201357e-5	179	tags=38%, list=1%, signal=38%	9212/332/81620/11004/83540/55143/1062/10403
GO:0034728	nucleosome organization	93	0.6781915390639747	1.8423383201295784	1.8898575360166156e-6	7.193607721023247e-5	6.375782529403425e-5	762	tags=25%, list=5%, signal=24%	3009/3006/4171/3007/8347/3159/3008/8343/3148/8971/8349/55723/8970/8339/8365/8357/10541/8294/8364/10036/8345/92815/8208
GO:0009259	ribonucleotide metabolic process	313	0.5519310283045873	1.5927260226667084	1.922343059364078e-6	7.265366073298704e-5	6.439382834913488e-5	2298	tags=32%, list=17%, signal=27%	11332/4830/30968/4715/4728/6622/4694/54539/4713/4696/516/521/4726/374291/5138/79993/518/4710/38/522/4706/10476/513/4709/7378/84833/539/4722/9556/4354/9551/514/4716/4700/10654/4522/4712/5901/4695/6390/509/55967/3251/10005/4717/2987/2023/4704/11001/8654/4707/8460/706/4702/2983/11164/498/10606/572/4833/109/6576/226/4714/4708/5160/79873/506/3704/4729/7114/517/2982/158/65990/8459/9414/8833/2180/515/10632/8802/4725/29789/4724/3094/7371/790955/7415/9605/254552/112/4718/318/205/100/4597/8876/6391
GO:0007080	mitotic metaphase chromosome alignment	54	0.760432206415708	1.9501751417980553	2.010021888017672e-6	7.543244113553643e-5	6.685669541538394e-5	179	tags=22%, list=1%, signal=22%	9212/332/81620/113130/11004/3833/891/83540/9928/55143/1062/10403
GO:0006270	DNA replication initiation	36	0.8130868017137266	1.964922635650757	2.3140112016037457e-6	8.623332652689763e-5	7.642965227527425e-5	1128	tags=47%, list=8%, signal=43%	81620/55388/8318/990/4171/90381/4998/4173/4175/4176/23594/4174/9134/51053/898/222229/1017
GO:0090231	regulation of spindle checkpoint	20	0.887874317492462	1.9488501728357461	2.6060846526115283e-6	9.512208982032078e-5	8.430787192694974e-5	275	tags=35%, list=2%, signal=34%	9212/332/891/55143/57082/10403/4085
GO:0090266	regulation of mitotic cell cycle spindle assembly checkpoint	20	0.887874317492462	1.9488501728357461	2.6060846526115283e-6	9.512208982032078e-5	8.430787192694974e-5	275	tags=35%, list=2%, signal=34%	9212/332/891/55143/57082/10403/4085
GO:1903504	regulation of mitotic spindle checkpoint	20	0.887874317492462	1.9488501728357461	2.6060846526115283e-6	9.512208982032078e-5	8.430787192694974e-5	275	tags=35%, list=2%, signal=34%	9212/332/891/55143/57082/10403/4085
GO:0003272	endocardial cushion formation	12	-0.8984580727391372	-2.067503116581856	3.5181620466343885e-6	1.268463114237434e-4	1.1242543764670702e-4	652	tags=50%, list=5%, signal=48%	4851/9241/8642/4089/7048/7046
GO:0007127	meiosis I	82	0.6901269937667454	1.8539153468214995	3.5228474555665272e-6	1.268463114237434e-4	1.1242543764670702e-4	1777	tags=28%, list=13%, signal=25%	5347/9133/9700/7153/8438/9319/5888/10403/9232/6790/10635/26271/675/146956/9134/898/201254/5719/9985/83990/29893/84072/7314
GO:0032392	DNA geometric change	79	0.7000960544760488	1.870892897566184	3.801820972093943e-6	1.359725098005948e-4	1.2051409891759465e-4	1335	tags=30%, list=10%, signal=28%	7153/51659/8318/5888/10721/4171/3159/9401/80119/4173/3149/3148/4175/79075/4176/9837/10856/4174/10923/8607/5984/1763/6742/3146
GO:0098662	inorganic cation transmembrane transport	466	0.5081093426923945	1.4721533274615732	3.848186064516359e-6	1.367132235853845e-4	1.211706026069116e-4	2647	tags=30%, list=19%, signal=25%	3782/92745/7388/168620/857/9377/2621/1351/6324/6622/29796/63933/3934/6006/516/1329/521/967/2815/374291/518/56660/522/808/84561/7531/10476/513/3690/6535/53827/57419/150684/1535/539/2811/1327/1340/7386/7533/4697/30001/51312/9551/3737/6547/514/1349/83959/9002/81615/7341/7416/126306/9446/6717/509/6948/29985/1537/302/6507/533/150/6262/6532/11331/10063/773/498/4923/7384/29927/8992/91689/2273/581/6263/8996/11194/6834/10312/2281/79041/56344/196527/5025/4513/506/11261/4514/7114/517/26251/29979/784/3750/7922/9296/7351/65990/483/10367/6571/84334/515/23327/10632/64116/3954/5026/9167/27069/79714/9550/79568/51382/2539/54997/2280/6520/537/3688/2745/54499/81/11151/4241/57130/7225/488/4509/246329/84502/6007/2829/6556/292/57214/6566/8645
GO:0032508	DNA duplex unwinding	73	0.7048050978607989	1.875653068486418	4.164339123903861e-6	1.46965319147574e-4	1.3025716032733794e-4	1198	tags=29%, list=9%, signal=26%	7153/51659/8318/5888/10721/4171/3159/9401/80119/4173/4175/79075/4176/9837/10856/4174/10923/8607/5984/1763/6742
GO:1901970	positive regulation of mitotic sister chromatid separation	17	0.9018355366823259	1.9227199568856144	4.578816488367136e-6	1.6052969122702938e-4	1.4227942924725304e-4	563	tags=47%, list=4%, signal=45%	11065/9212/991/332/9700/9787/55143/51529
GO:0051445	regulation of meiotic cell cycle	42	0.777355750803655	1.9255459363446854	5.202526997250719e-6	1.8120435534868683e-4	1.6060363699115226e-4	974	tags=26%, list=7%, signal=24%	991/9088/259266/9319/993/7272/10635/26271/51529/811/25906
GO:1905820	positive regulation of chromosome separation	27	0.8480209433509792	1.9575120798913246	6.102982681272747e-6	2.1118697862663942e-4	1.8717760280841298e-4	887	tags=44%, list=6%, signal=42%	11065/9212/991/332/9700/9787/64151/23397/55143/51529/10051/10592
GO:1902600	proton transmembrane transport	115	0.643932385437542	1.771759535634901	6.6237118288182185e-6	2.2772748603724056e-4	2.018376568822231e-4	2627	tags=49%, list=19%, signal=40%	7388/9377/1351/29796/516/1329/521/374291/518/522/10476/513/539/1327/1340/7386/4697/9551/514/1349/83959/509/1537/533/11331/10063/498/7384/8992/6834/10312/4513/506/11261/4514/7114/517/9296/7351/65990/6571/84334/515/10632/3954/9167/27069/9550/51382/54997/537/81/4509/6556/292/6566
GO:0044786	cell cycle DNA replication	43	0.7719636591787453	1.9169368594769072	6.692462100890388e-6	2.2861622138233896e-4	2.0262535389133044e-4	1298	tags=44%, list=9%, signal=40%	7083/81620/8318/5888/4171/4173/144455/2237/79733/4175/26271/675/29980/9837/5111/51053/79915/1763/54962
GO:0051053	negative regulation of DNA metabolic process	118	0.631045395843434	1.7401125515402889	7.2587234345523685e-6	2.463804916097425e-4	2.1837004392112963e-4	781	tags=16%, list=6%, signal=15%	3009/81620/3006/990/10721/3007/3008/80119/8971/1111/26271/79000/55010/116028/8914/10459/51053/10923/55611
GO:0007062	sister chromatid cohesion	52	0.7392672165426131	1.881072708546765	8.367531547334988e-6	2.8221883301106425e-4	2.5013400434971417e-4	340	tags=19%, list=2%, signal=19%	5347/991/699/9700/113130/701/157570/2237/151648/79075
GO:0090307	mitotic spindle assembly	65	0.7177699617531129	1.8786709916512216	9.234481111123627e-6	3.0950031346652714e-4	2.7431391423774723e-4	219	tags=18%, list=2%, signal=18%	5347/22974/9212/991/332/24137/4605/3833/3832/55143/4751/9493
GO:0090232	positive regulation of spindle checkpoint	12	0.9428094395742032	1.879222656762934	9.43601517325203e-6	3.1232624135565256e-4	2.768185686981488e-4	275	tags=42%, list=2%, signal=41%	9212/332/55143/10403/4085
GO:0090267	positive regulation of mitotic cell cycle spindle assembly checkpoint	12	0.9428094395742032	1.879222656762934	9.43601517325203e-6	3.1232624135565256e-4	2.768185686981488e-4	275	tags=42%, list=2%, signal=41%	9212/332/55143/10403/4085
GO:0010257	NADH dehydrogenase complex assembly	60	0.7173786467931953	1.8584864062797186	1.0555815570973655e-5	3.4510393360563565e-4	3.058698383400633e-4	2429	tags=57%, list=18%, signal=47%	4715/4728/4694/54539/4713/4696/374291/4710/4706/4709/4722/25915/4716/4700/4712/4695/55967/4717/4704/4707/4702/55572/4714/4708/84233/55101/79133/51103/4725/4724/4718/51295/126328/91942
GO:0032981	mitochondrial respiratory chain complex I assembly	60	0.7173786467931953	1.8584864062797186	1.0555815570973655e-5	3.4510393360563565e-4	3.058698383400633e-4	2429	tags=57%, list=18%, signal=47%	4715/4728/4694/54539/4713/4696/374291/4710/4706/4709/4722/25915/4716/4700/4712/4695/55967/4717/4704/4707/4702/55572/4714/4708/84233/55101/79133/51103/4725/4724/4718/51295/126328/91942
GO:0051302	regulation of cell division	132	0.6184511375852682	1.7153209619347516	1.1492276321329722e-5	3.734289055875981e-4	3.309746075340595e-4	721	tags=16%, list=5%, signal=15%	5347/9212/332/259266/10112/990/9928/55143/146909/144455/9493/79733/6790/11113/4192/675/5473/808/26073/10474/9270
GO:0051984	positive regulation of chromosome segregation	26	0.8418082147758508	1.9300903920886225	1.2450691435566134e-5	3.999949515977358e-4	3.545204191206093e-4	121	tags=31%, list=1%, signal=31%	9212/332/64151/990/23397/891/55143/983
GO:0051656	establishment of organelle localization	397	0.5143647053130475	1.487586947592376	1.2459966591334988e-5	3.999949515977358e-4	3.545204191206093e-4	2421	tags=24%, list=17%, signal=20%	5347/9212/332/81620/9700/1058/113130/11004/3833/147841/891/83540/9928/7345/1063/6382/55143/4751/57082/1062/10403/25893/10615/151648/4085/6622/2623/11267/4131/4001/89958/54732/1072/58485/1020/27243/56288/1759/5901/128866/2624/3692/5880/79036/998/10253/10652/10959/55062/29127/29899/55930/10312/2647/1894/10726/10540/4645/8766/7314/26286/90417/5819/6571/10113/1176/22933/6209/4642/161176/10079/3965/136/51693/22919/51128/54536/54908/84946/9735/29058/3281/4134/27183/284021/8673/79643/3688/8517/54874/22820/1861/81/55968/84823
GO:0010389	regulation of G2/M transition of mitotic cell cycle	94	0.6672945962951135	1.8157671899138141	1.2869263422216257e-5	4.106605076466493e-4	3.639734319286754e-4	383	tags=18%, list=3%, signal=18%	5347/9212/51514/63967/990/993/891/9928/1063/90381/983/4998/1111/6790/79035/26271/672
GO:0050817	coagulation	168	0.5967672741034756	1.6801563230029368	1.367864874808578e-5	4.338899951104114e-4	3.845620108562713e-4	3096	tags=45%, list=22%, signal=35%	857/10398/2621/340205/6403/80739/388931/2623/5196/7035/2815/22915/375033/51206/1192/3690/966/71/9158/2811/5627/3998/239/81027/9002/2162/3043/1465/302/7450/150/2048/6532/5478/3673/83706/5154/60/2152/11117/710/3315/23657/2161/2153/29071/196527/5028/79001/10627/2207/7001/2923/7414/65991/2778/6915/5912/5054/2039/5359/2157/7094/50808/5265/84062/308/5270/5023/6484/10855/7056/948/6722/7057
GO:0007596	blood coagulation	167	0.5997517486194676	1.6892369166524785	1.3979507026310427e-5	4.408094256994572e-4	3.9069478683933286e-4	3096	tags=45%, list=22%, signal=35%	857/10398/2621/340205/6403/80739/388931/2623/5196/7035/2815/22915/375033/51206/1192/3690/966/71/9158/2811/5627/3998/239/81027/9002/2162/3043/1465/302/7450/150/2048/6532/5478/3673/83706/5154/60/2152/11117/710/3315/23657/2161/2153/29071/196527/5028/79001/10627/2207/7001/2923/7414/65991/2778/6915/5912/5054/2039/5359/2157/7094/50808/5265/84062/308/5270/5023/6484/10855/7056/948/6722/7057
GO:0000725	recombinational repair	164	0.5978296096694671	1.6864454678730636	1.407934098154069e-5	4.4134592994488433e-4	3.911702971156228e-4	1370	tags=21%, list=10%, signal=19%	29128/51659/8318/8438/5888/10721/4171/9401/4173/2237/1111/4175/10635/79035/79000/675/55010/672/4176/10213/116028/8914/10856/10459/4174/8607/5531/78995/387893/7516/5932/9985/125150/60
GO:0000724	double-strand break repair via homologous recombination	160	0.598356822476228	1.683746775208306	1.62988414939372e-5	5.079329024631073e-4	4.501871454804323e-4	1370	tags=21%, list=10%, signal=19%	29128/51659/8318/8438/5888/10721/4171/9401/4173/2237/1111/4175/10635/79035/79000/675/55010/672/4176/10213/116028/8914/10856/10459/4174/8607/5531/387893/7516/5932/9985/125150/60
GO:0007599	hemostasis	172	0.5948680117363527	1.678234831015014	1.85300939403947e-5	5.741097128393218e-4	5.088404621208753e-4	3096	tags=45%, list=22%, signal=35%	857/10398/2621/340205/6403/80739/388931/2623/5196/7035/2815/22915/375033/51206/1192/3690/966/71/9158/2811/5627/3998/239/81027/9002/2162/3043/1465/302/7450/2821/150/2048/6532/5478/3673/83706/5154/60/2152/11117/710/3315/23657/2161/2153/29071/196527/5028/79001/10627/2207/7001/2923/7414/65991/2778/6915/5912/5054/2039/5359/2157/7094/50808/5265/4778/84062/308/5270/5023/6484/10855/7056/948/6722/7057
GO:0006956	complement activation	37	0.7753494605696434	1.8770540788585381	2.071251942809426e-5	6.380174337127996e-4	5.654826569751076e-4	1534	tags=46%, list=11%, signal=41%	3500/714/3502/713/1191/3494/3493/708/966/3507/712/3501/3503/11326/710/715/5245
GO:0051098	regulation of binding	210	0.5680582847997846	1.618516876715757	2.1271750888284653e-5	6.514779338141892e-4	5.774128628900983e-4	1460	tags=18%, list=11%, signal=16%	5347/9212/55355/81620/1869/4830/857/11315/3148/7295/1950/5468/6790/3925/2623/8721/10542/10459/9270/51053/1460/5901/7341/84444/7122/302/5792/4043/2801/5499/6612/3146/60/10211/581/3005/65992/1601
GO:0036092	phosphatidylinositol-3-phosphate biosynthetic process	21	-0.7789780509978779	-2.134280281186708	2.164041354188476e-5	6.589815072268793e-4	5.84063371804132e-4	1610	tags=57%, list=12%, signal=51%	5294/56623/5287/5290/7405/5289/8867/472/200576/3631/30849/5293
GO:0006302	double-strand break repair	275	0.5402133970218884	1.553288341341728	2.2469846070429477e-5	6.803511915302198e-4	6.030035844379011e-4	1423	tags=16%, list=10%, signal=15%	2305/29128/51659/113130/8318/8438/9319/5888/10721/157570/4171/9401/4173/3148/2237/1111/4175/10635/79035/79000/675/55010/672/4176/10213/116028/8914/10856/10459/146956/4174/55611/8607/5531/387893/7516/1763/5932/7468/3146/9985/5536/125150/60/79184
GO:0045047	protein targeting to ER	37	0.7735091875834671	1.8725989368992242	2.2801129940959584e-5	6.826248396369305e-4	6.050187465705835e-4	1649	tags=51%, list=12%, signal=45%	10952/23480/6727/28972/9789/3309/439/8266/6747/6731/9697/128866/4121/58477/29927/90637/60559/6029/6449
GO:1902750	negative regulation of cell cycle G2/M phase transition	65	0.7062179529729231	1.8484350874659365	2.275627968638543e-5	6.826248396369305e-4	6.050187465705835e-4	596	tags=20%, list=4%, signal=19%	5347/9212/9088/51514/63967/990/90381/983/4998/1111/79035/672/29980
GO:0032465	regulation of cytokinesis	76	0.6823507583898266	1.8237287906384496	2.4151197495902346e-5	7.190040863444894e-4	6.372621179894962e-4	555	tags=20%, list=4%, signal=19%	5347/9212/332/10112/990/9928/55143/144455/9493/79733/6790/11113/675/808/26073
GO:0051653	spindle localization	46	0.7387260176097963	1.846721833447996	2.494017259836009e-5	7.383676654258939e-4	6.544242950224662e-4	610	tags=20%, list=4%, signal=19%	5347/259266/9700/1058/10403/10615/4085/89958/1072
GO:0002455	humoral immune response mediated by circulating immunoglobulin	37	0.7724119330972552	1.8699425785554953	2.558594962805699e-5	7.52081966748798e-4	6.665794480650772e-4	948	tags=35%, list=7%, signal=33%	3500/9156/714/3502/713/1191/3494/3493/708/3507/712/3501/3503
GO:0051785	positive regulation of nuclear division	34	0.7825966362401335	1.86867138635936	2.5685666719512334e-5	7.52081966748798e-4	6.665794480650772e-4	879	tags=26%, list=6%, signal=25%	11065/991/9700/9787/1950/6790/10635/51529/8877
GO:0034502	protein localization to chromosome	103	0.6415398179889155	1.7550656062571448	2.7325857791669635e-5	7.957349517585109e-4	7.052696227277632e-4	629	tags=17%, list=5%, signal=17%	5347/9212/3009/1058/701/157570/7272/983/57082/8970/79035/8365/675/3012/8294/8364/2146/10856
GO:0003197	endocardial cushion development	25	-0.7376735631191633	-2.0931605889966263	3.0339709895067157e-5	8.739476434097993e-4	7.745904881887132e-4	1567	tags=36%, list=11%, signal=32%	324/4194/4851/9241/11096/8642/4089/7048/7046
GO:0009116	nucleoside metabolic process	46	0.7358134902565687	1.8394408825602464	3.029637796922361e-5	8.739476434097993e-4	7.745904881887132e-4	1671	tags=37%, list=12%, signal=33%	7083/1841/9582/7378/2079/4521/200315/3251/27350/51251/164668/4833/10591/51071/56952/1716/23463
GO:0090329	regulation of DNA-templated DNA replication	44	0.7516922415538738	1.8738137705137037	3.267885759116225e-5	9.362668392650733e-4	8.298247538853709e-4	1298	tags=41%, list=9%, signal=37%	81620/4171/90381/4173/144455/79733/4175/26271/79075/4176/8914/5111/4174/51053/1017/5984/6742/54962
GO:0051052	regulation of DNA metabolic process	455	0.4915767650332509	1.4225373781154071	4.0813762269870465e-5	0.0011630830969847042	0.001030854777961772	1437	tags=15%, list=10%, signal=13%	890/2305/9212/3009/81620/3006/990/5888/10721/157570/4751/4171/90381/983/3007/3008/80119/4173/144455/8971/1111/1950/79733/4175/7027/10635/79035/26271/79075/79000/55010/672/4176/10189/116028/8914/10474/10856/10459/5111/4174/83443/51053/10923/55611/8607/6880/25849/5531/9131/79915/1017/387893/10574/5984/1763/6742/7468/54962/4358/3146/60/7203/79184/581/3005
GO:0098655	monoatomic cation transmembrane transport	480	0.49593209508837377	1.4378031102908924	4.129394844750296e-5	0.001170507719557145	0.0010374353117802116	2647	tags=29%, list=19%, signal=24%	3782/92745/7388/168620/857/9377/2621/1351/6324/6622/29796/63933/3934/516/1329/521/967/2815/374291/518/56660/522/808/84561/7531/10476/513/3690/6535/53827/57419/150684/1535/539/2811/1327/1340/7386/7533/4697/30001/51312/9551/3737/6547/514/1349/83959/9002/81615/7341/7416/126306/9446/6717/509/6948/29985/1537/302/6507/533/150/6262/6532/11331/10063/773/498/4923/7384/29927/8992/91689/2273/581/6263/8996/11194/6834/10312/2281/79041/56344/196527/5025/4513/506/11261/4514/7114/517/26251/29979/784/3750/7922/9296/7351/65990/483/10367/6571/84334/515/23327/10632/64116/3954/5026/9167/27069/79714/9550/79568/51382/2539/54997/2280/6520/537/3688/2745/54499/81/11151/4241/57130/7225/488/4509/246329/84502/2829/6556/292/57214/6566/8645
GO:0046854	phosphatidylinositol phosphate biosynthetic process	59	-0.5670684705830273	-1.9925408716000528	5.431210163913018e-5	0.0015233115243943407	0.0013501296401926713	1722	tags=36%, list=12%, signal=31%	51447/5294/56623/5287/23049/129303/3707/5290/7405/5289/23167/8867/472/200576/3631/8394/9655/8396/30849/5293/9807
GO:0044818	mitotic G2/M transition checkpoint	52	0.7155998446591488	1.8208508478490568	5.4147519344188275e-5	0.0015233115243943407	0.0013501296401926713	596	tags=21%, list=4%, signal=20%	5347/51514/63967/990/90381/983/4998/1111/79035/672/29980
GO:0010972	negative regulation of G2/M transition of mitotic cell cycle	62	0.6895712531273472	1.7909954149091822	5.5596899175428994e-5	0.0015511825953186445	0.0013748321113262602	596	tags=19%, list=4%, signal=19%	5347/9212/51514/63967/990/90381/983/4998/1111/79035/672/29980
GO:0072599	establishment of protein localization to endoplasmic reticulum	41	0.7578584038853787	1.8643910314691476	5.8867305009277753e-5	0.0016338743145543808	0.0014481227937315204	1649	tags=49%, list=12%, signal=43%	10952/23480/6727/28972/9789/3309/439/8266/6747/6731/9697/128866/4121/6262/58477/29927/90637/60559/6029/6449
GO:0034501	protein localization to kinetochore	15	0.8956707341212979	1.8741363382663712	6.052323141951073e-5	0.0016625170115184159	0.00147350916646416	146	tags=27%, list=1%, signal=26%	9212/7272/983/57082
GO:1903083	protein localization to condensed chromosome	15	0.8956707341212979	1.8741363382663712	6.052323141951073e-5	0.0016625170115184159	0.00147350916646416	146	tags=27%, list=1%, signal=26%	9212/7272/983/57082
GO:0042743	hydrogen peroxide metabolic process	33	0.7885939648017098	1.8757045959543521	6.14267530531594e-5	0.0016786829077963406	0.0014878371981081038	1031	tags=45%, list=7%, signal=42%	10549/11315/7295/3045/25824/6622/5052/3040/3049/1535/5879/3043/2876/3039/5880
GO:0050878	regulation of body fluid levels	244	0.5369823715715045	1.5425659789068724	6.241525186124999e-5	0.0016969942712683733	0.001504066783573731	3096	tags=40%, list=22%, signal=31%	4830/857/10398/2621/340205/6403/80739/388931/2623/5196/7035/2815/22915/375033/51206/1192/3690/966/71/1535/9158/2811/5627/5021/133/3998/239/7466/81027/9002/2162/4580/3043/1465/302/7450/2821/150/2048/6532/5478/3673/83706/5154/60/2152/11117/710/3315/23657/2161/2153/29071/196527/4513/4645/5028/79001/7494/10627/2207/7001/2923/8835/7392/7414/65991/112/2778/6915/100/8673/5912/5054/10758/2039/5359/2157/7094/7421/50808/2771/5265/4778/84062/308/5270/5023/9612/540/6484/10855/360/7056/948/6722/7057
GO:0030168	platelet activation	107	0.6215042403688046	1.7047394290078424	6.47505569184377e-5	0.0017515518670982463	0.001552421848212824	2184	tags=36%, list=16%, signal=30%	10398/340205/6403/388931/2623/5196/2815/22915/375033/51206/1192/3690/71/9158/2811/239/81027/9002/3043/1465/7450/150/6532/5478/83706/5154/60/11117/3315/23657/29071/5028/10627/2207/2923/7414/65991/2778
GO:0009636	response to toxic substance	160	0.5813942561678975	1.636014944888876	6.817143320058823e-5	0.0018347755935653267	0.0016261840551357756	2393	tags=38%, list=17%, signal=32%	7298/10549/6382/983/1719/11315/7295/3045/25824/4493/5052/3040/4131/241/4502/9588/55829/8683/3049/6280/84883/6415/5742/9446/89872/3043/2876/3039/9131/4501/84817/4494/4357/5292/6532/51714/642/4257/2235/581/23657/5445/83990/1267/4259/2936/1728/6571/7001/10935/64116/2954/2882/55937/4258/4353/10327/9403/2879/6715/51109
GO:0006268	DNA unwinding involved in DNA replication	21	0.8417588114125888	1.8609283929447475	6.917659351806784e-5	0.0018524726977778066	0.0016418692151048422	696	tags=52%, list=5%, signal=50%	51659/8318/5888/4171/3159/9401/4173/4175/4176/9837/4174
GO:0048144	fibroblast proliferation	81	0.6519146562974212	1.7497794836810803	7.323516493499998e-5	0.0019513509696930745	0.0017295062371754997	1955	tags=30%, list=14%, signal=26%	890/990/891/983/1869/857/2621/79733/5052/3690/2335/1163/8877/2876/4602/26528/6277/5154/581/3265/1019/4921/55845/4724
GO:0051987	positive regulation of attachment of spindle microtubules to kinetochore	11	0.9291751924386477	1.842580019089719	8.106518861291069e-5	0.0021492357717323436	0.00190489395813632	114	tags=36%, list=1%, signal=36%	9212/332/891/55143
GO:0046488	phosphatidylinositol metabolic process	132	-0.4346857005956782	-1.664948496012554	8.317045019669511e-5	0.0021941352925652882	0.0019446889527491979	2407	tags=31%, list=17%, signal=26%	5286/9107/5298/64924/3612/55326/8897/3633/9487/51447/5294/26751/56623/5287/23049/5335/93210/55650/129303/3707/5290/66036/253430/7405/5289/23167/8867/472/200576/8776/4534/3635/9110/3631/8394/9655/8396/22908/30849/5293/9807
GO:0072527	pyrimidine-containing compound metabolic process	75	0.6606663046990854	1.7646012512812557	8.468963925013006e-5	0.002223207327901197	0.0019704558533333344	1327	tags=24%, list=10%, signal=22%	7083/7298/4830/1841/9582/56953/1854/4913/7378/2079/6470/200315/27350/79077/51251/164668/4833/6240
GO:0051255	spindle midzone assembly	12	0.9177091825082034	1.8291924281832295	8.526859782248737e-5	0.0022274331264511525	0.0019742012302863816	219	tags=42%, list=2%, signal=41%	9212/332/24137/55143/9493
GO:0002385	mucosal immune response	18	0.8529814585980326	1.8333250717603764	9.127292919718585e-5	0.002363005429081096	0.002094360620692512	1364	tags=61%, list=10%, signal=55%	8347/8343/8349/85236/8970/8339/6036/2197/2867/6037/820
GO:0051231	spindle elongation	12	0.9170799794985286	1.827938290812672	9.134530275674718e-5	0.002363005429081096	0.002094360620692512	219	tags=50%, list=2%, signal=49%	9212/332/24137/3832/55143/9493
GO:0060317	cardiac epithelial to mesenchymal transition	18	-0.7820480257869828	-2.0389516406814203	9.549203432221846e-5	0.0024583432410777884	0.002178859689823515	1110	tags=39%, list=8%, signal=36%	10439/4851/9241/27250/4089/7048/7046
GO:0070527	platelet aggregation	57	0.7040401633388672	1.8150183424298874	9.725422414650664e-5	0.002491671925368913	0.002208399310452304	2334	tags=47%, list=17%, signal=40%	10398/388931/2623/22915/375033/51206/1192/3690/71/9158/239/81027/9002/3043/1465/6532/5478/83706/60/11117/3315/23657/10627/2923/7414/2778/5912
GO:0007076	mitotic chromosome condensation	18	0.8510155704978232	1.8290997607573527	1.0258080081769834e-4	0.0026155650122369114	0.002318207269045643	1140	tags=39%, list=8%, signal=36%	5347/113130/64151/23397/10051/10592/387893
GO:1901978	positive regulation of cell cycle checkpoint	17	0.8615796602917087	1.8368941341387064	1.04220900830772e-4	0.0026447294310818284	0.00234405605026403	275	tags=29%, list=2%, signal=29%	9212/332/55143/10403/4085
GO:0035825	homologous recombination	45	0.7338886318031479	1.8289807370830895	1.0641249839759794e-4	0.002662310816717368	0.002359638647442659	1576	tags=29%, list=11%, signal=26%	29128/7153/8438/9319/5888/10635/672/146956/201254/5932/9985/83990/29893
GO:0098869	cellular oxidant detoxification	68	0.6741205453331512	1.7808024855383509	1.0610287194043033e-4	0.002662310816717368	0.002359638647442659	2292	tags=50%, list=17%, signal=42%	10549/1719/11315/7295/3045/25824/5052/3040/241/9588/55829/3049/6280/6415/5742/9446/3043/2876/3039/84817/51714/4257/4259/2936/1728/7001/10935/2954/2882/55937/4258/4353/9403/2879
GO:0032543	mitochondrial translation	127	0.6009925818260525	1.663512869080226	1.057496212551813e-4	0.002662310816717368	0.002359638647442659	3089	tags=52%, list=22%, signal=41%	64960/51253/54998/7284/10573/122704/64976/708/65003/90480/6472/64975/29093/54516/2617/65993/64979/51073/84300/6183/51258/128308/6150/65005/79590/55052/6182/3035/3396/51204/65008/51021/116541/28998/28958/118487/57129/54948/219927/51116/28957/51642/55168/124995/84769/51264/78988/51023/64963/9553/7818/64928/64981/11222/84545/5188/63931/56945/81554/26995/64969/29088/9801/51650/51649/64949
GO:0033260	nuclear DNA replication	39	0.7540106011527997	1.8427193750045006	1.0916454576994962e-4	0.0027184012355516893	0.002409352271863079	1298	tags=41%, list=9%, signal=37%	7083/81620/8318/5888/4171/4173/2237/4175/675/29980/9837/5111/51053/79915/1763/54962
GO:0006958	complement activation, classical pathway	26	0.8097999302553311	1.856702081858431	1.1606423611964129e-4	0.0028767735547979927	0.0025497195959306267	1529	tags=54%, list=11%, signal=48%	3500/714/3502/713/1191/3494/3493/708/3507/712/3501/3503/710/715
GO:0006213	pyrimidine nucleoside metabolic process	21	0.8336890516858556	1.8430880747964662	1.25209719315226e-4	0.003089086084402034	0.002737894788340249	1250	tags=43%, list=9%, signal=39%	7083/1841/9582/7378/2079/200315/27350/51251/164668
GO:0006275	regulation of DNA replication	112	0.617179346528553	1.6965931177835867	1.295850457614966e-4	0.0031822981975254162	0.002820509824554137	1298	tags=24%, list=9%, signal=22%	890/81620/990/157570/4171/90381/983/4173/144455/1950/79733/4175/26271/79075/4176/8914/10856/5111/4174/51053/8607/79915/1017/5984/1763/6742/54962
GO:0045840	positive regulation of mitotic nuclear division	30	0.7870509033774756	1.8535842742445159	1.3186032266593098e-4	0.0032233195389300287	0.002856867541294217	879	tags=27%, list=6%, signal=25%	11065/991/9700/9787/1950/6790/51529/8877
GO:2000242	negative regulation of reproductive process	37	0.7475799020368545	1.8098263760446658	1.4132446697295135e-4	0.0034232640204493532	0.003034080781376233	1074	tags=27%, list=8%, signal=25%	9088/9319/10549/7272/26271/397/55840/811/8372/598
GO:0007292	female gamete generation	98	0.6248568757946757	1.7013357764433512	1.407757847321846e-4	0.0034232640204493532	0.003034080781376233	1351	tags=18%, list=10%, signal=17%	5347/259266/9133/7153/9319/23397/7272/10403/6790/26271/4192/675/283/78995/8654/3021/9985/3020
GO:0046839	phospholipid dephosphorylation	32	-0.655534511166586	-1.9818159500662265	1.4421851582529534e-4	0.003477558691552031	0.0030822028126130043	2361	tags=41%, list=17%, signal=34%	9107/2053/8897/3633/56623/66036/8867/8776/4534/3635/9110/22908/81537
GO:0090235	regulation of metaphase plate congression	13	0.8920344026613931	1.8106075912985622	1.4776858494618258e-4	0.0035425275740543953	0.0031397855280011202	253	tags=31%, list=2%, signal=30%	9212/332/55143/10615
GO:0006487	protein N-linked glycosylation	59	0.6888982841896545	1.7785949182973733	1.482423811248133e-4	0.0035425275740543953	0.0031397855280011202	1990	tags=39%, list=14%, signal=34%	91319/746/51465/6185/1603/6184/9761/58505/100128731/9526/10195/29880/1650/56052/199857/3703/1798/11282/79053/91869/2530/64116/4248
GO:0071897	DNA biosynthetic process	163	0.5675726007600604	1.598680941702975	1.507575974544021e-4	0.0035865501644397712	0.0031788032884299917	2003	tags=22%, list=14%, signal=19%	7083/890/9212/51514/7298/10721/1063/9768/4751/80119/1111/5427/7027/79075/26073/10459/55505/5111/8877/1032/25849/55651/78995/10574/5984/6240/7203/94/5245/54433/22948/10694/56655/199990/3183/55135
GO:1904666	regulation of ubiquitin protein ligase activity	18	0.8452771206608668	1.816766029639184	1.6073586097296397e-4	0.0038069395694441113	0.003374137114319015	635	tags=33%, list=5%, signal=32%	5347/11065/991/4085/26271/10459
GO:0003203	endocardial cushion morphogenesis	20	-0.7554134558521663	-2.0602328432294574	1.6237043242967294e-4	0.003828637320432421	0.0033933680964692244	1567	tags=45%, list=11%, signal=40%	324/4194/4851/9241/11096/8642/4089/7048/7046
GO:0000076	DNA replication checkpoint signaling	17	0.8540594534376237	1.8208609981509074	1.6330576572689217e-4	0.0038337287469542222	0.0033978806900837708	1298	tags=53%, list=9%, signal=48%	81620/63967/8318/990/90381/4998/8914/1763/54962
GO:0031570	DNA integrity checkpoint signaling	129	0.5956259398487538	1.6518710421472682	1.823735921225899e-4	0.004262582773777551	0.0037779792606374004	1634	tags=22%, list=12%, signal=20%	5347/51514/81620/51512/63967/8318/990/5888/90381/983/4998/1869/1111/675/672/29980/8914/51065/146956/79968/84444/1017/1763/54962/79184/51499/11200/83990/8555
GO:1902969	mitotic DNA replication	16	0.8769539141403282	1.8512250282692804	1.8469232836922534e-4	0.0042979275889938945	0.0038093058027704628	603	tags=50%, list=4%, signal=48%	7083/8318/5888/4171/4173/4175/675/9837
GO:0042558	pteridine-containing compound metabolic process	27	0.797595670603715	1.841113916251006	1.8812550435478282e-4	0.004358786142202773	0.0038632454830201854	846	tags=37%, list=6%, signal=35%	7298/8836/1719/160428/5092/6472/25902/6470/4522/441024
GO:0030970	retrograde protein transport, ER to cytosol	27	0.7952647772586019	1.8357334455022916	2.061851843959993e-4	0.004736038136406381	0.004197608540766102	1170	tags=44%, list=8%, signal=41%	91319/7353/51465/10952/7184/55829/550/81502/10134/55741/55432/27248
GO:1903513	endoplasmic reticulum to cytosol transport	27	0.7952647772586019	1.8357334455022916	2.061851843959993e-4	0.004736038136406381	0.004197608540766102	1170	tags=44%, list=8%, signal=41%	91319/7353/51465/10952/7184/55829/550/81502/10134/55741/55432/27248
GO:1990748	cellular detoxification	82	0.6382021449645363	1.7144275787074217	2.121412806391267e-4	0.004851935126720628	0.004300329461159979	2292	tags=46%, list=17%, signal=39%	10549/1719/11315/7295/3045/25824/5052/3040/241/9588/55829/3049/6280/84883/6415/5742/9446/3043/2876/3039/84817/5292/51714/4257/4259/2936/1728/7001/10935/64116/2954/2882/55937/4258/4353/10327/9403/2879
GO:0034109	homotypic cell-cell adhesion	70	0.6615394621933036	1.755329102656637	2.138896266613463e-4	0.004871016326830404	0.004317241362255785	2184	tags=40%, list=16%, signal=34%	10398/388931/2623/22915/375033/51206/1192/3690/71/9158/4267/239/81027/9002/3043/1465/6532/5478/83706/60/11117/3315/23657/9414/10627/2923/7414/2778
GO:0045859	regulation of protein kinase activity	396	0.4888412926126927	1.413897524872865	2.1922907014104495e-4	0.0049713689990707605	0.004406185163372313	1875	tags=18%, list=14%, signal=16%	5347/890/22974/9088/9133/63967/990/993/1033/891/9928/7345/1031/857/1062/1191/11315/2621/7295/1950/5468/6622/7804/808/5577/3690/2146/6283/899/9134/9270/23531/6547/1991/1029/898/55437/1032/283/10961/2209/56647/5605/150/2048/11331/5478/11006/10899/51637/10253/5154/60/1958/8812/3315/4665/5245/84313/10221/1894/6895/3265/9555/896/11261/8754/5575/641/29108/7532/4921/55294
GO:0090306	meiotic spindle assembly	11	0.9164496825099604	1.8173449821256051	2.2590374556824758e-4	0.005079498144021905	0.004502021347389416	313	tags=45%, list=2%, signal=44%	259266/9133/10403/6790/26271
GO:0018279	protein N-linked glycosylation via asparagine	22	0.8115222092819809	1.810676053967046	2.2570869737431148e-4	0.005079498144021905	0.004502021347389416	1479	tags=50%, list=11%, signal=45%	91319/51465/6185/1603/6184/58505/100128731/29880/1650/3703/79053
GO:0090407	organophosphate biosynthetic process	493	0.4705940185655585	1.3649565941929385	2.529114427129272e-4	0.005662878479904156	0.005019078476129609	2633	tags=28%, list=19%, signal=23%	7083/6241/7298/11332/4830/2171/30968/4715/4728/1841/6622/2224/4694/54539/4713/4696/516/521/4726/374291/79993/145567/518/4710/1854/38/522/4706/10476/513/8818/4709/54344/7378/84833/539/4722/9556/9551/9468/514/4716/4700/10654/6470/4522/4712/441024/4695/2617/6390/509/55967/3251/114971/4717/2987/2023/4704/8760/11001/4707/4702/2983/498/10606/4923/4833/6240/5154/109/3992/8566/81490/6576/1716/226/4714/4708/5160/60386/27315/824/23446/506/4729/11261/7114/517/2982/7167/3613/158/10555/65990/5028/8833/2180/515/10632/4725/8835/4724/7371/51604/10554/790955/7415/9605/112/79143/4718/2539/10327/9488/318/205/100/4597/6391/126328/54675/84174/8733/5359/80055/3735/4509/80025/9218/79877/4199/171586/3417/142/50808
GO:0045910	negative regulation of DNA recombination	44	0.7176064366620345	1.7888448869007227	2.5988049095227323e-4	0.005794573791986042	0.005135801642382074	635	tags=20%, list=5%, signal=20%	3009/3006/10721/3007/3008/8971/55010/116028/10459
GO:0007144	female meiosis I	10	0.9170680226410277	1.782642503638505	2.7285056400418357e-4	0.0060584193982428924	0.0053696512310823325	313	tags=50%, list=2%, signal=49%	9133/9319/10403/6790/26271
GO:0032007	negative regulation of TOR signaling	63	-0.5227661936226092	-1.8349517371786401	2.7480484193149747e-4	0.0060764937869417016	0.005385670782907313	1525	tags=25%, list=11%, signal=23%	7248/83667/7337/27244/5567/55284/55846/406/5562/472/81788/4534/154743/23411/4864/10016
GO:0002251	organ or tissue specific immune response	20	0.8252590494809035	1.811412054081378	3.010282353530498e-4	0.006628840769406622	0.00587522267085313	1364	tags=55%, list=10%, signal=50%	8347/8343/8349/85236/8970/8339/6036/2197/2867/6037/820
GO:0051781	positive regulation of cell division	59	0.6743788287236074	1.7411086444873969	3.03222140403165e-4	0.006649674017318792	0.005893687433350668	1634	tags=29%, list=12%, signal=26%	9212/332/990/9928/55143/9493/11113/4192/5473/26073/9270/6886/998/5154/29127/1894/8555
GO:0070972	protein localization to endoplasmic reticulum	63	0.6682025730941659	1.7393849782525383	3.0885249207015917e-4	0.006745389058368354	0.005978520845206232	2723	tags=52%, list=20%, signal=42%	10952/23480/6727/10945/28972/9789/3309/10134/439/8266/6747/6731/9697/128866/4121/6262/11014/11079/58477/29927/90637/60559/65992/6029/6449/689/11345/11231/8733/51608/9218/6729/57142
GO:1901976	regulation of cell cycle checkpoint	44	0.7146852884738493	1.7815630667645754	3.1996229394318644e-4	0.006959506385400981	0.006168295651656617	974	tags=27%, list=7%, signal=25%	9212/332/5888/891/55143/57082/10403/4085/675/672/79968/25906
GO:0051438	regulation of ubiquitin-protein transferase activity	36	0.7453978599274664	1.801344117811407	3.295064716692685e-4	0.007131720241956988	0.006320930899578475	967	tags=22%, list=7%, signal=21%	5347/11065/991/11315/4085/26271/10459/7332
GO:0048638	regulation of developmental growth	197	-0.3610944299737044	-1.4211017595601099	3.3189465565872263e-4	0.007131720241956988	0.006320930899578475	1974	tags=26%, list=14%, signal=23%	10500/57678/4092/23011/1027/23394/154/8195/10743/23369/8829/583/57154/4897/5727/57609/5830/1385/10505/53335/10439/6049/8292/5290/83481/7852/585/6198/32/9706/6789/4851/2254/5997/23111/9241/4534/6777/79068/27185/51738/5467/6776/25942/6259/9113/10507/9798/54910/118813/7046
GO:0007389	pattern specification process	230	-0.35062428343470037	-1.383171013769516	3.317410064702107e-4	0.007131720241956988	0.006320930899578475	2373	tags=28%, list=17%, signal=23%	5663/54475/1952/23272/4040/51684/55172/204851/83852/8312/221322/5916/441478/7471/92/221400/57669/123872/718/84976/8195/324/10818/199221/57728/4297/54903/144165/8829/5727/7476/3280/51176/3212/497189/8861/26005/5567/7289/200894/8313/4853/79659/93/79809/7832/84100/472/4851/25914/1399/9241/26160/57585/9968/57534/6045/54880/8642/23552/4089/7048/7046/54778
GO:0006123	mitochondrial electron transport, cytochrome c to oxygen	18	0.8333366133742394	1.791102129026278	3.3607837956439463e-4	0.007192617207625137	0.006374904625260785	1687	tags=72%, list=12%, signal=64%	9377/1337/1351/1329/1347/1345/1327/1340/4697/1349/1350/4513/4514
GO:0002227	innate immune response in mucosa	12	0.9011196278628487	1.79612586600579	3.4794819284810597e-4	0.007416863678750226	0.006573657016039796	1364	tags=83%, list=10%, signal=75%	8347/8343/8349/85236/8970/8339/6036/2197/6037/820
GO:0045842	positive regulation of mitotic metaphase/anaphase transition	13	0.8776223979940507	1.7813548125058751	3.761012992231099e-4	0.007921912346086768	0.007021287828641956	563	tags=38%, list=4%, signal=37%	11065/991/9700/9787/51529
GO:1902101	positive regulation of metaphase/anaphase transition of cell cycle	13	0.8776223979940507	1.7813548125058751	3.761012992231099e-4	0.007921912346086768	0.007021287828641956	563	tags=38%, list=4%, signal=37%	11065/991/9700/9787/51529
GO:0098754	detoxification	95	0.6140523120272192	1.6701439583323203	3.7352777765388044e-4	0.007921912346086768	0.007021287828641956	2292	tags=44%, list=17%, signal=37%	10549/1719/11315/7295/3045/25824/4493/5052/3040/241/4502/9588/55829/3049/6280/84883/6415/5742/9446/3043/2876/3039/4501/84817/4494/5292/51714/4257/4259/2936/1728/7001/10935/64116/2954/2882/55937/4258/4353/10327/9403/2879
GO:0048146	positive regulation of fibroblast proliferation	38	0.737597653188346	1.7900533999898414	3.8201146869176446e-4	0.008014720931726034	0.007103545213509935	1955	tags=42%, list=14%, signal=36%	890/990/891/1869/2621/3690/2335/8877/4602/6277/5154/3265/1019/4921/55845/4724
GO:0097237	cellular response to toxic substance	88	0.6223971811733735	1.6894119433903036	3.9006197100628474e-4	0.008151530366637221	0.00722480108939195	2292	tags=43%, list=17%, signal=36%	10549/1719/11315/7295/3045/25824/5052/3040/241/9588/55829/3049/6280/84883/6415/5742/9446/3043/2876/3039/84817/5292/51714/4257/4259/2936/1728/7001/10935/64116/2954/2882/55937/4258/4353/10327/9403/2879
GO:0032467	positive regulation of cytokinesis	33	0.7583219245795951	1.8037012488480715	4.229006912665923e-4	0.008803272592811212	0.007802448197833881	555	tags=24%, list=4%, signal=23%	9212/332/990/9928/55143/9493/11113/26073
GO:0006760	folic acid-containing compound metabolic process	21	0.8139677350150173	1.7994889373221226	4.251192664749659e-4	0.008815021677218262	0.007812861555081598	846	tags=43%, list=6%, signal=40%	7298/8836/1719/160428/6472/25902/6470/4522/441024
GO:0141060	disruption of anatomical structure in another organism	46	0.692619166297936	1.7314605228139794	4.3976017440087653e-4	0.009083263447218106	0.008050607517489731	1712	tags=26%, list=12%, signal=23%	140823/85236/8970/2597/5196/6283/1460/1991/3151/598/820/383
GO:0007131	reciprocal meiotic recombination	38	0.7330318680728525	1.7789728344073947	4.782201819452684e-4	0.009764120113357606	0.008654059110257791	1576	tags=26%, list=11%, signal=23%	7153/8438/9319/5888/10635/146956/201254/9985/83990/29893
GO:0140527	reciprocal homologous recombination	38	0.7330318680728525	1.7789728344073947	4.782201819452684e-4	0.009764120113357606	0.008654059110257791	1576	tags=26%, list=11%, signal=23%	7153/8438/9319/5888/10635/146956/201254/9985/83990/29893
GO:0051293	establishment of spindle localization	42	0.7135506785117406	1.7674978386199838	4.767810495567563e-4	0.009764120113357606	0.008654059110257791	610	tags=19%, list=4%, signal=18%	5347/9700/1058/10403/10615/4085/89958/1072
GO:0030217	T cell differentiation	268	-0.3283243602776504	-1.3556097858786582	5.045647619379383e-4	0.0102626931922415	0.009095950529592323	2663	tags=29%, list=19%, signal=24%	30009/6670/6775/2625/6654/814/10125/648/84433/3604/8809/6932/64919/2475/673/11221/57630/51463/972/944/5590/3726/4092/441478/399/7248/3111/678/7471/149041/57492/259307/6097/3981/1880/3570/4297/9840/6601/196528/56253/3575/64410/1236/3122/9308/51176/64332/538/3702/3659/3707/940/23598/4063/860/54542/5788/9093/3553/5734/23240/10892/55626/6777/55716/29102/3716/51561/1386/920/149233/2841/6595/9655/10385/5293/7048
GO:0000022	mitotic spindle elongation	10	0.9090179621095222	1.7669943949856732	5.193422277661996e-4	0.010523097839414743	0.009326750354160248	219	tags=50%, list=2%, signal=49%	9212/332/24137/55143/9493
GO:0007095	mitotic G2 DNA damage checkpoint signaling	36	0.7346676468933457	1.7754132597140178	5.243410828498639e-4	0.010584142539798959	0.009380855018928788	596	tags=22%, list=4%, signal=21%	5347/51514/63967/90381/983/1111/672/29980
GO:1901623	regulation of lymphocyte chemotaxis	20	-0.7348134362877743	-2.0040505809875793	5.271458390948067e-4	0.01060060443975934	0.009395445402257787	1884	tags=35%, list=14%, signal=30%	6375/8740/6348/80024/6351/4739/100528032
GO:0051988	regulation of attachment of spindle microtubules to kinetochore	21	0.8093752719086025	1.7893360944027394	5.430336926805198e-4	0.010838301679005579	0.009606119373378642	253	tags=29%, list=2%, signal=28%	9212/332/891/55143/4751/10615
GO:0033314	mitotic DNA replication checkpoint signaling	10	0.9086246805003013	1.7662299146034246	5.411324627220179e-4	0.010838301679005579	0.009606119373378642	127	tags=40%, list=1%, signal=40%	63967/990/90381/4998
GO:0006661	phosphatidylinositol biosynthetic process	113	-0.4319765127815591	-1.612456822228441	5.484475150542618e-4	0.01090551047658269	0.009665687352900522	2590	tags=34%, list=19%, signal=28%	122809/5155/5286/9107/5298/64924/3612/8897/9487/51447/5294/26751/56623/5287/23049/93210/55650/129303/3707/5290/7405/5289/23167/8867/472/200576/8776/4534/3635/9110/3631/8394/9655/8396/22908/30849/5293/9807
GO:1905515	non-motile cilium assembly	54	-0.5446694341100397	-1.8425356031515552	5.893239108785436e-4	0.011674747661976799	0.01034747168112708	2249	tags=33%, list=16%, signal=28%	9857/221322/10801/8195/54903/583/5108/22994/26005/200894/79659/585/57096/79738/26160/27185/57562/11190
GO:0030174	regulation of DNA-templated DNA replication initiation	14	0.8667769422086639	1.7898221584925322	6.365647371776527e-4	0.012508575380142462	0.011086503388746624	1128	tags=64%, list=8%, signal=59%	81620/4171/90381/4173/4175/4176/4174/51053/1017
GO:0060485	mesenchyme development	180	-0.3691464908357641	-1.4458367812568722	6.382628547066963e-4	0.012508575380142462	0.011086503388746624	2341	tags=25%, list=17%, signal=21%	23275/2475/2043/23272/4040/30812/25800/10500/1942/4092/84541/54796/283149/57669/55223/324/144165/8829/9231/4194/3280/51176/10505/10439/8313/3553/23122/753/4851/2254/90102/9241/55746/57181/27250/84172/7074/11096/10507/8642/54910/4089/7048/10016/7046
GO:0043161	proteasome-mediated ubiquitin-dependent protein catabolic process	419	0.47134290108568067	1.363445872130344	6.384560899603583e-4	0.012508575380142462	0.011086503388746624	1892	tags=22%, list=14%, signal=20%	5347/11065/3429/991/51514/91319/9928/7345/857/1191/11315/5687/7353/51465/5694/6790/10952/5714/5690/7184/5691/5692/10213/27351/55829/550/5695/51529/5702/5689/150684/6923/899/5887/5713/5688/122416/3309/5700/5886/811/7466/5704/10134/9978/5717/7341/5701/5708/6880/5685/25906/3093/5686/55741/25853/4121/11047/1017/55432/9861/27248/5707/5719/4130/127733/165324/5710/90637/5684/23640/25793/65992/1601/80176/5705/83590/80232/10221/149603/55101/6449/9921/29979/7326/7319/23190/9491/997/55294/23327/79176
GO:0000727	double-strand break repair via break-induced replication	11	0.8986753726022269	1.7820980356341223	7.42786303128593e-4	0.014499297470228104	0.012850904731590503	696	tags=64%, list=5%, signal=60%	51659/8318/4171/4173/4175/4176/4174
GO:0006611	protein export from nucleus	57	0.671833302448297	1.7319889269044313	7.47222042157521e-4	0.014532650593640254	0.012880466012911245	875	tags=21%, list=6%, signal=20%	3429/11315/2621/7295/10541/7531/27351/10204/1020/811/5901/55437
GO:0042742	defense response to bacterium	176	0.5549753007230642	1.5665618023536474	7.577269608204783e-4	0.014683370815317561	0.013014051189287988	1491	tags=20%, list=11%, signal=18%	3500/6035/3512/140823/8347/3502/8343/3148/3494/8349/85236/3493/8970/6403/8339/3934/5473/6279/6283/28912/1535/6280/3507/51316/1991/2197/3501/283/3503/2209/6037/51257/820/11117/3592/1051
GO:0043388	positive regulation of DNA binding	31	0.7471123665801653	1.761046575953509	7.640048715838614e-4	0.014751383915472455	0.013074332032024356	1443	tags=35%, list=10%, signal=32%	4830/11315/3148/7295/1950/5468/8721/10542/3146/3005/65992
GO:0044774	mitotic DNA integrity checkpoint signaling	82	0.6101851283954656	1.639164362721542	7.961175303623953e-4	0.015315921730329259	0.013574688803861173	677	tags=16%, list=5%, signal=15%	5347/51514/51512/63967/990/90381/983/4998/1111/672/29980/51065/146956
GO:0007064	mitotic sister chromatid cohesion	30	0.7510156560485113	1.7687176315904702	9.286325773517489e-4	0.017801018002544855	0.015777260032477463	340	tags=20%, list=2%, signal=20%	991/699/113130/157570/151648/79075
GO:0046856	phosphatidylinositol dephosphorylation	25	-0.6701137080165499	-1.9014584145264408	9.42245427666251e-4	0.0179972253908009	0.01595116104108081	2361	tags=44%, list=17%, signal=37%	9107/8897/3633/56623/66036/8867/8776/4534/3635/9110/22908
GO:0031100	animal organ regeneration	46	0.6794000834724897	1.698414483700729	9.607202954820872e-4	0.018284565909371584	0.016205834458000473	702	tags=20%, list=5%, signal=19%	890/7298/983/2621/6790/2623/2146/5111/133
GO:0097009	energy homeostasis	48	-0.5567504427207207	-1.8616104874588388	9.794145261063873e-4	0.01857402138655138	0.0164623823886097	2077	tags=33%, list=15%, signal=28%	8013/23178/2308/154/130399/7442/9975/5290/55198/79718/32/5562/5467/23411/6653/23378
GO:0009069	serine family amino acid metabolic process	26	0.7691714660098278	1.7635495001787165	0.0010152914977244014	0.019186129047423176	0.017004900896936875	1492	tags=46%, list=11%, signal=41%	2731/1719/26227/29968/6472/5723/6470/10247/4522/4357/51380/23657
GO:0042772	DNA damage response, signal transduction resulting in transcription	17	0.8132669565445725	1.7338910965699588	0.0010194105252568058	0.019195896427892288	0.017013557845740334	647	tags=29%, list=5%, signal=28%	2305/675/10467/10459/51065
GO:0031640	killing of cells of another organism	43	0.68879234664613	1.7104062116294967	0.0010316801021460229	0.019290607945039142	0.01709750182208386	1712	tags=26%, list=12%, signal=22%	140823/85236/8970/2597/5196/6283/1991/3151/598/820/383
GO:0141061	disruption of cell in another organism	43	0.68879234664613	1.7104062116294967	0.0010316801021460229	0.019290607945039142	0.01709750182208386	1712	tags=26%, list=12%, signal=22%	140823/85236/8970/2597/5196/6283/1991/3151/598/820/383
GO:0051447	negative regulation of meiotic cell cycle	10	0.8967716976444775	1.7431894961044352	0.0010730107408439744	0.019993266566285105	0.017720276754386876	313	tags=40%, list=2%, signal=39%	9088/9319/7272/26271
GO:0048015	phosphatidylinositol-mediated signaling	21	-0.6977090453857646	-1.9116156811669858	0.0010848523907687566	0.02012877078722877	0.017840375803161546	2774	tags=48%, list=20%, signal=38%	5297/5286/5298/5294/5287/5335/5290/5289/6198/5293
GO:0031145	anaphase-promoting complex-dependent catabolic process	22	0.779365466304733	1.7389276238975935	0.0010878374904713616	0.02012877078722877	0.017840375803161546	1128	tags=27%, list=8%, signal=25%	5347/11065/991/51529/25906/1017
GO:0003002	regionalization	210	-0.3402081700332151	-1.3712188588086378	0.001099890243665292	0.020281367157412945	0.01797562383291264	2373	tags=28%, list=17%, signal=24%	5663/54475/1952/23272/4040/51684/55172/204851/83852/8312/221322/5916/441478/7471/92/221400/57669/123872/718/84976/8195/10818/199221/57728/4297/54903/144165/8829/5727/7476/3280/51176/3212/497189/8861/26005/5567/7289/200894/8313/4853/79659/93/79809/7832/84100/472/4851/25914/1399/9241/26160/9968/57534/6045/23552/4089/7048/7046
GO:0071312	cellular response to alkaloid	27	0.7652702347865757	1.7664961469660174	0.0011247228699788206	0.020667752324541846	0.018318081733557055	2027	tags=48%, list=15%, signal=41%	890/5888/1111/6507/598/6262/7052/6506/6263/79041/641/839/1393
GO:0051205	protein insertion into membrane	65	0.6387968908437751	1.6719690880543978	0.0012022051219524599	0.02201563950132185	0.019512730628325876	2433	tags=43%, list=18%, signal=36%	140823/26521/56851/55969/10430/26519/439/8266/4580/9697/56993/26517/10328/51234/23788/55831/29927/581/6449/9141/10452/23420/10651/79568/51016/54499/56926/51608
GO:0010498	proteasomal protein catabolic process	476	0.45826127302087993	1.3288002879606549	0.0012265989785609085	0.02238543135873658	0.01984048167556884	1892	tags=21%, list=14%, signal=19%	5347/11065/3429/991/51514/91319/9928/7345/857/23753/1191/11315/5687/7353/51465/5694/6790/10952/5714/5690/7184/5691/5692/10213/27351/55829/550/5695/51529/5702/5689/150684/6923/899/5887/5713/5688/122416/81502/3309/5700/5886/811/7466/5704/10134/9978/5717/7341/5701/5708/6880/5685/25906/2876/3093/5686/55741/25853/4121/11047/1017/55432/9861/27248/5707/5719/4130/127733/165324/5710/90637/5684/23640/25793/5696/65992/1601/5721/80176/5705/83590/80232/10221/149603/55101/6449/9921/29979/7326/7319/7314/23190/7494/9491/997/80700/55294/23327/79176
GO:0072132	mesenchyme morphogenesis	27	-0.6591324730719588	-1.9008961537803668	0.001259930084109274	0.022837304143599732	0.020240982052983577	1567	tags=37%, list=11%, signal=33%	324/4194/51176/4851/9241/11096/8642/4089/7048/7046
GO:0046632	alpha-beta T cell differentiation	111	-0.40852130976608	-1.5251144546053186	0.0012575110244591303	0.022837304143599732	0.020240982052983577	2663	tags=33%, list=19%, signal=27%	30009/6775/2625/8809/64919/2475/673/57630/944/5590/3726/4092/149041/6097/1880/3570/4297/64410/3122/9308/51176/64332/538/3702/3659/3707/4063/54542/5734/10892/3716/51561/1386/149233/2841/9655/7048
GO:0009611	response to wounding	377	0.48028690965428456	1.3896622617673582	0.001281933250665876	0.023157363704401534	0.020524654757315915	1929	tags=25%, list=14%, signal=22%	983/1719/857/10398/2621/340205/5468/6790/6403/80739/388931/4192/2623/5196/7035/2815/4131/6281/22915/375033/51206/1192/3690/4638/966/71/51330/9158/2811/5627/3998/27243/2335/239/135228/5879/81027/9002/2162/79602/3043/94121/1465/25828/128866/2876/302/2624/6507/1230/5792/83999/7450/5605/150/2048/6532/5478/706/7429/3673/7168/83706/5154/60/6506/581/2152/947/11117/56963/710/3315/23657/2161/94/2153/29071/2281/196527/5025/3265/7076/5028/79001/7494/177/4921/10627/4914/2207/7001/2923/2896
GO:0009162	deoxyribonucleoside monophosphate metabolic process	18	0.8058448261072442	1.732013643155876	0.0013181465642025964	0.023651188689008874	0.020962337882605177	1559	tags=44%, list=11%, signal=39%	7083/7298/56953/1854/7378/6470/10591/1716
GO:0071900	regulation of protein serine/threonine kinase activity	221	0.5190123545191501	1.485705750372649	0.0013175229609022614	0.023651188689008874	0.020962337882605177	1802	tags=18%, list=13%, signal=16%	5347/890/9088/9133/990/993/1033/891/7345/1031/1950/5468/6622/808/5577/2146/6283/899/9134/6547/1991/1029/898/1032/10961/56647/5605/150/10253/5154/60/8812/10221/3265/9555/896/8754/5575/641/29108
GO:0045048	protein insertion into ER membrane	28	0.735220934408052	1.7119726509635185	0.0013941261553053108	0.024847151443551846	0.02202233430330903	2433	tags=57%, list=18%, signal=47%	56851/55969/10430/439/8266/9697/10328/51234/55831/29927/6449/23420/51016/54499/56926/51608
GO:0048469	cell maturation	116	0.5701933144034538	1.5676109868940347	0.0013908754169696248	0.024847151443551846	0.02202233430330903	2371	tags=26%, list=17%, signal=22%	7298/9319/9928/168620/25893/5468/6790/26271/675/712/8419/283/2624/6886/342618/3021/7855/9985/3020/56975/5139/65010/22933/116151/2034/9334/2539/83853/351/2629
GO:0051782	negative regulation of cell division	11	0.8860140307749153	1.756990245783814	0.0014218895808296526	0.025257498587470728	0.02238602999713211	242	tags=36%, list=2%, signal=36%	9212/259266/144455/79733
GO:0048145	regulation of fibroblast proliferation	68	0.6293193990562058	1.6624527434970022	0.0014376138951651177	0.025451974908089408	0.022558396739310663	1955	tags=26%, list=14%, signal=23%	890/990/891/1869/857/2621/3690/2335/8877/4602/6277/5154/581/3265/1019/4921/55845/4724
GO:0051604	protein maturation	413	0.47300331890359637	1.36949214388505	0.001464914715119915	0.025849438797596117	0.022910673847135094	3217	tags=36%, list=23%, signal=29%	81567/10549/5479/90701/23753/1191/30968/10130/29100/9601/51303/10954/7184/2815/9935/6281/64374/5201/4706/3690/5046/28972/10856/83596/2811/1718/9789/81502/3309/3998/9526/30001/27247/51647/811/7466/5034/2162/64215/55851/10961/573/51218/51726/302/2023/444/5478/10574/5641/1514/388962/7266/1155/81611/572/79031/7203/60559/23640/2590/2152/8996/11328/23184/3315/23770/2161/8728/6902/23071/715/2281/10098/10726/7850/824/10539/51645/22948/8260/56265/9141/5611/10694/84191/2923/2896/10525/839/3329/55898/284106/54997/2280/5910/9403/5045/29934/5054/1861/5552/5202/1522/4241/5230/23478/5203/51182/143458/2157/23557/10283/402/10422/2934/5768/142/51126/8530/134492/51107/908/25825/5270/91419/55847/10269/57003/10273/4802/8570/540/340348/7036/7265/55768/54760/7056/548645/840/7057/220869/284325/122961/64065/27433/64110/4669/3308
GO:0032148	activation of protein kinase B activity	14	0.849569626970357	1.754290486384123	0.001471389494536663	0.02587800203427682	0.022935989793246507	1154	tags=50%, list=8%, signal=46%	11315/2621/7295/9270/283/150/5478
GO:0009791	post-embryonic development	74	-0.4642858234336766	-1.668676515783287	0.001482357120593451	0.02598513518303454	0.023030943213652406	2373	tags=32%, list=17%, signal=27%	5663/64919/51542/2475/10765/7543/57493/4929/1990/3708/4297/64072/55224/5326/23515/3658/54542/93/472/48/26058/59338/57282/7046
GO:0045143	homologous chromosome segregation	36	0.7080641292380051	1.7111226404114577	0.001493115301646101	0.026087906368760894	0.023122030572859557	1673	tags=28%, list=12%, signal=24%	5347/9700/9319/9232/9134/898/9985/83990/29893/84072
GO:0009262	deoxyribonucleotide metabolic process	37	0.7045416293229035	1.7056344349225354	0.0015030461732429728	0.026090335691243652	0.023124183711096244	1647	tags=38%, list=12%, signal=33%	6241/7298/1841/56953/1854/4913/7378/6470/2987/79077/6240/51071/1716/79873
GO:0019692	deoxyribose phosphate metabolic process	37	0.7045416293229035	1.7056344349225354	0.0015030461732429728	0.026090335691243652	0.023124183711096244	1647	tags=38%, list=12%, signal=33%	6241/7298/1841/56953/1854/4913/7378/6470/2987/79077/6240/51071/1716/79873
GO:0046825	regulation of protein export from nucleus	32	0.7279141835140359	1.7198902030085825	0.0015276603857458824	0.02636132829345172	0.02336436776974408	715	tags=22%, list=5%, signal=21%	3429/11315/2621/7295/10541/7531/1020
GO:0003007	heart morphogenesis	145	-0.3826425175545284	-1.4611387421132456	0.0015285514060192499	0.02636132829345172	0.02336436776974408	2373	tags=29%, list=17%, signal=24%	5663/2475/10454/51684/79810/54583/83852/9510/1942/4092/57493/123872/8195/324/54903/144165/8829/5727/196528/4194/3280/26005/10439/200894/8313/4853/4851/115701/1399/9241/26160/57534/1386/27250/10427/1901/11096/8642/221496/4089/7048/7046
GO:0001556	oocyte maturation	23	0.7651766594213505	1.7203064025321912	0.0015841364560453548	0.027231816691179665	0.02413589228616471	1938	tags=43%, list=14%, signal=37%	9319/6790/26271/675/283/3021/9985/3020/5139/22933
GO:2000402	negative regulation of lymphocyte migration	13	-0.7696881623810603	-1.8078632567553192	0.0018416753412623824	0.031557195799315874	0.02796952870619161	2917	tags=62%, list=21%, signal=49%	9750/4345/8976/375056/257144/23143/131450/100528032
GO:0003279	cardiac septum development	67	-0.4877853809996075	-1.7194677502338833	0.0018709388689613037	0.031955875745816625	0.028322883620207052	2222	tags=31%, list=16%, signal=26%	10454/51684/25831/11064/54583/4092/57493/10818/54903/8829/4194/3280/84516/4853/4851/9241/7541/9794/4089/7048/7046
GO:1901657	glycosyl compound metabolic process	65	0.6281408360990404	1.644078228863962	0.0018830854982748993	0.032060583451459866	0.028415687340707832	1685	tags=28%, list=12%, signal=24%	7083/1841/9582/7378/2079/4521/200315/3251/27350/51251/164668/4833/10591/51071/56952/1716/23463/2990
GO:1901605	alpha-amino acid metabolic process	139	0.5452769319366273	1.5177199917949595	0.0019025324402083617	0.03228852029895019	0.028617710557207236	2219	tags=28%, list=16%, signal=24%	5831/2731/1719/11315/26227/3028/5352/29968/38/5092/6472/5723/6470/10247/4522/441024/1428/2184/4357/51380/2752/6611/84706/23564/642/23657/23463/55256/383/7351/8833/64116/2954/5832/2806/22929/3081/63826/587
GO:0072539	T-helper 17 cell differentiation	28	-0.6299395371245738	-1.8327317035927286	0.0020268320458181415	0.034180341684066064	0.030294454995289814	2046	tags=43%, list=15%, signal=37%	3726/4092/149041/6097/3570/64332/4063/54542/10892/3716/51561/149233
GO:0009394	2'-deoxyribonucleotide metabolic process	36	0.7002044497666519	1.6921287739882527	0.002025534751170625	0.034180341684066064	0.030294454995289814	1647	tags=36%, list=12%, signal=32%	6241/7298/1841/56953/1854/4913/7378/6470/2987/79077/6240/1716/79873
GO:0051099	positive regulation of binding	104	0.565637305141325	1.5496010817180965	0.0021564451726462947	0.03625140796540096	0.032130066377764985	1443	tags=18%, list=10%, signal=16%	81620/4830/857/11315/3148/7295/1950/5468/3925/8721/10542/51053/5901/7122/302/3146/10211/3005/65992
GO:0006457	protein folding	180	0.5293180574144976	1.494316345355136	0.002190880691562813	0.036714475488485006	0.0325404887886208	2050	tags=28%, list=15%, signal=24%	81567/10549/5479/23753/1191/10130/9601/51303/10954/7184/64374/5201/10856/3309/3998/9526/30001/811/7466/5034/64215/10961/573/51726/5478/10574/7266/1155/81611/79031/7203/23640/11328/23184/3315/23770/6902/23071/2281/10726/51645/22948/9141/5611/10694/2923/2896/10525/3329/55898
GO:0050830	defense response to Gram-positive bacterium	59	0.6319127423001492	1.6314698672598047	0.0022478195086253878	0.037550564769481785	0.03328152494704543	1472	tags=24%, list=11%, signal=21%	6035/140823/8347/8343/3148/8349/85236/8970/8339/2197/283/6037/820/3592
GO:0040001	establishment of mitotic spindle localization	32	0.7196344917897614	1.7003272366548208	0.002451580338109401	0.040826473818078114	0.03618500321413448	542	tags=19%, list=4%, signal=18%	5347/9700/1058/10403/4085/89958
GO:0045740	positive regulation of DNA replication	34	0.6975381127073408	1.6655700417697155	0.002464339511991078	0.04091110672710422	0.03626001439679937	1198	tags=29%, list=9%, signal=27%	81620/983/144455/1950/79733/5111/79915/1017/1763/6742
GO:0051262	protein tetramerization	66	0.6152952962741197	1.6211331120723673	0.0025241752752997973	0.041774316900846646	0.03702508813426019	1581	tags=21%, list=11%, signal=19%	7083/6241/3028/7161/6622/6472/6470/89872/3251/2801/6742/6240/6263/226
GO:0060623	regulation of chromosome condensation	13	0.8421596051136401	1.7093741783438392	0.0025507279776553243	0.0419531771386581	0.037183614151200264	1351	tags=54%, list=10%, signal=49%	64151/23397/10051/10592/54892/3021/3020
GO:0006613	cotranslational protein targeting to membrane	23	0.752182675127689	1.6910927116811227	0.002547274759669838	0.0419531771386581	0.037183614151200264	2594	tags=57%, list=19%, signal=46%	10952/6746/6727/64374/6747/6731/9697/58477/29927/6029/11231/6745/6729
GO:0006122	mitochondrial electron transport, ubiquinol to cytochrome c	13	0.8413646671431774	1.7077606523187923	0.0025786045101932756	0.042281179799446046	0.03747432692222584	1412	tags=69%, list=10%, signal=62%	7388/29796/27089/7386/440567/1537/7384/7381/10975
GO:0140053	mitochondrial gene expression	160	0.5313859338851101	1.495293976706774	0.0026180764614710324	0.04279671614472127	0.037931253092090805	2928	tags=41%, list=21%, signal=33%	64960/51253/3028/54998/7284/10573/122704/64976/708/65003/90480/6472/64975/29093/54516/2617/65993/64979/51073/84300/6183/51258/128308/6150/65005/79590/55052/6182/3035/3396/51204/65008/51021/116541/28998/28958/118487/57129/54948/219927/51116/28957/51642/55168/124995/84769/51264/78988/51023/64963/9553/2309/7818/64928/400916/64981/11222/84545/5188/63931/56945/81554/26995/64969/29088/9801
GO:0030219	megakaryocyte differentiation	53	0.6561928477842323	1.6711044701855584	0.0026577293548786336	0.04331204811054507	0.038387998117947623	1223	tags=32%, list=9%, signal=29%	3148/80739/8365/2623/5196/2815/8294/8364/10826/2811/4211/222166/2624/3692/6886/4602/79876
GO:0033622	integrin activation	17	0.7861735128012413	1.676127676448258	0.0027184522583324463	0.04409122713748375	0.03907859402196316	1332	tags=41%, list=10%, signal=37%	51237/9928/6403/9270/2335/83700/83706
GO:0010638	positive regulation of organelle organization	409	0.4613156275853975	1.3354625549569632	0.002722089271576685	0.04409122713748375	0.03907859402196316	1958	tags=18%, list=14%, signal=16%	11065/9212/991/699/9700/9787/64151/23397/6382/4751/983/11315/10733/6491/2237/1950/10615/6790/10635/79035/6622/4131/6281/5216/51529/54732/2017/10856/8936/7481/3998/9270/5879/8607/10051/7416/8877/10592/638/286/302/6886/1017/10574/6742/56947/54892/998/7429/7168/572/10109/342184/55062/7203/25793/581/29899/4733/6836/9555/22948/29844/9141/29108/10694/55835/85477/55845/9948/2896/22933/382
GO:0034508	centromere complex assembly	29	0.7278998644337915	1.70659214643037	0.0028581128603589146	0.046154192220765625	0.040907025213494264	1351	tags=41%, list=10%, signal=37%	55355/1058/9787/1063/1062/387103/79172/55839/2491/201254/3021/3020
GO:0032527	protein exit from endoplasmic reticulum	41	0.6910880793652124	1.7001308034826672	0.0028820381765200806	0.04633499964973155	0.0410672770497764	1170	tags=32%, list=8%, signal=29%	91319/7353/51465/10952/7184/55829/550/81502/6396/10134/55741/55432/27248
GO:0009123	nucleoside monophosphate metabolic process	65	0.6176664770006761	1.6166629347686603	0.002886699171272448	0.04633499964973155	0.0410672770497764	2246	tags=31%, list=16%, signal=26%	7083/7298/1841/56953/1854/7378/4354/6470/3251/2987/10606/10591/1716/158/9414/8833/7371/318/205/100
GO:0042744	hydrogen peroxide catabolic process	19	0.7983344174755856	1.7385510064723941	0.0029347848030471927	0.046965370016331796	0.04162598201761578	1028	tags=53%, list=7%, signal=49%	10549/3045/25824/6622/5052/3040/3049/3043/2876/3039
GO:0032200	telomere organization	163	0.5250651899108658	1.4789503776927617	0.002955950523432073	0.04716245610589676	0.04180066182993921	2317	tags=27%, list=17%, signal=23%	9212/5888/9156/4751/9401/80119/2237/79035/8365/8357/675/8294/8364/2146/10856/10459/55505/5111/9134/8607/898/84444/55651/10574/1763/3021/3020/7203/54433/22948/29844/641/10694/8367/22933/3183/55135/6119/79677/197370/125476/112441434/6672/3184
GO:0060977	coronary vasculature morphogenesis	12	-0.7674642572512531	-1.7660643182765918	0.003053717077990266	0.048576890473463065	0.04305429231403715	1721	tags=50%, list=12%, signal=44%	29072/8829/196528/4851/10427/7046
GO:0044070	regulation of monoatomic anion transport	12	-0.7668700844917179	-1.7646970268365119	0.003105916109629538	0.04926019925064228	0.04365991724281872	827	tags=42%, list=6%, signal=39%	285966/9747/57120/5243/8737
GO:0009219	pyrimidine deoxyribonucleotide metabolic process	21	0.7715399608635187	1.705691226508174	0.003149263398999912	0.049799479683295345	0.04413788808781073	1182	tags=38%, list=9%, signal=35%	7298/1841/56953/1854/4913/7378/6470/79077
