gene_id	limma_logFC	limma_AveExpr	limma_t	limma_pvalue	limma_padj	limma_B	ensembl_gene_id	limma_significant
ENSG00000187837	1.735879277200226	4.4199041190000035	11.097439742480642	3.974728193260829e-13	3.2136189190839637e-9	19.884643282005484	ENSG00000187837	upregulated
ENSG00000167900	2.9853286843705713	4.052464333344638	11.148768700485777	4.1439315526550146e-13	3.2136189190839637e-9	19.85373048288966	ENSG00000167900	upregulated
ENSG00000211896	5.234464342953397	9.403227831038638	10.930433420922947	8.208449833762401e-13	3.871468052704879e-9	19.162874929914814	ENSG00000211896	upregulated
ENSG00000135476	2.7883560695713188	1.358592925803228	10.73440176008894	9.984443720708907e-13	3.871468052704879e-9	18.66627759301142	ENSG00000135476	upregulated
ENSG00000111206	2.856850077838925	1.7519609242232859	10.324858006379973	2.8805531025194492e-12	8.935475724015331e-9	17.76186898663265	ENSG00000111206	upregulated
ENSG00000066279	2.7851108147719015	1.6743419475391685	10.122056353382655	4.907392944697507e-12	1.1219334428123542e-8	17.247973903152293	ENSG00000066279	upregulated
ENSG00000171848	3.545857628562925	4.594349249494009	10.210171740437426	5.063529400184706e-12	1.1219334428123542e-8	17.39406459090411	ENSG00000171848	upregulated
ENSG00000123485	3.066314330483824	1.6022779158202223	9.822101337973741	1.129690815353184e-11	1.752150454612788e-8	16.43999901606597	ENSG00000123485	upregulated
ENSG00000007968	1.689403576682293	4.041070357337489	9.689617119738257	1.5562523195508133e-11	2.186816072549801e-8	16.268786048451396	ENSG00000007968	upregulated
ENSG00000170476	3.4246422854565663	5.741866219942334	9.751115927342484	1.6919273288586467e-11	2.186816072549801e-8	16.150269699340384	ENSG00000170476	upregulated
ENSG00000123131	1.0732892766631563	4.993218829595889	9.578833419768655	2.0994214560891498e-11	2.32571038495507e-8	15.906290787701021	ENSG00000123131	upregulated
ENSG00000146670	2.7802524692219186	2.010730337273924	9.58368806471674	2.160357748935013e-11	2.32571038495507e-8	15.893244212384136	ENSG00000146670	upregulated
ENSG00000148773	2.9698864324656578	4.293176044551795	9.615794181980613	2.2492363490861414e-11	2.32571038495507e-8	15.918833176501527	ENSG00000148773	upregulated
ENSG00000165409	2.296636976971408	0.24388077213973175	9.491887293275814	2.6587964682144877e-11	2.544740928077765e-8	15.365147970241653	ENSG00000165409	upregulated
ENSG00000166851	3.6473675006144815	2.3917986270678218	9.49185493197352	3.0253167012617055e-11	2.544740928077765e-8	15.59230070159267	ENSG00000166851	upregulated
ENSG00000157445	-2.2395158009268465	2.297473400624187	-9.441815378821758	3.047592892740201e-11	2.544740928077765e-8	15.589464002515115	ENSG00000157445	downregulated
ENSG00000101057	3.3956008887342652	4.865826543165534	9.521175268611254	3.117348654640718e-11	2.544740928077765e-8	15.582415666528226	ENSG00000101057	upregulated
ENSG00000072571	2.710991970069778	0.7967856099885682	9.400504861219188	3.411644991579862e-11	2.6457306909701833e-8	15.26006212200909	ENSG00000072571	upregulated
ENSG00000211592	3.0030210559187154	10.40451476974174	9.446417697132622	3.808181101806217e-11	2.8126137566197348e-8	15.355615663939464	ENSG00000211592	upregulated
ENSG00000127564	2.9631297004453065	2.0120283444288245	9.363255154309778	4.0843604125877383e-11	2.8794740908743556e-8	15.282446651028412	ENSG00000127564	upregulated
ENSG00000131747	3.040732751631453	3.651986402380815	9.329565526947086	4.8590524149328333e-11	3.269185012964971e-8	15.179013463160498	ENSG00000131747	upregulated
ENSG00000090889	3.3783097180573214	0.7220928699892424	9.248587099378721	5.333058926315956e-11	3.269185012964971e-8	14.80129291297577	ENSG00000090889	upregulated
ENSG00000017483	1.457547281720994	4.917927212493293	9.241807463343873	5.387720832690283e-11	3.269185012964971e-8	14.977799209420503	ENSG00000017483	upregulated
ENSG00000088325	2.915403293823691	3.0116467765316024	9.272748245365706	5.480258564609236e-11	3.269185012964971e-8	15.060171411100654	ENSG00000088325	upregulated
ENSG00000085999	2.6674702810882907	0.5213387607712763	9.200629644811505	5.907835424068606e-11	3.3937232380482994e-8	14.692191076248584	ENSG00000085999	upregulated
ENSG00000156970	2.6419193539483428	1.4633766437700542	9.116467532258623	7.456014155865779e-11	4.130099269909937e-8	14.648998075140575	ENSG00000156970	upregulated
ENSG00000211679	3.3408357770760393	7.543430317410855	9.171613993458825	7.998029929731886e-11	4.244298791238234e-8	14.55761620500351	ENSG00000211679	upregulated
ENSG00000143476	2.927426808688043	2.3037907850045984	9.113329145793971	8.209475418255772e-11	4.244298791238234e-8	14.638798762015574	ENSG00000143476	upregulated
ENSG00000121152	1.8813957631761722	2.4748476098794647	9.05965950398784	8.728814569634128e-11	4.3031297905205346e-8	14.593243100654735	ENSG00000121152	upregulated
ENSG00000132465	3.391780114946596	7.698135868222484	9.133239582914399	8.878153017192592e-11	4.3031297905205346e-8	14.454950568404772	ENSG00000132465	upregulated
ENSG00000167513	2.606900188799469	1.9392176257874312	9.05050974919957	9.219781096281647e-11	4.310463157202417e-8	14.501846813984734	ENSG00000167513	upregulated
ENSG00000175063	3.297211644570505	2.1557285566560402	9.068818706207503	9.513752952270145e-11	4.310463157202417e-8	14.481071318860733	ENSG00000175063	upregulated
ENSG00000115163	3.3215259868766203	0.14286229710948	9.020717394283885	9.727028401165995e-11	4.310463157202417e-8	14.112267009534863	ENSG00000115163	upregulated
ENSG00000164087	1.5131633615079045	2.291556449816135	8.984186028973427	1.0768868900478385e-10	4.6395876846227704e-8	14.384083614583886	ENSG00000164087	upregulated
ENSG00000124575	1.3768676875393666	4.610931977086005	8.960719098435582	1.1497289891883898e-10	4.819539627651872e-8	14.242544622710211	ENSG00000124575	upregulated
ENSG00000178999	2.9690445057991774	2.0715317762336345	8.974353543144487	1.201761915912831e-10	4.905086135738949e-8	14.255222350016748	ENSG00000178999	upregulated
ENSG00000171241	2.961242880840051	2.7587765487378753	8.964893729049344	1.2761069633792065e-10	5.072783689515512e-8	14.232807527384962	ENSG00000171241	upregulated
ENSG00000184357	2.9815806780971	1.2078903708672495	8.909023659246948	1.3710083282525484e-10	5.072783689515512e-8	14.029183117616453	ENSG00000184357	upregulated
ENSG00000092853	2.4565181723733165	1.8664931569371264	8.898811545410497	1.3736745000622278e-10	5.072783689515512e-8	14.11546474670889	ENSG00000092853	upregulated
ENSG00000142945	2.7682345591531208	1.94807616903659	8.87753333422585	1.5445376298027637e-10	5.304493265277572e-8	14.007313461685442	ENSG00000142945	upregulated
ENSG00000168298	1.4402859500224023	5.200983244477364	8.8663066460408	1.576075946723234e-10	5.304493265277572e-8	13.889104037605938	ENSG00000168298	upregulated
ENSG00000276043	2.519945690856971	3.167235618421468	8.878220137380199	1.5960318042726944e-10	5.304493265277572e-8	14.015734260745852	ENSG00000276043	upregulated
ENSG00000117399	3.4839228839190826	2.755704772141464	8.891833575435584	1.612139630152426e-10	5.304493265277572e-8	14.003987407932364	ENSG00000117399	upregulated
ENSG00000237649	2.51813132548894	1.6002912165912242	8.834267449749541	1.6416226739737167e-10	5.304493265277572e-8	13.918651183085856	ENSG00000237649	upregulated
ENSG00000161888	2.686289943857084	0.5879036871778341	8.81349159871196	1.7362834911173602e-10	5.388153266569613e-8	13.70957799497959	ENSG00000161888	upregulated
ENSG00000111291	3.2646687953447535	0.1232106357550097	8.813346097712467	1.7369933161088373e-10	5.388153266569613e-8	13.582932710890383	ENSG00000111291	upregulated
ENSG00000135451	3.253682231213828	0.9142605213988715	8.773141097752546	2.046110200997108e-10	6.102917157204835e-8	13.599122531476798	ENSG00000135451	upregulated
ENSG00000211956	3.906435988098816	5.991117359557239	8.818543858466978	2.1048911252559898e-10	6.159785160890641e-8	13.63945377358614	ENSG00000211956	upregulated
ENSG00000108641	1.5823244465836337	0.8327191841606163	8.705460461948649	2.353612436237165e-10	6.572456125185792e-8	13.494315455011611	ENSG00000108641	upregulated
ENSG00000239672	1.140731539378852	3.61382641453968	8.7044084832111	2.360611662539637e-10	6.572456125185792e-8	13.59959499151749	ENSG00000239672	upregulated
ENSG00000122952	2.1520722706193665	3.710049975702194	8.733706008640892	2.3730338040645025e-10	6.572456125185792e-8	13.603935604053046	ENSG00000122952	upregulated
ENSG00000131153	2.6025017352961237	2.1579867663282393	8.700664443602225	2.535822820273684e-10	6.900107358323655e-8	13.546938850748544	ENSG00000131153	upregulated
ENSG00000169679	2.863605794086071	3.0388702451259095	8.69529491840521	2.701835235334511e-10	7.107309091180804e-8	13.5041902872201	ENSG00000169679	upregulated
ENSG00000051341	2.033181978378285	1.804778438681997	8.656396029080371	2.703618545323452e-10	7.107309091180804e-8	13.46658745247089	ENSG00000051341	upregulated
ENSG00000171320	2.3838577328606974	0.554021476658092	8.576787719527266	3.38776409401283e-10	8.596147573939012e-8	13.09216457869349	ENSG00000171320	upregulated
ENSG00000211897	4.086173501289313	7.130858778291337	8.629137657118951	3.5604451077745757e-10	8.765476765330742e-8	13.081266522717556	ENSG00000211897	upregulated
ENSG00000211945	3.571164906130026	4.795988973461869	8.611398505920592	3.740965253496744e-10	9.065995481521016e-8	13.125329489075177	ENSG00000211945	upregulated
ENSG00000157456	3.2599245082732002	2.211588100455863	8.545425391900784	4.115885355782639e-10	9.672330586089201e-8	13.078509764143742	ENSG00000157456	upregulated
ENSG00000112984	3.1753266326216267	1.0156787678971406	8.48941723264184	4.601397588708863e-10	1.0484116581011367e-7	12.8591220565175	ENSG00000112984	upregulated
ENSG00000143228	1.9566634945413066	1.3800269640806415	8.46768918283701	4.620830030492941e-10	1.0484116581011367e-7	12.92021551143692	ENSG00000143228	upregulated
ENSG00000211673	3.8366019599076213	5.064186119540772	8.532462302158871	4.664113759444129e-10	1.0484116581011367e-7	12.89874045253546	ENSG00000211673	upregulated
ENSG00000211598	3.0673411769350505	6.83662447374241	8.51847985101803	4.850328224805446e-10	1.074694153810464e-7	12.752945289753335	ENSG00000211598	upregulated
ENSG00000244437	3.105843383594525	5.7481995427228405	8.492819317214497	5.211951444679022e-10	1.1227412070412727e-7	12.720486612075545	ENSG00000244437	upregulated
ENSG00000099958	2.5334362802202977	2.449301269270152	8.441587142557259	5.343589407916396e-10	1.1353297495449767e-7	12.836911025082774	ENSG00000099958	upregulated
ENSG00000109805	3.0449252655850128	1.5852786688511171	8.419727719441129	5.698024611885205e-10	1.1911399770839e-7	12.72632545659657	ENSG00000109805	upregulated
ENSG00000211666	3.160809332029962	6.26428843519159	8.457196411833985	5.759864492668762e-10	1.1911399770839e-7	12.59896665155485	ENSG00000211666	upregulated
ENSG00000124721	1.8045832153965193	-0.3294483900454794	8.379485615806713	5.945200310750567e-10	1.2132902213123853e-7	12.403955821333048	ENSG00000124721	upregulated
ENSG00000118193	2.4163431052118027	0.5535297744366123	8.367098183646707	6.159846113718119e-10	1.235235891139304e-7	12.535268670967236	ENSG00000118193	upregulated
ENSG00000106799	-1.04334090564707	5.849984436805119	-8.36415345891645	6.212018021203463e-10	1.235235891139304e-7	12.483441753658287	ENSG00000106799	downregulated
ENSG00000211677	3.4175137116982173	8.515788062395776	8.4252834715436	6.300288176200722e-10	1.2369299950996608e-7	12.511360000726144	ENSG00000211677	upregulated
ENSG00000075218	2.888642082703164	0.9716422013048335	8.347960218554254	6.672673611791729e-10	1.277693428628268e-7	12.511167622021171	ENSG00000075218	upregulated
ENSG00000164687	1.2322967653212298	2.731844520553815	8.322733463376949	6.995219258688343e-10	1.3231201305153194e-7	12.569685109209452	ENSG00000164687	upregulated
ENSG00000241351	2.7852867256793745	6.07864300450034	8.38300159290294	7.096538304298336e-10	1.3261121578273156e-7	12.386461917072918	ENSG00000241351	upregulated
ENSG00000123080	1.1161945668533764	2.8724792337874825	8.298196124808149	7.505724490083778e-10	1.3858784147761832e-7	12.496918747415467	ENSG00000123080	upregulated
ENSG00000211659	4.399336481251972	5.80239564191255	8.354521896856703	7.689779813278329e-10	1.4031586459287868e-7	12.37689247080444	ENSG00000211659	upregulated
ENSG00000138180	3.261180871672098	1.0981256513789577	8.300549935964005	7.983593745041805e-10	1.4232820573057288e-7	12.350400148246859	ENSG00000138180	upregulated
ENSG00000094804	2.8027041742562915	2.009315295488232	8.297952683557007	8.078843431366054e-10	1.423694254860982e-7	12.423244730822095	ENSG00000094804	upregulated
ENSG00000164045	2.959899788601624	0.17383790629822732	8.259385319552786	8.391551839690616e-10	1.4461441003733497e-7	12.164903698440476	ENSG00000164045	upregulated
ENSG00000111665	2.200783588398838	1.5603620719823874	8.207612791133075	9.74076072352593e-10	1.6245075142138404e-7	12.221036507694386	ENSG00000111665	upregulated
ENSG00000184661	3.2554964018255346	1.0638692012994806	8.204836732352945	1.0514811042595656e-9	1.716681255480617e-7	12.08727641567163	ENSG00000184661	upregulated
ENSG00000100526	2.55246519276674	1.708879234089148	8.163459989473704	1.1557222190555624e-9	1.867213710161643e-7	12.065209970335511	ENSG00000100526	upregulated
ENSG00000224373	3.606143469351423	4.843860358535107	8.190401342421158	1.2236924607128381e-9	1.9171181884501128e-7	11.947340603007259	ENSG00000224373	upregulated
ENSG00000097021	1.4755307082161648	3.8145964778501993	8.117387622502463	1.2664677710500198e-9	1.9417991531471559e-7	11.92750450910083	ENSG00000097021	upregulated
ENSG00000128228	1.1465406090370411	5.849995810603986	8.11829350830921	1.2770052457834293e-9	1.9417991531471559e-7	11.754010874257279	ENSG00000128228	upregulated
ENSG00000211949	2.9525647271640505	6.63919580599277	8.135589158539942	1.4300966928923344e-9	2.0986843290913152e-7	11.672831650939472	ENSG00000211949	upregulated
ENSG00000165304	3.0316002841578378	1.0376307390557888	8.09391436962366	1.4343039257490614e-9	2.0986843290913152e-7	11.796974702943015	ENSG00000165304	upregulated
ENSG00000140534	2.497265545188101	-0.344779608585466	8.054793008962703	1.5153455339466957e-9	2.1778797066911308e-7	11.531536172181982	ENSG00000140534	upregulated
ENSG00000145386	3.4457924861257436	2.3883723913532897	8.095465608921128	1.5196570057840393e-9	2.1778797066911308e-7	11.823606142861458	ENSG00000145386	upregulated
ENSG00000166562	1.2206099050663033	5.973781103209226	8.065330698268733	1.5335833660669736e-9	2.1778797066911308e-7	11.570136123667128	ENSG00000166562	upregulated
ENSG00000243466	3.2111714656864585	6.372602951911487	8.096346001949415	1.5992826301923656e-9	2.195121557016247e-7	11.576063945349382	ENSG00000243466	upregulated
ENSG00000138160	2.080539567127532	3.0021714383049534	8.030691346053825	1.7216922869597861e-9	2.3287253440484692e-7	11.686755282521395	ENSG00000138160	upregulated
ENSG00000211962	3.410635256646997	4.839450298805319	8.045216674403111	1.8505912045693055e-9	2.4532196224675155e-7	11.529927324270679	ENSG00000211962	upregulated
ENSG00000129195	2.426952452032327	-0.26957932066917917	7.975976066921493	1.905235909871148e-9	2.5042549967882637e-7	11.341530744954309	ENSG00000129195	upregulated
ENSG00000163808	2.1954857507660632	1.8551494941918707	7.9572177131018655	2.0201380033823335e-9	2.611028369371666e-7	11.536022172210306	ENSG00000163808	upregulated
ENSG00000011426	2.579696559978485	0.9441510109710026	7.937341805832143	2.137556251923021e-9	2.69540629815659e-7	11.417389143587261	ENSG00000011426	upregulated
ENSG00000139734	2.9563048087413852	-0.24262890438583948	7.8803058436193885	2.518001987032013e-9	3.124336865509322e-7	11.077130073369595	ENSG00000139734	upregulated
ENSG00000126787	3.830314514076436	1.2704661078189499	7.906840607327988	2.5586607374917807e-9	3.128621624972677e-7	11.258480648505063	ENSG00000126787	upregulated
ENSG00000174371	2.500631300265899	1.066632069458353	7.875266607989263	2.56179849369136e-9	3.128621624972677e-7	11.25918895821786	ENSG00000174371	upregulated
ENSG00000165480	3.109637993681241	0.8547358109523184	7.883614557832789	2.636225205391164e-9	3.1943635105950746e-7	11.20168675941552	ENSG00000165480	upregulated
ENSG00000134690	1.6927813021973839	2.516923641023049	7.851192893501297	2.7415566745500865e-9	3.270888001713219e-7	11.242451634272332	ENSG00000134690	upregulated
ENSG00000051180	2.3478631113644326	2.0715411628397398	7.863656287112895	2.768731295213977e-9	3.278093312119754e-7	11.238510207352476	ENSG00000051180	upregulated
ENSG00000135916	1.5450658286617776	6.5845554764211665	7.853118783117417	2.9795587663428795e-9	3.3800467762721276e-7	10.904549128231128	ENSG00000135916	upregulated
ENSG00000203760	1.3787816130772506	2.415819202357405	7.822038509462977	2.985599022239081e-9	3.3800467762721276e-7	11.160926607747705	ENSG00000203760	upregulated
ENSG00000140451	1.6301299772500681	1.8145207445384202	7.81282631563991	3.067198909595465e-9	3.4224643948076016e-7	11.134233003901121	ENSG00000140451	upregulated
ENSG00000119333	1.1774678298119916	4.0577617587831085	7.755463714121042	3.6286977191045326e-9	3.9357413722595315e-7	10.85778882759971	ENSG00000119333	upregulated
ENSG00000180596	1.8209107486347047	2.6466280000100038	7.750042616536135	3.7007264642976213e-9	3.9859907959205626e-7	10.946879702507204	ENSG00000180596	upregulated
ENSG00000274997	2.568919415886234	-0.2499086118217311	7.734648670267733	3.85728257343586e-9	4.0423278860804177e-7	10.697092248603052	ENSG00000274997	upregulated
ENSG00000211966	2.9068222524653855	4.917497347092709	7.7663371986092615	4.124104251304786e-9	4.264323795849149e-7	10.707749201262367	ENSG00000211966	upregulated
ENSG00000277224	2.126286933459488	0.03854235073480453	7.69128795600014	4.381402536263006e-9	4.5003677706913396e-7	10.638427216700627	ENSG00000277224	upregulated
ENSG00000169607	2.990187787748904	0.5343026222120875	7.7009397116495055	4.4263891217714626e-9	4.5166641630707484e-7	10.681020147060487	ENSG00000169607	upregulated
ENSG00000211632	3.033635234783071	1.0294191688731937	7.675182833670081	4.872971591655878e-9	4.876115444295655e-7	10.641817173460998	ENSG00000211632	upregulated
ENSG00000143603	3.854451035787393	0.7967373517534329	7.673519000907001	5.024216272809907e-9	4.947804164766292e-7	10.57390338409895	ENSG00000143603	upregulated
ENSG00000183010	2.982481724113653	1.462492803729553	7.667066865872937	5.040316299375075e-9	4.947804164766292e-7	10.640593547043684	ENSG00000183010	upregulated
ENSG00000093009	2.745613732032426	1.9310088915305272	7.630227093301194	5.632995360035223e-9	5.494827549317378e-7	10.551794267941203	ENSG00000093009	upregulated
ENSG00000065328	3.2967189828024197	1.5389432559194127	7.628378582608938	5.732434048534726e-9	5.55687825579835e-7	10.519353418404812	ENSG00000065328	upregulated
ENSG00000211947	3.010986204299223	5.515918321436509	7.62599758940554	6.192752718486388e-9	5.928987324921228e-7	10.262272489406403	ENSG00000211947	upregulated
ENSG00000112742	2.304989575012039	0.8493940134074978	7.553240290320811	6.581788867972172e-9	6.262794192775974e-7	10.350608214078882	ENSG00000112742	upregulated
ENSG00000186185	2.881348890789301	0.1910344629151395	7.5495553100742	6.717273347274794e-9	6.352738391233663e-7	10.25012363904623	ENSG00000186185	upregulated
ENSG00000137563	2.1297586473677734	2.6335167989596147	7.554288685625613	6.913694138360767e-9	6.459722655781656e-7	10.34211828534666	ENSG00000137563	upregulated
ENSG00000089685	3.5415818978300937	2.675992467903897	7.572501984143242	7.108730171202033e-9	6.60217993744572e-7	10.328255954345003	ENSG00000089685	upregulated
ENSG00000166803	2.8201139080208177	-0.05981712453070006	7.523737769674726	7.181648957425735e-9	6.607870233224068e-7	10.152385601086133	ENSG00000166803	upregulated
ENSG00000117724	1.9350942512928155	2.680086540562418	7.533364257662419	7.241815603082e-9	6.607870233224068e-7	10.292681632182827	ENSG00000117724	upregulated
ENSG00000073111	1.5441427922902862	4.580371920973254	7.542871172130872	7.242668856531861e-9	6.607870233224068e-7	10.12998834917573	ENSG00000073111	upregulated
ENSG00000170312	2.692185075936911	2.1981205416007246	7.528713146555164	7.655854514960676e-9	6.903622298083725e-7	10.256918977259915	ENSG00000170312	upregulated
ENSG00000092621	1.442665780862626	3.381044205474533	7.49220266211215	7.884178573116144e-9	7.057576723845138e-7	10.157155896536606	ENSG00000092621	upregulated
ENSG00000077152	1.4258354662851525	2.095228429033393	7.4907745369743814	7.917590908762437e-9	7.057576723845138e-7	10.218635901736649	ENSG00000077152	upregulated
ENSG00000211663	4.2385823057683085	5.682788021175117	7.529108762999596	8.209362933882387e-9	7.189994146894566e-7	10.020681524140414	ENSG00000211663	upregulated
ENSG00000137812	1.9037156930463461	1.9903848259342516	7.476825348082074	8.251572908750694e-9	7.189994146894566e-7	10.179971715816002	ENSG00000137812	upregulated
ENSG00000138778	1.5709727927848707	2.0625171961020556	7.448582820890482	8.9720685684213e-9	7.645977115176612e-7	10.098006824529783	ENSG00000138778	upregulated
ENSG00000176890	2.6320136486840786	1.3839810258180145	7.458333022952637	9.157272194821995e-9	7.761163483152411e-7	10.069318687412022	ENSG00000176890	upregulated
ENSG00000118496	-1.2012378176906933	3.1843524555521583	-7.430620970906488	9.463073856379301e-9	7.933636514186106e-7	9.997039938290518	ENSG00000118496	downregulated
ENSG00000071539	2.7248599987123225	1.6507360255124983	7.445208855889555	9.648763623140073e-9	8.002798063898531e-7	10.028358750538548	ENSG00000071539	upregulated
ENSG00000162062	2.214070787406118	0.51100177748091	7.4065138859689785	1.0165066267507543e-8	8.386179670693723e-7	9.91194545018129	ENSG00000162062	upregulated
ENSG00000105136	-1.1697573114420876	2.4130928106844096	-7.400848684597049	1.0337539165537164e-8	8.483345632670974e-7	9.95268194716356	ENSG00000105136	downregulated
ENSG00000134057	2.039301112352441	2.9923979305037216	7.408538266441226	1.070578333909188e-8	8.739299978385003e-7	9.895912663506127	ENSG00000134057	upregulated
ENSG00000119326	2.0524072896918026	1.9579016250081334	7.3782481497970736	1.12203500550731e-8	9.063939028863739e-7	9.88400985181712	ENSG00000119326	upregulated
ENSG00000168268	2.1573293924141934	2.857840835560837	7.3854589301574425	1.1530551467508681e-8	9.266261826997908e-7	9.83305875922444	ENSG00000168268	upregulated
ENSG00000146858	2.285393068235214	-0.24331117274776226	7.35613435994149	1.1806928963279302e-8	9.439457124766081e-7	9.677359571768273	ENSG00000146858	upregulated
ENSG00000239264	2.3077347138066546	3.308513199037569	7.380466483060902	1.1905503166452191e-8	9.469454057008896e-7	9.775230738642726	ENSG00000239264	upregulated
ENSG00000197903	1.1586194974476047	3.3125220122575376	7.327377921836584	1.286179173820476e-8	1.0126212683226185e-6	9.678248644316467	ENSG00000197903	upregulated
ENSG00000211653	2.9116385639145292	6.070278356319037	7.364535658127885	1.3280860265573315e-8	1.0403340541365763e-6	9.464814097860035	ENSG00000211653	upregulated
ENSG00000228716	1.5572779960734076	1.5071771988632336	7.309039941787983	1.3583732383190408e-8	1.0587120063481569e-6	9.696729092353092	ENSG00000228716	upregulated
ENSG00000168496	1.077591702424269	4.873907553863456	7.28239812602834	1.47062229364356e-8	1.1181054791378243e-6	9.380746105972941	ENSG00000168496	upregulated
ENSG00000211950	5.170053219711732	3.8981952597503913	7.297043544630133	1.6189927749684885e-8	1.216547465473544e-6	9.502880578669098	ENSG00000211950	upregulated
ENSG00000176055	-1.0563155321636566	1.8730220694243342	-7.247650943172509	1.631236861365754e-8	1.216547465473544e-6	9.521674842870667	ENSG00000176055	downregulated
ENSG00000154277	4.734552322427925	-1.1663424491430188	7.278997105002872	1.631475646798821e-8	1.216547465473544e-6	9.34092256110165	ENSG00000154277	upregulated
ENSG00000075702	1.2300712760685113	2.4644427532058613	7.2078636802568745	1.837053406649154e-8	1.3376853679402994e-6	9.388054009768915	ENSG00000075702	upregulated
ENSG00000151725	1.766774402964013	2.2865899474318416	7.1694014880827135	2.063982213160567e-8	1.4820538947277961e-6	9.284215291912938	ENSG00000151725	upregulated
ENSG00000105011	1.12563154231167	4.088194782079715	7.154510205644645	2.154864064314285e-8	1.5303414964609263e-6	9.086880872465057	ENSG00000105011	upregulated
ENSG00000211648	3.368763343690053	5.246561312994587	7.192206026080252	2.2041428593914452e-8	1.5539207158709688e-6	9.03338473397401	ENSG00000211648	upregulated
ENSG00000129810	1.692150500090587	0.6920083540313906	7.14488297757967	2.217869302552579e-8	1.5565227548683483e-6	9.196463071713492	ENSG00000129810	upregulated
ENSG00000160957	1.4553254990631848	3.3093500311507036	7.137606061423391	2.2738385263357643e-8	1.5814903831151435e-6	9.120165828979022	ENSG00000160957	upregulated
ENSG00000165948	1.2639722869802477	2.215524305680055	7.131129411474966	2.3111211820777644e-8	1.6002450684833093e-6	9.175197480358833	ENSG00000165948	upregulated
ENSG00000211895	3.0770355279824084	10.146150307741083	7.157584181829425	2.4411222133870504e-8	1.6606055056856645e-6	8.909970790063749	ENSG00000211895	upregulated
ENSG00000104738	1.4013432062401403	5.289931628226235	7.117450405595844	2.577363111239907e-8	1.730515231832509e-6	8.796838057258086	ENSG00000104738	upregulated
ENSG00000211660	3.291478452603305	5.1543263012241045	7.133673783738228	2.6196681950883697e-8	1.7513385218026126e-6	8.865654311760245	ENSG00000211660	upregulated
ENSG00000142731	1.3005348533458556	2.395862997482798	7.073840719896904	2.7441312277536173e-8	1.8034523450194324e-6	9.000319283210708	ENSG00000142731	upregulated
ENSG00000146410	1.7209680076056963	0.3981729514002622	7.047817541490163	2.967044422595194e-8	1.9254752717343706e-6	8.901136219043542	ENSG00000146410	upregulated
ENSG00000100097	1.156891470734971	7.844896547532322	7.057449022502418	3.011129180507801e-8	1.9459422329031664e-6	8.61037010595581	ENSG00000100097	upregulated
ENSG00000137807	1.6396196125290807	2.2184354917577274	6.998209168320478	3.443922046476148e-8	2.207240947968804e-6	8.788473530825364	ENSG00000137807	upregulated
ENSG00000211640	4.180394131190584	4.7989656424141796	6.998625633417111	3.906774847901079e-8	2.4237631156378295e-6	8.539958535839705	ENSG00000211640	upregulated
ENSG00000109674	2.2226329088711307	-0.23038244872995656	6.950708866437753	3.9729641099759114e-8	2.4550069062042383e-6	8.561473877097534	ENSG00000109674	upregulated
ENSG00000131845	-1.6318963749835667	2.441985015881788	-6.929690204804046	4.2325469742353106e-8	2.584519825605892e-6	8.5813713123309725	ENSG00000131845	downregulated
ENSG00000080986	1.4546792081920774	2.8390896682415168	6.925911019116934	4.28100406363884e-8	2.6027116366431953e-6	8.538245821178092	ENSG00000080986	upregulated
ENSG00000259772	2.1221582931015526	1.1367316169630661	6.917422786143804	4.3978532045846865e-8	2.6541129651014975e-6	8.563207406262988	ENSG00000259772	upregulated
ENSG00000239951	2.7991608538411032	6.67320085003636	6.9307015364853335	4.7794668336477425e-8	2.8402118999952675e-6	8.162000073930454	ENSG00000239951	upregulated
ENSG00000115884	5.359498626574741	0.1930089529305255	6.922806723534621	4.892914532972839e-8	2.874587288121543e-6	8.39028835457668	ENSG00000115884	upregulated
ENSG00000085840	2.3823026227859385	1.6072516513434034	6.892892377183481	4.942576978651623e-8	2.8928063750523276e-6	8.458482353250234	ENSG00000085840	upregulated
ENSG00000136010	1.9386723059994744	-0.04091852474918901	6.871475695116458	5.0444168459140203e-8	2.9413122285761823e-6	8.364074325392632	ENSG00000136010	upregulated
ENSG00000029993	1.677122358326104	2.596730265066541	6.864569132484272	5.21585607191744e-8	2.996219543534796e-6	8.365155648389408	ENSG00000029993	upregulated
ENSG00000149554	1.5530095024289863	1.9400413034005808	6.839663092056683	5.552713909178772e-8	3.166271791594219e-6	8.334896490354511	ENSG00000149554	upregulated
ENSG00000100479	1.8832581581376044	0.700285754704645	6.836066524526782	5.613337360329386e-8	3.178037086548817e-6	8.317300352446967	ENSG00000100479	upregulated
ENSG00000211599	3.2334395560692593	-0.12438806257366007	6.84587636185911	5.6833092946778144e-8	3.2004877089182604e-6	8.226525151311119	ENSG00000211599	upregulated
ENSG00000154839	2.7043261356888024	0.8443713299114338	6.8447578009018555	5.695258592272339e-8	3.2004877089182604e-6	8.307010586197782	ENSG00000154839	upregulated
ENSG00000111247	1.380765512410667	1.5470797953789974	6.8208345781498325	5.877573511276356e-8	3.279178602873967e-6	8.28826264336002	ENSG00000111247	upregulated
ENSG00000117650	2.5203484963032428	0.3364415781865399	6.814717656197914	6.037967158336173e-8	3.3565903450105394e-6	8.222715817943326	ENSG00000117650	upregulated
ENSG00000184678	1.4922462672119359	5.298753872910258	6.8318414670633185	6.084472855973102e-8	3.3703633570051007e-6	7.942773383571807	ENSG00000184678	upregulated
ENSG00000211637	3.5974345746574423	4.502597701378437	6.845847960715721	6.15175023758524e-8	3.371506932330285e-6	8.09139751114282	ENSG00000211637	upregulated
ENSG00000129173	2.8726647495246858	-0.2649250393702032	6.799265637476473	6.374805566093143e-8	3.469236292284373e-6	8.110760958241102	ENSG00000129173	upregulated
ENSG00000213809	-1.8941553707966117	1.733285236803994	-6.7867656543960955	6.523355173795441e-8	3.537665690404451e-6	8.187442691040088	ENSG00000213809	downregulated
ENSG00000048462	3.2402067144397595	2.9089438406301684	6.819869363723426	6.646759413404552e-8	3.5920292160942373e-6	8.135971260576254	ENSG00000048462	upregulated
ENSG00000105974	3.322059457007628	0.2698415924970015	6.788938424098862	6.839285807999633e-8	3.658538520390072e-6	8.092304530966175	ENSG00000105974	upregulated
ENSG00000164611	1.4821622349329937	3.400689792287073	6.770475513015366	7.045140644519556e-8	3.7421277875513115e-6	7.9998387806255735	ENSG00000164611	upregulated
ENSG00000165891	2.8057967228557628	-0.5216669090030995	6.7544280923269815	7.202950969303038e-8	3.7870430350471224e-6	7.97019678715632	ENSG00000165891	upregulated
ENSG00000145050	1.0598414353415295	4.654499477384595	6.721925663568179	7.94850028354892e-8	4.104229622064378e-6	7.725335801517115	ENSG00000145050	upregulated
ENSG00000180535	3.673446678717866	0.13850234708010267	6.738490647458793	8.032540188768394e-8	4.125321136682046e-6	7.9244727155326995	ENSG00000180535	upregulated
ENSG00000211955	3.25380099534069	5.024390811142426	6.747960186480204	8.236936590398804e-8	4.202463372272548e-6	7.737232056186763	ENSG00000211955	upregulated
ENSG00000120885	2.5008595588625804	7.160206653294357	6.700050309409706	9.504422042231636e-8	4.654383350142585e-6	7.465571840235006	ENSG00000120885	upregulated
ENSG00000186026	-1.1249421977484497	0.7533950049996199	-6.64931527325432	9.877577578113426e-8	4.8015979319569746e-6	7.784211016966587	ENSG00000186026	downregulated
ENSG00000110492	1.4311329937020636	0.07505756863631168	6.648348310304904	9.906585030472159e-8	4.8015979319569746e-6	7.748155157249479	ENSG00000110492	upregulated
ENSG00000123352	1.0386084875820316	2.828741789462016	6.641860165202241	1.0103451670006623e-7	4.851533603770982e-6	7.695034445750006	ENSG00000123352	upregulated
ENSG00000196465	1.2718182514688596	1.6202347499639738	6.636545128729462	1.0267656112680555e-7	4.900041424851551e-6	7.749343450791612	ENSG00000196465	upregulated
ENSG00000035499	2.5423320163228462	0.8558133668796504	6.645653962772649	1.0373426868798442e-7	4.909144935637731e-6	7.740056001119196	ENSG00000035499	upregulated
ENSG00000168758	-1.1643457588731252	4.030236953583753	-6.631714935030602	1.0429060589247167e-7	4.909144935637731e-6	7.5446152505461415	ENSG00000168758	downregulated
ENSG00000106853	2.4335985692490794	-0.317630544018404	6.630900440274913	1.044498922476113e-7	4.909144935637731e-6	7.6552046122692445	ENSG00000106853	upregulated
ENSG00000241755	3.4205603138219343	4.514394584014653	6.642046076940211	1.1305241059981578e-7	5.265594259468898e-6	7.480046860189416	ENSG00000241755	upregulated
ENSG00000211934	3.4730162296275155	5.816636660475882	6.637985814465918	1.14434892683157e-7	5.297268383789994e-6	7.355721441416362	ENSG00000211934	upregulated
ENSG00000211941	2.946708851691347	4.207674584660325	6.606301634129871	1.2582512005837528e-7	5.723013525235778e-6	7.386760727543388	ENSG00000211941	upregulated
ENSG00000183087	1.6090721704667876	4.348734282635781	6.563149942441884	1.3618352409993611e-7	6.104642944479795e-6	7.244707778179274	ENSG00000183087	upregulated
ENSG00000211965	3.1084586187637364	3.8749662235364033	6.570911224479761	1.399045658485819e-7	6.148904853364157e-6	7.321318070763057	ENSG00000211965	upregulated
ENSG00000198182	-1.3471461600038597	1.887319940858199	-6.493822310553164	1.5840591167704216e-7	6.7682525898372556e-6	7.3240789944538305	ENSG00000198182	downregulated
ENSG00000012048	1.064144238302088	2.6675178926967233	6.468268097460462	1.7121515342768828e-7	7.196604416432101e-6	7.193076432227005	ENSG00000012048	upregulated
ENSG00000111452	-1.467368338318557	2.0201241995030097	-6.465753054220521	1.725308619546975e-7	7.232307213290158e-6	7.236020933808176	ENSG00000111452	downregulated
ENSG00000241163	-1.2234887627858226	6.057735547272784	-6.464016778911079	1.8337520869383394e-7	7.604677772303113e-6	6.807905268584236	ENSG00000241163	downregulated
ENSG00000179750	2.376810592913271	1.7596152425669043	6.460351302720072	1.8422058334209682e-7	7.619363327029124e-6	7.189334618947727	ENSG00000179750	upregulated
ENSG00000101412	2.2136993327917907	3.4340857169991588	6.467434196298311	1.8477677101006196e-7	7.622041804165056e-6	7.065283441755609	ENSG00000101412	upregulated
ENSG00000004468	1.4600178427984103	5.55290963194617	6.463815156446908	1.867582256590596e-7	7.644657784194916e-6	6.807491920460404	ENSG00000004468	upregulated
ENSG00000186603	1.7036253910551666	-0.13110033750841055	6.433922427562232	1.9008873993889204e-7	7.758621990663726e-6	7.123495381480994	ENSG00000186603	upregulated
ENSG00000211669	4.709999427763644	4.007796887087156	6.4435419862758225	2.0507365857895724e-7	8.240135866734785e-6	6.991811723581076	ENSG00000211669	upregulated
ENSG00000270550	2.8086365602982326	5.71406516803607	6.432401138252321	2.120592852261254e-7	8.476905963549497e-6	6.720838896343594	ENSG00000270550	upregulated
ENSG00000163606	-1.3133678599512235	3.569466864372777	-6.392164757220809	2.1867122235557763e-7	8.652016986568901e-6	6.872104002310925	ENSG00000163606	downregulated
ENSG00000112029	1.0090427000938762	2.9498386859083006	6.381779767689466	2.2282093829426652e-7	8.740999478707513e-6	6.907970246085508	ENSG00000112029	upregulated
ENSG00000101187	2.4733768344993896	2.058432140087673	6.396390419013204	2.2540950051964764e-7	8.806300637430063e-6	6.983191865435508	ENSG00000101187	upregulated
ENSG00000123989	1.3261831170193927	4.471374863772497	6.38608604954491	2.2993055092953325e-7	8.91555711229265e-6	6.7022847973090975	ENSG00000123989	upregulated
ENSG00000272506	1.7503476212558895	-0.13348440669984024	6.352788854132454	2.43414102734324e-7	9.321858601010777e-6	6.892721891479629	ENSG00000272506	upregulated
ENSG00000065485	1.0982288593171585	3.626602782853748	6.33569636655721	2.564413923392788e-7	9.730570481574635e-6	6.692499286382586	ENSG00000065485	upregulated
ENSG00000127423	1.6430335461640346	-0.3959300603285639	6.335069719990764	2.569320972459496e-7	9.730570481574635e-6	6.8237121142219745	ENSG00000127423	upregulated
ENSG00000105711	1.4981445520288084	1.5050034152971443	6.322387717101583	2.6706830501582767e-7	1.0005385050230646e-5	6.832307805272842	ENSG00000105711	upregulated
ENSG00000136982	2.074227135017149	-0.17049903176046013	6.308544509439313	2.785920855387394e-7	1.0337232647621648e-5	6.762422538040773	ENSG00000136982	upregulated
ENSG00000211662	2.9557044508760635	5.696073873146099	6.338420777751934	2.813829962243214e-7	1.0391072074855298e-5	6.447183183777805	ENSG00000211662	upregulated
ENSG00000188130	1.6845729856999672	-0.26451286548860076	6.29742740866228	2.882073929159309e-7	1.0617806803149854e-5	6.726925113043244	ENSG00000188130	upregulated
ENSG00000164109	1.282597294910337	3.30732035710434	6.289686601812191	2.957884824101046e-7	1.0794908245333846e-5	6.592948316840692	ENSG00000164109	upregulated
ENSG00000135404	1.1355744758777027	8.257416576775622	6.30303303951823	2.957944009052864e-7	1.0794908245333846e-5	6.348619147809751	ENSG00000135404	upregulated
ENSG00000122966	1.7057325199459006	1.250948441793682	6.28344942027466	3.007718897387404e-7	1.0794908245333846e-5	6.724945293334272	ENSG00000122966	upregulated
ENSG00000091651	1.235657784541305	1.4121266548820626	6.282997744419676	3.011869457895929e-7	1.0794908245333846e-5	6.7187001134349424	ENSG00000091651	upregulated
ENSG00000189057	1.703807842548111	1.890509116226642	6.2795850853879065	3.050500932319771e-7	1.0851667307403587e-5	6.6885682500923735	ENSG00000189057	upregulated
ENSG00000117632	1.205721580416525	6.112096877908873	6.279551604442617	3.211500801182263e-7	1.1243877522875146e-5	6.2335900486207425	ENSG00000117632	upregulated
ENSG00000173369	2.4760666045443083	3.7002354893667015	6.265643473838427	3.5040222002921747e-7	1.207719651700703e-5	6.41688286976075	ENSG00000173369	upregulated
ENSG00000079931	1.7012697167629225	0.4445187677510849	6.2261908515149	3.5825352582813395e-7	1.2320426132138266e-5	6.5564775915166145	ENSG00000079931	upregulated
ENSG00000213557	-2.134014156370486	-0.2144591465996348	-6.220720187211385	3.642927047227289e-7	1.2461035531388604e-5	6.503965205720817	ENSG00000213557	downregulated
ENSG00000211964	2.9060069282209846	5.108958964296833	6.24674191550214	3.7096153348074656e-7	1.2562474638179867e-5	6.2190612424885945	ENSG00000211964	upregulated
ENSG00000211938	2.623301261222621	5.268165117137327	6.243685015384429	3.7439865842815903e-7	1.2651248784794655e-5	6.182391729455041	ENSG00000211938	upregulated
ENSG00000226321	-2.7411864209038836	0.8100291504992269	-6.214006417363391	3.8813944079698554e-7	1.2931218533997173e-5	6.486076843168311	ENSG00000226321	downregulated
ENSG00000087586	1.22623904019866	2.3635530020485938	6.181219068476975	4.110429612054542e-7	1.3564417719779989e-5	6.364698403807154	ENSG00000087586	upregulated
ENSG00000100095	-1.4993521623567498	1.8324378930447447	-6.175999790332432	4.176549925466222e-7	1.3724213844063794e-5	6.390297782792523	ENSG00000100095	downregulated
ENSG00000239855	2.9602033071493863	2.1739101427961063	6.192448686568851	4.267387564035159e-7	1.3904869982812042e-5	6.365323236355068	ENSG00000239855	upregulated
ENSG00000123473	1.5652681798018206	2.094151492323951	6.161475051456735	4.370740296219906e-7	1.4152438829722493e-5	6.327085139589337	ENSG00000123473	upregulated
ENSG00000206337	-1.0548161675895456	6.407769535150954	-6.159422053809668	4.5627038197372885e-7	1.4651663818659493e-5	5.885609994281219	ENSG00000206337	downregulated
ENSG00000068137	1.1093462694181855	0.594317657203402	6.1410808176574125	4.647256038584047e-7	1.4861637352255376e-5	6.313347179634495	ENSG00000068137	upregulated
ENSG00000117411	1.227574191174888	2.0865779999733705	6.131476932552701	4.78581330167548e-7	1.5210648423972683e-5	6.2377277938552425	ENSG00000117411	upregulated
ENSG00000185480	1.194191160786743	1.741797918598307	6.125031620223267	4.881119137310385e-7	1.5418769413377612e-5	6.239562204452743	ENSG00000185480	upregulated
ENSG00000131711	1.4474993985106928	1.1696912740681704	6.1112096928356	5.091974514497397e-7	1.595485347875851e-5	6.2219051375153835	ENSG00000131711	upregulated
ENSG00000135069	1.3951708821060098	2.838767943663124	6.111711161117536	5.109406558589775e-7	1.597719671849343e-5	6.110365350111264	ENSG00000135069	upregulated
ENSG00000273802	1.8211568086312073	1.1935170890350875	6.069891191490132	5.778397844391241e-7	1.7538737879942888e-5	6.101169939685711	ENSG00000273802	upregulated
ENSG00000076382	1.5326417038444675	3.7754797272606453	6.035892961529997	6.722014491806653e-7	1.962986708250872e-5	5.73549362764842	ENSG00000076382	upregulated
ENSG00000142303	-1.2141063966908834	3.7270848929789224	-6.023995127937034	6.739665016107354e-7	1.962986708250872e-5	5.742257330275855	ENSG00000142303	downregulated
ENSG00000154016	-1.049058405601571	1.4572310124146024	-6.016554414247496	6.803576797892054e-7	1.9724014230898272e-5	5.9351165118953855	ENSG00000154016	downregulated
ENSG00000211890	2.877837985476356	7.247348250763928	6.040397106498821	6.919853445423469e-7	1.9949242925375096e-5	5.49616512859162	ENSG00000211890	upregulated
ENSG00000211651	3.020707644957906	5.4361498474052805	6.021922229406419	7.317703572951512e-7	2.105706538339109e-5	5.521686808752209	ENSG00000211651	upregulated
ENSG00000159189	3.099772763323061	1.525145533297119	6.010980002949283	7.362257263279144e-7	2.1106951969216178e-05	5.870873639014906	ENSG00000159189	upregulated
ENSG00000087589	-1.013984807397672	3.589311870893226	-5.989988341462468	7.380384841384352e-7	2.1119883559016843e-5	5.66435893039775	ENSG00000087589	downregulated
ENSG00000139970	-1.4851481278995378	5.8288276409187825	-6.007806345415843	7.446301134942579e-7	2.1210516031067624e-5	5.434915393442429	ENSG00000139970	downregulated
ENSG00000169715	1.842959239092938	1.4123671439352785	5.983728864968803	7.598652712458181e-7	2.1506405760990217e-5	5.8324680366563255	ENSG00000169715	upregulated
ENSG00000249096	1.7586394705769002	-0.03366975361084328	5.977962937634578	7.657365591466187e-7	2.1633103884087535e-5	5.827847341949988	ENSG00000249096	upregulated
ENSG00000178445	3.5412720601738843	1.8164015778178992	5.999046619982224	7.842283774805529e-7	2.199526606640755e-5	5.804844456982358	ENSG00000178445	upregulated
ENSG00000244575	3.2863135569960122	2.353844288503982	5.994271597499383	7.956457903150995e-7	2.21552355615569e-5	5.7565732893396095	ENSG00000244575	upregulated
ENSG00000144395	1.6157772978855705	-0.24083666428547387	5.9538185278336	8.245352852966481e-7	2.2877535375583206e-5	5.750806056739986	ENSG00000144395	upregulated
ENSG00000173825	-1.004691526851735	1.4751909312772362	-5.95284622796237	8.269956862136883e-7	2.2904826952096975e-5	5.746359623856932	ENSG00000173825	downregulated
ENSG00000178229	-1.0946824966760937	2.4113302766506095	-5.949924333474281	8.344339063253115e-7	2.3008877159255248e-5	5.6749905958524085	ENSG00000178229	downregulated
ENSG00000166823	1.5739707000964849	-0.7945152129736196	5.949020756676519	8.367476750898948e-7	2.3010561064972106e-5	5.7028306429492	ENSG00000166823	upregulated
ENSG00000152207	-1.6037810622947934	3.217411000792938	-5.9414846005212985	8.888811399699408e-7	2.4088771651790592e-5	5.5430430029858035	ENSG00000152207	downregulated
ENSG00000211668	3.5436704399923578	4.615044557489703	5.946407862160984	9.197243506014669e-7	2.4637175609376082e-5	5.403498805378584	ENSG00000211668	upregulated
ENSG00000211972	2.964394733519131	1.8425362652121198	5.925585758629034	9.572765296697979e-7	2.525061050200436e-5	5.603180911876842	ENSG00000211972	upregulated
ENSG00000100162	1.1231149572209094	3.5691699967568553	5.9004773272070175	9.718845167823665e-7	2.554903195812628e-5	5.3876249989604545	ENSG00000100162	upregulated
ENSG00000078900	2.134798693458638	0.22255603530411575	5.8989711263951445	9.763817979746827e-7	2.558627583799698e-5	5.606112977271117	ENSG00000078900	upregulated
ENSG00000163053	2.3075430054129518	-0.08322696435207429	5.891106150363308	1.0024320982322798e-6	2.6107950751546725e-5	5.57240693977394	ENSG00000163053	upregulated
ENSG00000211970	3.400537740562854	3.3944154117920378	5.91748199494158	1.0039384193831206e-6	2.6107950751546725e-5	5.442083969026856	ENSG00000211970	upregulated
ENSG00000129538	4.496098695900697	2.1470947577111956	5.897672814383888	1.0660306777293977e-6	2.7284052494361317e-5	5.507066079176235	ENSG00000129538	upregulated
ENSG00000166451	1.0512787729363524	2.2461562186955253	5.863581826314352	1.087270241013863e-6	2.7690577074096907e-5	5.427381736204799	ENSG00000166451	upregulated
ENSG00000221955	1.6767202089257678	-0.5368504460335235	5.860406315608151	1.0979083245104613e-6	2.7869980545265555e-5	5.469195053388944	ENSG00000221955	upregulated
ENSG00000211650	3.189600203480874	2.1299488965654767	5.88473267426841	1.1086566901329957e-6	2.8051003693250837e-5	5.448767235015605	ENSG00000211650	upregulated
ENSG00000164691	-1.698627364632328	7.861114905477045	-5.8804294051103785	1.1232073788391752e-6	2.8308251774350867e-5	5.020989802528678	ENSG00000164691	downregulated
ENSG00000277075	1.7266522476498949	0.6220127355654312	5.851696852210752	1.127623519090712e-6	2.8308251774350867e-5	5.472927490640587	ENSG00000277075	upregulated
ENSG00000113140	2.038476725490198	6.940330619803432	5.865339355766901	1.1757610238549957e-6	2.9224444679472728e-5	4.953832342905849	ENSG00000113140	upregulated
ENSG00000211946	4.3722707714177735	4.011976373234433	5.860916071105865	1.1916279792476145e-6	2.95714399330088e-5	5.249365487870789	ENSG00000211946	upregulated
ENSG00000282600	2.947960583780678	0.5043353084194552	5.837900239015153	1.2302967592064424e-6	3.028971806510136e-5	5.394069115210118	ENSG00000282600	upregulated
ENSG00000243290	2.81138930378414	1.8991667498329974	5.830488061672904	1.2764179400885783e-6	3.107887323512378e-5	5.320163049517073	ENSG00000243290	upregulated
ENSG00000188868	-1.1343690140500975	2.2890117387012245	-5.778496966464118	1.4114271801248714e-6	3.3421733685094284e-5	5.175304853738005	ENSG00000188868	downregulated
ENSG00000276180	1.0550774387671773	1.97045162576895	5.763813930177075	1.476446180340911e-6	3.469648523801141e-5	5.153467949591196	ENSG00000276180	upregulated
ENSG00000245648	-1.272031723540312	2.2895788307793308	-5.751553276576407	1.5330293975438752e-6	3.58631764040807e-5	5.096391221047115	ENSG00000245648	downregulated
ENSG00000233392	-2.86653849313874	1.500819347952931	-5.768457636574064	1.5386306324220747e-6	3.594000166997949e-5	5.167673753305793	ENSG00000233392	downregulated
ENSG00000177301	1.2268545610005486	-0.025711109072497046	5.744427293666308	1.5669078885644545e-6	3.643589408041183e-5	5.158874218508437	ENSG00000177301	upregulated
ENSG00000232216	3.3999658560484503	2.770628530912242	5.768076513591122	1.5789462947976328e-6	3.655486637505716e-5	5.058344535135071	ENSG00000232216	upregulated
ENSG00000128578	1.6333719014551475	0.42466313449605236	5.741585185540895	1.5806279652755954e-6	3.655486637505716e-5	5.154184118288254	ENSG00000128578	upregulated
ENSG00000143942	1.308497175252585	1.2278380245057652	5.738994328085353	1.5932398592556825e-6	3.671790522593705e-5	5.1267741815019745	ENSG00000143942	upregulated
ENSG00000011590	1.712209514499608	3.1913393231214	5.740117594610915	1.657467365967094e-6	3.7804880656102397e-5	4.926736282167399	ENSG00000011590	upregulated
ENSG00000274213	1.2232610677817293	2.5564465910141116	5.719503447365324	1.6914030134394911e-6	3.84377692810422e-5	4.968825169721256	ENSG00000274213	upregulated
ENSG00000174944	-1.0254763773418596	1.7700162123757777	-5.7031007387766834	1.778686710248061e-6	3.9923923120039695e-5	4.991583115632993	ENSG00000174944	downregulated
ENSG00000165092	-1.5759052904162347	4.459949622594898	-5.709187227229937	1.8427704981082363e-6	4.118353087270713e-5	4.671576792789319	ENSG00000165092	downregulated
ENSG00000105048	2.8465659069947074	2.5726878657078087	5.701178693043356	1.9340826302835702e-6	4.279261283266501e-5	4.868823711684344	ENSG00000105048	upregulated
ENSG00000170819	1.756424607910733	-0.6324756646885256	5.667250783543753	1.985459595226655e-6	4.380437883636617e-5	4.916249923101324	ENSG00000170819	upregulated
ENSG00000240382	3.1050498599065652	2.6721312601011133	5.685734321908191	2.0268367877659227e-6	4.4527250110834925e-5	4.818180808806775	ENSG00000240382	upregulated
ENSG00000182809	-1.514255594534061	4.181044214707528	-5.672936071481861	2.0373344060460304e-6	4.463143592905922e-5	4.606092000205271	ENSG00000182809	downregulated
ENSG00000005961	2.324870624239156	7.16233964722578	5.680540067170135	2.0590219282411236e-6	4.4790224554025e-5	4.403538041208238	ENSG00000005961	upregulated
ENSG00000280011	1.0654197489064219	0.2085836198783582	5.6187741532288555	2.3037954661971466e-6	4.914974921694326e-5	4.7991184003096254	ENSG00000280011	upregulated
ENSG00000196550	1.7117030038708703	-0.7829052371907443	5.617071591543536	2.315858870979501e-6	4.933924600122536e-5	4.7665383715936835	ENSG00000196550	upregulated
ENSG00000211644	3.8554734914712188	1.8590358203808508	5.639446497055881	2.332353601157833e-6	4.954626706393682e-5	4.758081291419835	ENSG00000211644	upregulated
ENSG00000118985	1.3596778047017715	4.992195867397724	5.623162390214881	2.3943468482486815e-6	5.0388493373591655e-5	4.3226335086026	ENSG00000118985	upregulated
ENSG00000170989	-1.0880863416540798	6.962180076412835	-5.618620033046101	2.4006001240319835e-6	5.0451636753029897e-5	4.236964412260312	ENSG00000170989	downregulated
ENSG00000240505	1.5521790939944942	3.5871682137578023	5.6125435208589955	2.4454910151024197e-6	5.104921351849061e-5	4.490552359516363	ENSG00000240505	upregulated
ENSG00000180914	2.1108882018766617	-0.6272005400113169	5.596390796869449	2.4675315370270615e-6	5.144007276786253e-5	4.714031241111703	ENSG00000180914	upregulated
ENSG00000131355	-1.7330133756941457	3.13744640147201	-5.603916853740901	2.5106667355065847e-6	5.192058809027617e-5	4.5393038359861	ENSG00000131355	downregulated
ENSG00000143776	1.6384004912135552	1.3345807983732536	5.584132309082823	2.564146405913735e-6	5.267537848440004e-5	4.667008870957871	ENSG00000143776	upregulated
ENSG00000277836	3.8274777018288813	0.1230162085178891	5.587851735512059	2.6738134019477015e-6	5.4352353688347115e-5	4.659287562112105	ENSG00000277836	upregulated
ENSG00000236008	1.2090644071215984	0.3367422147110463	5.564751718055461	2.719000196215225e-6	5.5054429560441435e-5	4.642295301997295	ENSG00000236008	upregulated
ENSG00000196981	-1.0919698705725815	1.2027910315515058	-5.556932993293532	2.7849922704806655e-6	5.6097701448253406e-5	4.594942839377979	ENSG00000196981	downregulated
ENSG00000184497	1.525742513824549	0.9258678406314363	5.5495519020448665	2.8487580054819526e-6	5.7085577086595714e-5	4.584647635863301	ENSG00000184497	upregulated
ENSG00000169247	1.76567542037726	1.6417112322617176	5.526353342850957	3.121342200337649e-6	6.182888573082624e-5	4.461937620433531	ENSG00000169247	upregulated
ENSG00000196787	1.4299469838381493	2.907150891222087	5.522132097653435	3.1742810866898842e-6	6.248386245664137e-5	4.319850483279259	ENSG00000196787	upregulated
ENSG00000124635	2.056074342037446	1.3398320324036512	5.523533557337637	3.1745508456372275e-6	6.248386245664137e-5	4.4677156109067155	ENSG00000124635	upregulated
ENSG00000180573	1.544440619434428	6.660440369669909	5.528893651342581	3.261617556552233e-6	6.40350484837027e-5	3.9341971460516643	ENSG00000180573	upregulated
ENSG00000281344	1.9211382571282725	0.6350074965791501	5.491652143403135	3.4239891636749797e-6	6.638258991074867e-5	4.420758456983656	ENSG00000281344	upregulated
ENSG00000254709	1.7190581320919458	3.21567419389359	5.477737813112206	3.693640730052617e-6	7.046539695340232e-5	4.139119760361602	ENSG00000254709	upregulated
ENSG00000223350	3.9375459034009324	2.322226538486086	5.481954609271722	3.760640695942603e-6	7.147982499273256e-5	4.268706324643036	ENSG00000223350	upregulated
ENSG00000180066	1.4451860299517016	-0.5066875441973658	5.44579537308205	3.915827968195092e-6	7.379646632649559e-5	4.293398629654207	ENSG00000180066	upregulated
ENSG00000137941	2.028405057195024	-0.08310264950483949	5.4404076205394585	3.981034961552462e-6	7.475284776474417e-5	4.284502316346158	ENSG00000137941	upregulated
ENSG00000181754	-1.163253979232456	3.765131816533373	-5.440415866586529	4.0634629686059145e-6	7.575037336908382e-5	3.970709579018795	ENSG00000181754	downregulated
ENSG00000154736	-2.435037876104249	-0.3605954353976974	-5.42764504883924	4.210090143172218e-6	7.728736660939187e-5	4.227024362601002	ENSG00000154736	downregulated
ENSG00000174099	1.4793118923298858	1.8149978150474317	5.419294178749568	4.25399975154567e-6	7.767947225714616e-5	4.145767971096147	ENSG00000174099	upregulated
ENSG00000224650	2.6347825493536496	4.694479830043939	5.437127477417015	4.308234924574016e-6	7.842807943678755e-5	3.8266258515759777	ENSG00000224650	upregulated
ENSG00000161911	2.3288511766277407	4.8791120423869	5.429474455384237	4.4093772007407735e-6	8.008131192446066e-5	3.768331478720393	ENSG00000161911	upregulated
ENSG00000211943	2.4539889772507313	4.605334168983281	5.407674681234528	4.7106630227702e-6	8.407639065956939e-5	3.741601581933189	ENSG00000211943	upregulated
ENSG00000188672	1.712874400465371	0.04746290110754309	5.3814585096895255	4.769275994654007e-6	8.473249791189421e-5	4.1157299140318315	ENSG00000188672	upregulated
ENSG00000211892	2.888011924652671	5.403551429184851	5.388055144505637	4.999342709508304e-6	8.791361159237391e-5	3.618017264181007	ENSG00000211892	upregulated
ENSG00000259630	1.6113102130884174	-0.13269888150255604	5.363875975558583	5.033219714667887e-6	8.82093082197728e-5	4.0652662752773345	ENSG00000259630	upregulated
ENSG00000275063	3.8695909424995487	4.751152910027254	5.382647033978271	5.081976001033087e-6	8.886296254343087e-5	3.7209518768958922	ENSG00000275063	upregulated
ENSG00000150967	1.24713406077534	2.4483927505502923	5.350478831585962	5.244065597565268e-6	9.118324822672343e-5	3.879714433503562	ENSG00000150967	upregulated
ENSG00000135253	1.2899489555167098	0.3564417789488843	5.3485477859560575	5.275174078377099e-6	9.16214445191812e-5	4.016563332684439	ENSG00000135253	upregulated
ENSG00000125148	1.1733638906205268	5.6806608690113976	5.355054034204665	5.4024451716950776e-6	9.330949288751742e-5	3.453062524410444	ENSG00000125148	upregulated
ENSG00000180855	-1.0133133961769618	1.3242689587376237	-5.318454608124629	5.784425913096672e-6	9.837329595628223e-5	3.887713567932293	ENSG00000180855	downregulated
ENSG00000140682	2.0842166034058573	1.2360331333883847	5.3271405371848735	5.793950652206567e-6	9.842735445314771e-5	3.8983248336234917	ENSG00000140682	upregulated
ENSG00000152128	1.2140602680912427	-0.147893018670264	5.313893481196715	5.865774716004011e-6	9.89969160448555e-5	3.9222133199345697	ENSG00000152128	upregulated
ENSG00000175305	1.2386918747698965	0.8291596207548452	5.310281959601838	5.930994897958418e-6	9.951231698176208e-5	3.8893087276508345	ENSG00000175305	upregulated
ENSG00000204103	1.297800711792794	8.202634775980707	5.323814641084518	5.95442002967352e-6	9.973332036742581e-5	3.3728691576537475	ENSG00000204103	upregulated
ENSG00000105246	1.261414896277733	0.36971716023069306	5.298185858387766	6.154745298531158e-6	1.0253501566081445e-4	3.870637502463067	ENSG00000105246	upregulated
ENSG00000241294	3.622656769330416	1.4574127300846584	5.317850159616842	6.184649615183164e-6	1.0270226502300951e-4	3.842439648007697	ENSG00000241294	upregulated
ENSG00000162722	2.21945420851464	5.2886353238349395	5.313107923083661	6.274149370017481e-6	1.0385491646635125e-4	3.3714222864303824	ENSG00000162722	upregulated
ENSG00000277301	-1.9208805313394774	-0.12080761150805899	-5.291400691833386	6.2839166589023605e-6	1.0390570083110408e-4	3.8576720027156384	ENSG00000277301	downregulated
ENSG00000152952	2.1575053311474828	0.14252840732940555	5.292108176236987	6.369822218573466e-6	1.0510206660646219e-4	3.8454312564913664	ENSG00000152952	upregulated
ENSG00000238000	1.3574569564957524	1.1710069024640724	5.282702949929239	6.4534552977160716e-6	1.0614325733571184e-4	3.7911406775585057	ENSG00000238000	upregulated
ENSG00000153162	1.649190655422489	3.1039601056015864	5.291364130424427	6.507250131885958e-6	1.0689949779301336e-4	3.599044897220134	ENSG00000153162	upregulated
ENSG00000196793	-1.1745552625235942	0.2636846950247989	-5.279345522860894	6.520111212907199e-6	1.0689949779301336e-4	3.8195774455172797	ENSG00000196793	downregulated
ENSG00000211649	3.1501930803035867	2.923384743549528	5.298712863953078	6.553812321876053e-6	1.0722534716487087e-4	3.6521444106674217	ENSG00000211649	upregulated
ENSG00000183484	-1.0718530869203589	5.704258035112515	-5.284895702110369	6.636626529823412e-6	1.0812403096382471e-4	3.25982747383574	ENSG00000183484	downregulated
ENSG00000196141	1.231710968851873	3.5431818315815833	5.280021991794337	6.663186160351592e-6	1.0844283037466233e-4	3.5063928700579243	ENSG00000196141	upregulated
ENSG00000137198	2.137159143195317	4.029926395107283	5.2915989437314295	6.696573493476068e-6	1.0887196528701659e-4	3.461035120115417	ENSG00000137198	upregulated
ENSG00000174307	1.8874921586251379	0.23365123001629412	5.254929604879676	7.030752528782109e-6	1.1311926527117274e-4	3.749406126699986	ENSG00000174307	upregulated
ENSG00000211638	3.4400528918525604	3.172301194972748	5.255427379878847	7.471839612684743e-6	1.178924032479556e-4	3.507338693594983	ENSG00000211638	upregulated
ENSG00000088340	2.69330121002678	-0.516087342742906	5.241753214677256	7.498907368673285e-6	1.1819924114646612e-4	3.690653430505753	ENSG00000088340	upregulated
ENSG00000132170	2.439001572111234	0.2680039308290971	5.214059845368044	8.17680582782683e-6	1.2682225838959413e-4	3.610796333160584	ENSG00000132170	upregulated
ENSG00000241743	1.9822353620873672	0.8334981358022384	5.20337734032283	8.397260713475237e-6	1.2920785085912792e-4	3.5641896439497955	ENSG00000241743	upregulated
ENSG00000166341	-1.2455644547087432	2.377643797496264	-5.193751235222768	8.471506932632328e-6	1.2996347430774225e-4	3.428419557516815	ENSG00000166341	downregulated
ENSG00000253239	3.470342474883182	-0.3421700625413732	5.2069421807251866	8.490459475064751e-6	1.3012552021566629e-4	3.5793681202566106	ENSG00000253239	upregulated
ENSG00000259448	1.0231901896499807	0.41647378494766213	5.1926062867183465	8.501209434473187e-6	1.3013652836426915e-4	3.563871446331044	ENSG00000259448	upregulated
ENSG00000167553	1.0069994630737806	3.668398668225054	5.193624763150303	8.518591742899447e-6	1.3013652836426915e-4	3.24099645501755	ENSG00000167553	upregulated
ENSG00000090659	-1.4344193708611035	0.3887928719158647	-5.1869571095976195	8.649285454099958e-6	1.3164908478222802e-4	3.550904861669866	ENSG00000090659	downregulated
ENSG00000104341	1.1368151560129083	2.6332927465621507	5.1814165356662265	8.797006985795483e-6	1.336352383444544e-4	3.3545648723614487	ENSG00000104341	upregulated
ENSG00000226891	1.1622982358567202	0.39978727099353306	5.179957661317205	8.836318888219072e-6	1.3385649313358408e-4	3.5281049450658504	ENSG00000226891	upregulated
ENSG00000167106	-1.0107420192315146	7.170428324760812	-5.190739693136666	8.837462860657002e-6	1.3385649313358408e-4	2.950268788746021	ENSG00000167106	downregulated
ENSG00000211937	2.4997737618473326	4.202587115831633	5.198494576342839	8.877084297546397e-6	1.3412921528498155e-4	3.173624879699826	ENSG00000211937	upregulated
ENSG00000088826	1.7732131841768517	4.533504518024267	5.1970832997350485	8.915073460517902e-6	1.34265200537428e-4	3.097478320945794	ENSG00000088826	upregulated
ENSG00000156535	1.4632588148511831	1.3167505315575847	5.169975475698645	9.110035882130804e-6	1.3678282336093784e-4	3.4521350796478343	ENSG00000156535	upregulated
ENSG00000276903	1.4580810238088422	-0.6042993926384295	5.162933558569514	9.308186951701783e-6	1.3935326218233074e-4	3.489256934931422	ENSG00000276903	upregulated
ENSG00000205038	1.577854842867398	1.5740897926830328	5.1618157693703415	9.44017075160606e-6	1.405254718530666e-4	3.4002771218564094	ENSG00000205038	upregulated
ENSG00000142675	1.4150647759228336	1.6208443854137746	5.157090433272962	9.475855594597092e-6	1.4077636041398553e-4	3.3902819403959104	ENSG00000142675	upregulated
ENSG00000173208	-1.0285683654525783	3.9773190375856746	-5.160945628282821	9.504972514799772e-6	1.4107380258808084e-4	3.1025342375656866	ENSG00000173208	downregulated
ENSG00000236279	2.7127868830593735	-0.3785435513246049	5.156865614374574	9.739585937117845e-6	1.439261926447219e-4	3.4507261170405243	ENSG00000236279	upregulated
ENSG00000278828	1.9001717526187085	4.550124286388001	5.1650654786996615	9.821793948395382e-6	1.4480610659658972e-4	3.0042782559496732	ENSG00000278828	upregulated
ENSG00000163737	1.6514196377008572	5.599999757488358	5.156164225262719	1.0089793092343927e-5	1.4800216302674347e-4	2.856777074872795	ENSG00000163737	upregulated
ENSG00000147138	-1.0940958715953912	4.131757896280404	-5.143701451046987	1.0095827755144719e-5	1.4800216302674347e-4	3.02385577363009	ENSG00000147138	downregulated
ENSG00000115290	2.331123749474196	-0.7088367568603109	5.133215903886077	1.0297141188164533e-5	1.5052654083735334e-4	3.3937580253006177	ENSG00000115290	upregulated
ENSG00000239819	2.5341154609491476	1.414682803772232	5.1267609969164125	1.0830481513901491e-5	1.568447883105622e-4	3.294663641240894	ENSG00000239819	upregulated
ENSG00000134508	1.4450411166303567	0.35112577962468855	5.1071586768266215	1.103677774053096e-5	1.5953441076946428e-4	3.3205184800596275	ENSG00000134508	upregulated
ENSG00000183160	1.8620208645543443	0.9611625609341459	5.1055396975516585	1.1286686036848115e-5	1.6204119605384872e-4	3.27560805733356	ENSG00000183160	upregulated
ENSG00000211665	3.4718685300103997	1.0037660245095503	5.118878297909336	1.129378033102582e-5	1.6204119605384872e-4	3.2907395962569215	ENSG00000211665	upregulated
ENSG00000101003	1.5262854341880405	0.6581017868031682	5.097636059084099	1.1362276415440047e-5	1.6285385962463617e-4	3.2810236342170285	ENSG00000101003	upregulated
ENSG00000047597	2.675053493615591	1.9926309232825574	5.115523203304406	1.13716966596491e-5	1.6285385962463617e-4	3.2039288405855686	ENSG00000047597	upregulated
ENSG00000137571	1.446617998205265	-0.3742147021822197	5.095220813076853	1.1446339252078751e-5	1.6347396114156667e-4	3.298929488594389	ENSG00000137571	upregulated
ENSG00000124191	1.1334538463005255	2.0627158471485645	5.09341375372863	1.1509638078225434e-5	1.6407581488352618e-4	3.15917727297687	ENSG00000124191	upregulated
ENSG00000132967	1.4097877834415793	2.585210749507093	5.09425287497874	1.1706147667161842e-5	1.6581036558692254e-4	3.087908174481125	ENSG00000132967	upregulated
ENSG00000259719	1.9900648982785203	1.0607191583167845	5.094575500835329	1.1736021453605754e-5	1.6608183644655587e-4	3.2341007750065636	ENSG00000259719	upregulated
ENSG00000172889	1.8900286957375434	1.951552714497918	5.084996574595701	1.2184741109617401e-5	1.7056438141711724e-4	3.1266911833769644	ENSG00000172889	upregulated
ENSG00000211893	2.506060695573856	7.468913635971035	5.043484151499284	1.4182200283057972e-5	1.9227790768376675e-4	2.5026907185398812	ENSG00000211893	upregulated
ENSG00000183691	-2.300427565905199	0.7937686308319032	-5.032860079446743	1.4246823081470834e-5	1.9281695112880682e-4	3.0730226923822883	ENSG00000183691	downregulated
ENSG00000264548	1.3797446129508	-0.6047881198678106	5.017075911516834	1.452650033947148e-5	1.9574806278471128e-4	3.077409551649162	ENSG00000264548	upregulated
ENSG00000177469	1.5847384543717729	-0.16822481995622104	5.014539051338253	1.4639221679591352e-5	1.9692482935859657e-4	3.0681829681888626	ENSG00000177469	upregulated
ENSG00000102384	1.5013118194866542	-0.576633551580793	5.0141940866655	1.4654616559400356e-5	1.9696109431221797e-4	3.069371766513858	ENSG00000102384	upregulated
ENSG00000180479	-1.0229601658795744	2.4364503021148876	-5.013476507137966	1.4686691787872885e-5	1.9722128972286446e-4	2.88642034809169	ENSG00000180479	downregulated
ENSG00000157429	-1.0174946260086228	0.4694417307042008	-5.005481216175277	1.504882409211859e-5	2.006941200935162e-4	3.0241517862757945	ENSG00000157429	downregulated
ENSG00000277856	4.242441044918152	2.7108672984162854	5.017389719900657	1.534419826838641e-5	2.0323528193225726e-4	2.882965910435364	ENSG00000277856	upregulated
ENSG00000105173	1.0620750951697406	2.758310470516492	4.998629562816526	1.536620116582956e-5	2.0335305467748848e-4	2.7956807417734195	ENSG00000105173	upregulated
ENSG00000163736	1.7559355566084838	7.527116692390755	5.009606698033748	1.5708752176364812e-5	2.0647690360628664e-4	2.397260234290423	ENSG00000163736	upregulated
ENSG00000211713	-1.465937817866731	-0.4012208013480532	-4.986827647456847	1.5928534580863728e-5	2.081457697054409e-4	2.9921149258471864	ENSG00000211713	downregulated
ENSG00000086506	2.4567788178239827	-0.41425326300501175	4.978986980614101	1.6652714365090945e-5	2.1649924543383112e-4	2.953091832059636	ENSG00000086506	upregulated
ENSG00000253234	2.1156293585605255	0.5153239233435306	4.977125906802937	1.6752883720028434e-5	2.175742534241889e-4	2.925494217699393	ENSG00000253234	upregulated
ENSG00000275832	1.10422874049121	-0.3102645178018392	4.963918273419028	1.707905602989169e-5	2.203795000196507e-4	2.9259540287083707	ENSG00000275832	upregulated
ENSG00000211639	2.90259265495786	1.859060784841659	4.981549319212482	1.7095820791355006e-5	2.2041245259677152e-4	2.828276793713174	ENSG00000211639	upregulated
ENSG00000142089	1.7284107079655255	8.043708622708394	4.967598248804316	1.7830131055163446e-5	2.2798461060641803e-4	2.289769871578625	ENSG00000142089	upregulated
ENSG00000147889	1.0929588261188137	1.212186233970742	4.946119586193329	1.80295061515937e-5	2.2961048639143537e-4	2.805090822278312	ENSG00000147889	upregulated
ENSG00000158373	1.5275558018238131	1.657264855009638	4.946189398888916	1.826399990969651e-5	2.3162276255060741e-4	2.7595468114990425	ENSG00000158373	upregulated
ENSG00000105610	2.4273205162683764	0.6660065828446051	4.945098307230812	1.861853004824371e-5	2.3564213909060217e-4	2.821813193681697	ENSG00000105610	upregulated
ENSG00000169385	1.90623110072388	5.556484020347792	4.953098543402515	1.8626515959063717e-5	2.3564213909060217e-4	2.2645903304979296	ENSG00000169385	upregulated
ENSG00000242472	1.7071495269960861	0.1030122344726305	4.929442429417948	1.896760440470114e-5	2.388305065825918e-4	2.819921706522382	ENSG00000242472	upregulated
ENSG00000211933	2.397453831959691	2.8621392501563707	4.942215807585992	1.9247348931990097e-5	2.409413897781811e-4	2.5937017170761347	ENSG00000211933	upregulated
ENSG00000188596	1.383295450650872	-0.4598806526154408	4.9231326492606415	1.9335019014969348e-5	2.416248299687609e-4	2.8122310843021987	ENSG00000188596	upregulated
ENSG00000276550	-1.2355055074088033	4.104935265780508	-4.929783581495465	1.950151251787249e-5	2.431418481930887e-4	2.3866704910369876	ENSG00000276550	downregulated
ENSG00000204420	1.8870586569522025	5.525146432062199	4.936607226486663	1.9575281092899772e-5	2.438247131094451e-4	2.217135914012461	ENSG00000204420	upregulated
ENSG00000275210	1.4580524668800052	-0.2385775444180854	4.91798074297009	1.9640238316643483e-5	2.438247131094451e-4	2.7950691420556852	ENSG00000275210	upregulated
ENSG00000188158	-1.2122677297071915	1.1393239771171737	-4.911246718308172	2.0046402642509714e-5	2.4735060062476186e-4	2.7143356636150946	ENSG00000188158	downregulated
ENSG00000279278	-1.6175251061270053	-0.3011112671494823	-4.906351082560727	2.0346901748294844e-5	2.4966807445890273e-4	2.764154645304254	ENSG00000279278	downregulated
ENSG00000154146	1.4173327225485943	6.4967087536894965	4.923498954770905	2.0363502728326953e-5	2.4967425084296524e-4	2.1237328885213405	ENSG00000154146	upregulated
ENSG00000211899	1.4638858986637793	10.660021306683205	4.91499359738232	2.0689122175711342e-5	2.5252901901955333e-4	2.249364492515838	ENSG00000211899	upregulated
ENSG00000105971	2.1240549149729624	0.001767399620423712	4.905525343791983	2.0742522596544082e-5	2.527397191042917e-4	2.742208596498174	ENSG00000105971	upregulated
ENSG00000275713	1.9712294890519233	1.5283282664504307	4.9061070342709	2.0949022443336224e-5	2.546923615413031e-4	2.6461203837130665	ENSG00000275713	upregulated
ENSG00000011105	1.831472536255641	0.06838775810341524	4.892030407092848	2.1277754802591018e-5	2.5782654452202085e-4	2.713855492354945	ENSG00000011105	upregulated
ENSG00000136231	1.3731051949162965	1.1908714699433545	4.888360862338787	2.1490018387819654e-5	2.595873716472608e-4	2.6410095661482655	ENSG00000136231	upregulated
ENSG00000186193	1.3936919130460144	2.771109948328948	4.892504691780965	2.1671055833817112e-5	2.6116400620241134e-4	2.467305219720952	ENSG00000186193	upregulated
ENSG00000029153	1.8412088980555996	1.211581678573508	4.890365876697495	2.179220182975531e-5	2.6233093996028356e-4	2.632274979554489	ENSG00000029153	upregulated
ENSG00000243238	3.173891403680808	3.2940738245726013	4.9002659079518764	2.183868536349528e-5	2.6257210076574555e-4	2.438350691179135	ENSG00000243238	upregulated
ENSG00000138798	2.037890294837301	1.8763704096435418	4.877324659795873	2.2918794001691862e-5	2.7386016561343666e-4	2.5282477688187734	ENSG00000138798	upregulated
ENSG00000179941	-1.167486003333479	1.5320458404988258	-4.861694670739545	2.3302488991479268e-5	2.7737651900064733e-4	2.5378827971015268	ENSG00000179941	downregulated
ENSG00000143546	1.5084607965251244	10.810420114399628	4.877100412370927	2.3336370825637424e-5	2.775668033018684e-4	2.138530616268419	ENSG00000143546	upregulated
ENSG00000142173	-1.0116759502412123	5.446769021858398	-4.8674350913569935	2.3545818805909938e-5	2.796291345173531e-4	2.029675887844985	ENSG00000142173	downregulated
ENSG00000165949	7.061526125459039	3.3802195507547217	4.871617388354336	2.3804394237246768e-5	2.824836684159888e-4	2.5089417465787207	ENSG00000165949	upregulated
ENSG00000279164	1.5005697117790624	0.6270563362843468	4.8511844871468845	2.4057765870547696e-5	2.852547855108081e-4	2.5722918293495454	ENSG00000279164	upregulated
ENSG00000124772	1.0532531619301952	5.075679087955024	4.8581485928257635	2.4215480310536716e-5	2.8670389283696525e-4	2.024525677886883	ENSG00000124772	upregulated
ENSG00000142494	-1.5410353351475257	0.07466309948320815	-4.841326599402107	2.4788187555271017e-5	2.9236866082300644e-4	2.5715797895598254	ENSG00000142494	downregulated
ENSG00000175643	1.1077075214935461	2.1499961339423868	4.8360532518598625	2.5187891818338458e-5	2.9554693867180927e-4	2.393390721662133	ENSG00000175643	upregulated
ENSG00000101335	2.7244432214066694	3.866220464286897	4.85093412373283	2.5331687493945204e-5	2.9674809141321006e-4	2.203079619957162	ENSG00000101335	upregulated
ENSG00000187951	1.0709974171155392	0.18037449893713553	4.826543426847274	2.5924910565785487e-5	3.0187339555205175e-4	2.5223219773200967	ENSG00000187951	upregulated
ENSG00000005187	-1.0058825250538401	2.305252075327212	-4.8220682126512955	2.6279094259072973e-5	3.0478678649670395e-4	2.339000275048349	ENSG00000005187	downregulated
ENSG00000254554	1.2250908898912405	1.142009357126609	4.814031937526333	2.692718145063454e-5	3.103660324031326e-4	2.428721849258336	ENSG00000254554	upregulated
ENSG00000186642	1.6883533003707953	1.235804084735556	4.814332817758019	2.735416805843721e-5	3.133405809352741e-4	2.411854941319822	ENSG00000186642	upregulated
ENSG00000104970	1.34186088223713	0.9659677235865232	4.802489286733236	2.788582022654595e-5	3.1802137626009387e-4	2.4092842684333498	ENSG00000104970	upregulated
ENSG00000109339	1.3997087152626533	-0.2730118182062975	4.78990488955807	2.896950267676388e-5	3.274871616616511e-4	2.433639065263444	ENSG00000109339	upregulated
ENSG00000152931	-1.0134622518828813	-0.230186488516488	-4.787445911637016	2.9186070863383895e-5	3.2921887933897034e-4	2.426040281591849	ENSG00000152931	downregulated
ENSG00000146054	1.2902206343167917	2.595701500481396	4.792172434187665	2.9247955332426058e-5	3.2967717093454084e-4	2.198388253222417	ENSG00000146054	upregulated
ENSG00000224746	1.1783446490132539	-0.45827193417502765	4.783903847565531	2.9500848493468342e-5	3.3156388415485073e-4	2.420041147159873	ENSG00000224746	upregulated
ENSG00000110777	1.1939660860540435	4.292966373441804	4.787059333827333	3.0036403511783887e-5	0.00033612165834615303	1.919329545020732	ENSG00000110777	upregulated
ENSG00000268758	-1.6476389295314888	0.9525695995780195	-4.775337420065124	3.052734224449223e-5	3.4014301595695006e-4	2.33286385924764	ENSG00000268758	downregulated
ENSG00000211952	2.6960376573138856	1.7197957686389587	4.787820191703219	3.061842856126887e-5	3.405788450782537e-4	2.27868618592705	ENSG00000211952	upregulated
ENSG00000116133	1.1666509267145786	4.8985809485738185	4.775390590365572	3.130800204966605e-5	3.4660036530358347e-4	1.7968538128347014	ENSG00000116133	upregulated
ENSG00000112312	1.0386964016131799	3.1024860214863232	4.760633490175373	3.1808930148196324e-5	3.5139352321832265e-4	2.0406530499823035	ENSG00000112312	upregulated
ENSG00000189190	-1.1369944069424704	5.1635216802584685	-4.76643831886517	3.2162465177148254e-5	3.545414604815703e-4	1.7560963992313159	ENSG00000189190	downregulated
ENSG00000148346	2.08894033034511	0.9941678559226721	4.755655393442532	3.296920807682179e-5	3.6163537289356863e-4	2.257840208877985	ENSG00000148346	upregulated
ENSG00000144354	1.279282959444214	3.1968276121540415	4.7527678019042945	3.3143069584345025e-5	3.6277276588086895e-4	1.9923382999444863	ENSG00000144354	upregulated
ENSG00000158406	1.7532003723331604	1.967760365785999	4.75090489063376	3.3459052486668806e-5	3.6545767892129095e-4	2.1505465695070276	ENSG00000158406	upregulated
ENSG00000279416	1.0712186261444714	-0.6620619682800799	4.734403387673911	3.4267905204505464e-5	3.729010164626291e-4	2.283930872038285	ENSG00000279416	upregulated
ENSG00000223648	3.95775120532603	0.6544563554564595	4.747681505572332	3.453495393751117e-5	3.750960333128839e-4	2.256420238814912	ENSG00000223648	upregulated
ENSG00000148926	2.015535808466928	4.910738932615241	4.747409339480006	3.4563135397905033e-5	3.7513941918929816e-4	1.7259962651114815	ENSG00000148926	upregulated
ENSG00000249992	1.7620398311297207	1.8952697267561949	4.738288736289411	3.475386473617326e-5	3.7694576367695615e-4	2.122433133538607	ENSG00000249992	upregulated
ENSG00000197093	-1.2655022050463147	1.6298610381652368	-4.723026142974492	3.546700677891002e-5	3.8360758378026106e-4	2.1280894923464393	ENSG00000197093	downregulated
ENSG00000278196	2.207267801766146	4.165879527865935	4.733717997478391	3.601056968953841e-5	3.892152863308298e-4	1.7954027123913896	ENSG00000278196	upregulated
ENSG00000183134	-1.6185774606844572	2.2928271223462247	-4.7188578596126245	3.679650213127734e-5	3.96328991705633e-4	2.028551260159084	ENSG00000183134	downregulated
ENSG00000117560	-1.30631305179199	3.1273045753522055	-4.714902834667912	3.7122415467392153e-05	3.9910747289830325e-4	1.905011929319068	ENSG00000117560	downregulated
ENSG00000135960	-1.3379649111643288	2.7938329125767103	-4.707534955089594	3.7862747870278826e-5	4.05346831687168e-4	1.9322731221334148	ENSG00000135960	downregulated
ENSG00000115129	1.0279236280143196	3.6975074095401514	4.706535565097099	3.786895932396559e-5	4.05346831687168e-4	1.7809734546510558	ENSG00000115129	upregulated
ENSG00000281106	-1.3929973223560919	0.05195367467636527	-4.695240314571964	3.857267507261647e-5	4.1061234754720757e-4	2.1581724358310073	ENSG00000281106	downregulated
ENSG00000240671	2.5611170849452716	2.792361323827614	4.70873447817085	3.8808071735624173e-5	4.125518797940582e-4	1.9252444412705563	ENSG00000240671	upregulated
ENSG00000134765	-2.0310040515263554	1.0676611428462144	-4.692558599546021	3.982328470138397e-5	4.2161033837437913e-4	2.0790785816356507	ENSG00000134765	downregulated
ENSG00000240864	2.585149523793845	3.0864919497116436	4.693030535140966	4.067545483163806e-5	4.291110741221918e-4	1.842410605679273	ENSG00000240864	upregulated
ENSG00000197980	-1.1303343978609242	1.3605878213602212	-4.677252569664318	4.0724990345512586e-5	4.291110741221918e-4	2.0197689940622663	ENSG00000197980	downregulated
ENSG00000235257	1.5929463834394033	-0.6639934433824304	4.676466431377884	4.082171464774468e-5	4.2983353305262734e-4	2.122712931829886	ENSG00000235257	upregulated
ENSG00000278869	1.3978102732249016	-0.16980339081430387	4.672819958241446	4.127334335232526e-5	4.3224142835554676e-4	2.1009330500235164	ENSG00000278869	upregulated
ENSG00000099194	1.0742545735394446	3.6201208648375642	4.675146309152797	4.1691149275697256e-5	4.355076624425089e-4	1.7003262443191645	ENSG00000099194	upregulated
ENSG00000205309	1.6228191406965646	2.6727843625095553	4.673413600485791	4.227520204543338e-5	4.40354858109249e-4	1.8373797464572252	ENSG00000205309	upregulated
ENSG00000143369	1.76651399590612	-0.33468138258966135	4.662002215937496	4.264240807721221e-5	4.4328669522624754e-4	2.07645814806109	ENSG00000143369	upregulated
ENSG00000146700	1.3933086085850268	-0.21399327241009872	4.6557846857504845	4.344948515890313e-5	4.5046892701509857e-4	2.054518858768912	ENSG00000146700	upregulated
ENSG00000173210	2.0921633420631247	2.945168736809585	4.668888518977975	4.3720906672925094e-5	4.5271096808396124e-4	1.7800636091013313	ENSG00000173210	upregulated
ENSG00000185052	2.099601267674663	0.8963397494709543	4.657431331002391	4.431213729262848e-5	4.5757739641056434e-4	1.9844354349931876	ENSG00000185052	upregulated
ENSG00000135862	1.4855937806763255	3.4985542855684146	4.659321205705911	4.436238626888343e-5	4.5779149103817825e-4	1.6684517713357128	ENSG00000135862	upregulated
ENSG00000166091	2.0916639435750186	2.672851954163274	4.6578465270539375	4.500174743987908e-5	4.628495376608253e-4	1.7878241814917875	ENSG00000166091	upregulated
ENSG00000109272	2.6051003089428297	2.7464665104482213	4.653399440021666	4.5792425339982966e-5	4.688056217974494e-4	1.7733523981332375	ENSG00000109272	upregulated
ENSG00000254639	1.1291089788382214	-0.42694354486443187	4.633005492317156	4.6537370535117487e-5	4.747576461374594e-4	1.9964120366233864	ENSG00000254639	upregulated
ENSG00000142583	1.5679000660857723	2.2853746185494677	4.637460996917443	4.698791862876501e-5	4.785178056021965e-4	1.7837992155338274	ENSG00000142583	upregulated
ENSG00000237111	1.5056134057663213	0.5970655175958325	4.596556325508108	5.193484685449657e-5	5.190138367997692e-4	1.8470607720400745	ENSG00000237111	upregulated
ENSG00000254614	1.6154827544660866	2.0649322296896475	4.601763294687181	5.228614227150894e-5	5.207201709835406e-4	1.7083563696378627	ENSG00000254614	upregulated
ENSG00000144935	-1.1279560967809228	0.6637884876378757	-4.594182659630886	5.230702942568383e-5	5.207201709835406e-4	1.8374146012038715	ENSG00000144935	downregulated
ENSG00000213949	1.6068567155759315	2.5230687208054445	4.601854654206483	5.234527254656034e-5	5.207666306588524e-4	1.6507348893681364	ENSG00000213949	upregulated
ENSG00000260917	-1.0492234141694026	-0.23150425394638335	-4.584898957817608	5.378812803701678e-5	5.327291608263923e-4	1.8571418807662283	ENSG00000260917	downregulated
ENSG00000174175	1.8648267698307972	4.519698420212757	4.598313816461114	5.397653674243541e-5	5.339133194356972e-4	1.3367008065621597	ENSG00000174175	upregulated
ENSG00000003436	1.9107705936283157	0.8491185844528726	4.587713715643211	5.4347694817104093e-5	5.365580818671447e-4	1.7921346449621502	ENSG00000003436	upregulated
ENSG00000211857	-1.260975849506952	-0.38751076903636095	-4.571059907827674	5.6073105687044955e-5	5.49396000761887e-4	1.8240788634035	ENSG00000211857	downregulated
ENSG00000163220	1.3283082329242646	11.705279109929867	4.57156799613393	5.769209398079675e-5	5.627700488315457e-4	1.2880731671284398	ENSG00000163220	upregulated
ENSG00000196329	-1.0135201775285259	2.578072961008609	-4.559425772148915	5.806791023238139e-5	5.660800048423856e-4	1.5393304734721154	ENSG00000196329	downregulated
ENSG00000255491	1.6440024529426018	-0.7101986509683957	4.551630988061207	5.9443404291516924e-5	5.776736845622979e-4	1.776944381121421	ENSG00000255491	upregulated
ENSG00000232629	-2.9497545588895773	3.4706416952689505	-4.544786869774264	6.330767040041497e-5	6.068615376455107e-4	1.3978056907958614	ENSG00000232629	downregulated
ENSG00000165914	1.448065036941569	2.9100894769717494	4.529618496953372	6.49667968231576e-5	6.204649130093438e-4	1.385824159072282	ENSG00000165914	upregulated
ENSG00000168646	-1.183672743231618	2.7584187375743023	-4.524880490957182	6.526406370808886e-5	6.229203865307435e-4	1.4070147490305231	ENSG00000168646	downregulated
ENSG00000166681	1.0622718857476894	4.323087960705625	4.52136282387641	6.658797090794617e-5	6.316693754019847e-4	1.134515118992237	ENSG00000166681	upregulated
ENSG00000127920	1.4203558952074742	4.737234384928373	4.5234607577362285	6.745389001627528e-5	6.356074326563972e-4	1.0745819122775346	ENSG00000127920	upregulated
ENSG00000211652	2.3153835440471355	2.4818081181581424	4.515115021120705	6.914840830456081e-5	6.480313068300533e-4	1.4016646761401397	ENSG00000211652	upregulated
ENSG00000214274	1.2240579134721634	1.1431700126548674	4.499113458065041	6.958566783252027e-5	6.517353309676265e-4	1.5252802024917198	ENSG00000214274	upregulated
ENSG00000092200	-1.0168043318478528	1.4383694946329104	-4.4971615397347	6.9993807360774e-5	6.547671605341403e-4	1.4944346039324437	ENSG00000092200	downregulated
ENSG00000115607	-1.126107182055109	4.91843582033835	-4.499702077104049	7.147333594122567e-5	6.642009828929958e-4	1.002780794652118	ENSG00000115607	downregulated
ENSG00000171115	-1.1724568825483992	5.959058228014511	-4.5001248427033165	7.181049325194132e-5	6.661368124028767e-4	0.9099749564987629	ENSG00000171115	downregulated
ENSG00000110944	-1.391988603458278	2.764960267110656	-4.488551122361788	7.333886176975463e-5	6.782860739707182e-4	1.2988269603970712	ENSG00000110944	downregulated
ENSG00000278195	-1.0317035389516973	1.4444816280320265	-4.480599770280046	7.355306227927774e-5	6.798617377542298e-4	1.44700198770391	ENSG00000278195	downregulated
ENSG00000125730	-1.2924630771229728	2.2825685506898132	-4.48178398253534	7.429019372917002e-5	6.838224953943186e-4	1.3468228442935697	ENSG00000125730	downregulated
ENSG00000170858	1.8640150762623815	-0.39594089500952423	4.477413959604584	7.456944599596685e-5	6.859858288241079e-4	1.560671887983336	ENSG00000170858	upregulated
ENSG00000179899	-1.0237955076215108	1.1425382615786812	-4.475568615716601	7.466917958127354e-5	6.864961323684366e-4	1.4614575968651788	ENSG00000179899	downregulated
ENSG00000154027	-1.016801421536694	3.720473699861845	-4.472772783940794	7.644184416201428e-5	6.990642706089867e-4	1.1062314719394237	ENSG00000154027	downregulated
ENSG00000005249	1.4425796678834546	5.7660490373302515	4.480600979499189	7.661322689538884e-5	6.998063304755482e-4	0.8479091111995523	ENSG00000005249	upregulated
ENSG00000222037	2.6791477268055335	-0.053250245607714485	4.474694630300533	7.688519420639334e-5	7.018771996122194e-4	1.5258603620567843	ENSG00000222037	upregulated
ENSG00000171817	-1.1100234486626042	1.797842650434822	-4.464420590255066	7.720203524369826e-5	7.03114249342196e-4	1.3640126572167857	ENSG00000171817	downregulated
ENSG00000119714	-1.027901725145611	3.5582682479744467	-4.465440610777767	7.801669652469211e-5	7.084537254671983e-4	1.1113843913949433	ENSG00000119714	downregulated
ENSG00000042062	1.232092222058372	1.9473182362907664	4.45354213018869	8.014581202399114e-5	7.227102002861061e-4	1.3062864133139014	ENSG00000042062	upregulated
ENSG00000111644	1.1900332363705033	4.981492439531935	4.457781865835235	8.109748857514655e-5	7.279062776623397e-4	0.8559849636331283	ENSG00000111644	upregulated
ENSG00000156381	1.231180013556509	3.4713005132660832	4.453974619129076	8.14011061918685e-5	7.297916476977947e-4	1.0774688751900268	ENSG00000156381	upregulated
ENSG00000273129	-1.1870769587486376	-0.8508967701252782	-4.446706918683106	8.140164735765216e-5	7.297916476977947e-4	1.4904752761154043	ENSG00000273129	downregulated
ENSG00000147036	1.4383100787651086	0.9626728249505933	4.4462264320564255	8.163877449874863e-5	7.306505438405027e-4	1.3915192211819338	ENSG00000147036	upregulated
ENSG00000205639	1.9795481833636388	1.8865075084022773	4.448287456942036	8.328667282907134e-5	7.415478160613642e-4	1.289254085607884	ENSG00000205639	upregulated
ENSG00000145335	1.760684862062746	4.457085355703941	4.446392567628928	8.479424880943768e-5	7.528098448966105e-4	0.9011517461047571	ENSG00000145335	upregulated
ENSG00000047648	1.6043934334587016	1.9144969221574575	4.436784048113534	8.556414493429874e-5	7.587763796060455e-4	1.2539035824118985	ENSG00000047648	upregulated
ENSG00000233968	1.7225632566752234	0.09353738525851067	4.418429589581878	8.904290559082511e-5	7.855334681299532e-4	1.3735984301362185	ENSG00000233968	upregulated
ENSG00000198959	1.1348053806536238	2.8297807684477547	4.41970890032311	8.94023642655961e-5	7.874109425095943e-4	1.0836411801935437	ENSG00000198959	upregulated
ENSG00000173372	1.4196514714928887	4.1563749543359485	4.421845595679352	9.052887330533591e-5	7.959766581438547e-4	0.8711892815287685	ENSG00000173372	upregulated
ENSG00000261150	-1.4183687764155035	3.042430351354266	-4.41677156680797	9.093962349501234e-5	7.991351617040462e-4	1.0519673067445563	ENSG00000261150	downregulated
ENSG00000102145	1.8965611082648248	1.6060602061920228	4.406845084270849	9.371739379795435e-5	8.175234970788933e-4	1.2059662786532641	ENSG00000102145	upregulated
ENSG00000168497	1.282777785453769	6.609055811803989	4.41202832073848	9.387770162435284e-5	8.184615807721823e-4	0.6216885561718737	ENSG00000168497	upregulated
ENSG00000253394	1.7655141871139948	-0.3144932403781284	4.397139390806275	9.451446454573609e-5	8.226258951202956e-4	1.3372601612749841	ENSG00000253394	upregulated
ENSG00000170439	4.003527872029102	0.41311204928247036	4.406897387436345	9.53137215760828e-5	8.281881353753747e-4	1.3190065930120314	ENSG00000170439	upregulated
ENSG00000132801	-1.1222583163947313	1.27455730810999	-4.393093945266269	9.553045658930993e-5	8.291977704220797e-4	1.2161066251316308	ENSG00000132801	downregulated
ENSG00000106976	1.27074114524898	1.520894857643856	4.393374728056963	9.553684176300815e-5	8.291977704220797e-4	1.1865382574857408	ENSG00000106976	upregulated
ENSG00000147454	1.042871932842882	5.8000701178750385	4.388310271333551	9.952633795409056e-5	8.566334637446974e-4	0.5788886785450611	ENSG00000147454	upregulated
ENSG00000187010	3.252871795690108	0.8102362644903889	4.374279641074644	1.0496160740570912e-4	8.939893085461551e-4	1.1919848909291861	ENSG00000187010	upregulated
ENSG00000186152	1.6839083969711652	-0.664084309176898	4.357986815716173	1.0606170721595336e-4	9.013792213257187e-4	1.242657701594057	ENSG00000186152	upregulated
ENSG00000121690	-1.0214212152340292	0.1778492837432685	-4.348301160604787	1.0916270731507428e-4	9.211717031865083e-4	1.177106500939363	ENSG00000121690	downregulated
ENSG00000050767	1.5111224683536248	-0.2742623722355284	4.3476470828215765	1.0937530153818045e-4	9.22463799269809e-4	1.1990718273388588	ENSG00000050767	upregulated
ENSG00000088836	1.4945049670139594	-0.20887577723908834	4.341989613295717	1.1123120021717871e-4	9.340530131935255e-4	1.1803264604219112	ENSG00000088836	upregulated
ENSG00000287789	-1.4164833576179197	0.6831780570839525	-4.341050166711756	1.1154236095185706e-4	9.356527952208237e-4	1.1245928573211588	ENSG00000287789	downregulated
ENSG00000215458	-1.0674726026197905	3.6774238476101266	-4.344797212573504	1.1214448269743152e-4	9.401950954795476e-4	0.7417205371756035	ENSG00000215458	downregulated
ENSG00000171522	-1.1558800177323851	7.946044748534187	-4.349074779178326	1.1261016897986536e-4	9.42570815368436e-4	0.47866809572656965	ENSG00000171522	downregulated
ENSG00000211594	1.4893022771168383	-0.22191858971157594	4.329641145416754	1.1539015898223003e-4	9.596253972195108e-4	1.1466511478996795	ENSG00000211594	upregulated
ENSG00000102024	1.375787129431484	0.12633615975418888	4.328026804459144	1.1594503499365006e-4	9.632070127217528e-4	1.1226803276525041	ENSG00000102024	upregulated
ENSG00000204424	1.65633512946602	-0.4716187993067549	4.327128192046356	1.162550376672225e-4	9.638606763857354e-4	1.151339516535109	ENSG00000204424	upregulated
ENSG00000182175	1.5888034074996171	-0.46913098984549695	4.326383175471768	1.165126700872301e-4	9.648219503753012e-4	1.149020222266997	ENSG00000182175	upregulated
ENSG00000131849	-1.0586549196266948	0.7090888124457801	-4.318436039528651	1.1929598233211253e-4	9.836686262472438e-4	1.0559417164213398	ENSG00000131849	downregulated
ENSG00000125726	1.0192617718308516	1.517230407959484	4.304560811338324	1.2431281590205088e-4	0.001019075990824952	0.9340280698146319	ENSG00000125726	upregulated
ENSG00000169704	1.5864410302615815	4.406474688435351	4.31546197618902	1.2484582472451465e-4	0.0010223646998295788	0.5267249473087849	ENSG00000169704	upregulated
ENSG00000259207	1.8387086145197777	5.711689997490929	4.307518155964327	1.2780055722316473e-4	0.0010416114779460246	0.36366207408556317	ENSG00000259207	upregulated
ENSG00000196584	1.208638059801736	0.09781016039782373	4.294840714525453	1.279500782844305e-4	0.0010422824129157128	1.0316515167454146	ENSG00000196584	upregulated
ENSG00000183655	-1.10391264485221	2.1033226928702216	-4.29160952885325	1.292329252270794e-4	0.0010499752070570988	0.8341369696464387	ENSG00000183655	downregulated
ENSG00000241244	2.7986421680380205	0.09870669745533499	4.293404322144201	1.317622984503094e-4	0.0010664434795247268	1.018329641577969	ENSG00000241244	upregulated
ENSG00000186081	-2.048672451391597	-1.0249662535919857	-4.286631158229016	1.3226201169327494e-4	0.0010678728794183729	1.0471467975465227	ENSG00000186081	downregulated
ENSG00000211642	2.7903881606836105	1.8585029909928987	4.2940515647388855	1.3296721950000552e-4	0.001073008103249264	0.8630334505623214	ENSG00000211642	upregulated
ENSG00000140284	1.3972556253191546	0.5438722561996548	4.281344608423347	1.3317406676761074e-4	0.001073560174410417	0.9634782002090416	ENSG00000140284	upregulated
ENSG00000211658	3.9346681312406524	1.8461883233110645	4.292097518345402	1.3373376726654758e-4	0.001076393736535627	0.8849811653591182	ENSG00000211658	upregulated
ENSG00000172382	1.2493613257633265	-0.78619246617651	4.276806279669554	1.3497732383708534e-4	0.001084714141302173	1.0236288538153095	ENSG00000172382	upregulated
ENSG00000105708	-1.3012620210810613	3.767595293109927	-4.280219359378616	1.369665576446056e-4	0.0010978600217899806	0.5438486408817527	ENSG00000105708	downregulated
ENSG00000256029	-1.0773389646546583	-0.7205349497495919	-4.271867153158746	1.3696706267979448e-4	0.0010978600217899806	1.0091845298158066	ENSG00000256029	downregulated
ENSG00000233913	4.055650703433643	2.4080212730907142	4.282840159660676	1.3742470328483017e-4	0.0011004244848485715	0.7994165193216132	ENSG00000233913	upregulated
ENSG00000164171	1.3907742981934597	-0.3249939597664793	4.261044449166608	1.4142816427928256e-4	0.0011243212854800987	0.9627084816377902	ENSG00000164171	upregulated
ENSG00000143995	1.1916053121986507	2.5339754757719097	4.263197544046874	1.422073942930731e-4	0.001129936826580719	0.680177107477669	ENSG00000143995	upregulated
ENSG00000164181	1.7005844056287849	2.693273042460448	4.25327033509174	1.4829948267227022e-4	0.0011687626911823735	0.6261425067923314	ENSG00000164181	upregulated
ENSG00000070182	2.1258374253945496	2.0647955718729625	4.255432951425055	1.4838021106694966e-4	0.0011688050145497151	0.7185570484998598	ENSG00000070182	upregulated
ENSG00000156453	-1.2711043915375715	2.5015669795441324	-4.2470559022625665	1.4946432008790212e-4	0.001175616077099642	0.6460785374013183	ENSG00000156453	downregulated
ENSG00000186235	-1.1369813524023333	0.7809626860990697	-4.23206963478893	1.5408490456591894e-4	0.001204564954545062	0.809573719019582	ENSG00000186235	downregulated
ENSG00000088726	1.6319364229539808	2.952656127011294	4.240225270577138	1.5425293589565377e-4	0.0012046641670400754	0.5490675707948673	ENSG00000088726	upregulated
ENSG00000252835	-1.1284758972305222	0.21262247879517765	-4.220714810235658	1.5934217300079664e-4	0.0012320025439892103	0.8219942683340191	ENSG00000252835	downregulated
ENSG00000211670	2.6790328334258886	1.935107200216666	4.230946876571454	1.6004259127281155e-4	0.0012354120374617947	0.6745092670029074	ENSG00000211670	upregulated
ENSG00000108950	2.4855774068143437	3.182843138171027	4.226321869697686	1.6222729624629058e-4	0.0012462334644774476	0.48996891954502075	ENSG00000108950	upregulated
ENSG00000163221	1.7755381890175572	6.871574704565448	4.223092185901977	1.6377021462425312e-4	0.0012562233168830505	0.08622501229977164	ENSG00000163221	upregulated
ENSG00000167100	2.2203362930216057	0.20262539272846988	4.211095455102711	1.6699448231816333e-4	0.0012721436251251048	0.7856225819810865	ENSG00000167100	upregulated
ENSG00000110436	1.1992539394481427	-0.3874368661954771	4.194154700726968	1.723355377339989e-4	0.0013057763508814474	0.7822005892588164	ENSG00000110436	upregulated
ENSG00000237054	-1.0474474491335743	0.8702182706201823	-4.193514012044834	1.7266145466575189e-4	0.00130696884424881	0.6935164467371999	ENSG00000237054	downregulated
ENSG00000232807	1.1626402650229413	0.5879030102303341	4.192248353799003	1.7330706765834107e-4	0.0013092998633126498	0.7113521504954727	ENSG00000232807	upregulated
ENSG00000108960	1.1630443783678848	5.484409741886313	4.202224648892404	1.7409193124358796e-4	0.0013145890231684757	0.06077694843926018	ENSG00000108960	upregulated
ENSG00000124491	1.2369502577708502	8.79300680200414	4.201907833430228	1.742534529211273e-4	0.0013151683964996031	0.08642189431767555	ENSG00000124491	upregulated
ENSG00000235532	-1.2494558209244864	3.2400649839208935	-4.191661610769563	1.7680570825239723e-4	0.0013299013263795738	0.37747533074741035	ENSG00000235532	downregulated
ENSG00000182732	1.5278501010558796	1.5175468454155743	4.189936006717265	1.770326637290125e-4	0.0013303181271497014	0.6049672558432544	ENSG00000182732	upregulated
ENSG00000112290	1.1302128268675118	2.4976910666474312	4.186626969073083	1.779190630173322e-4	0.00133365154000298	0.46974637307484723	ENSG00000112290	upregulated
ENSG00000085733	1.4166038330392077	3.358123954085343	4.1816635793027945	1.8299960503442037e-4	0.0013645787856172403	0.31641687327891965	ENSG00000085733	upregulated
ENSG00000267767	-1.3834758175111181	0.11905392013643983	-4.168911198314284	1.8564399761577044e-4	0.0013803156294441993	0.6876952668009846	ENSG00000267767	downregulated
ENSG00000150760	1.1616553958921345	0.8156525408510396	4.16716632502965	1.8660020498475084e-4	0.0013860963502459222	0.6217952104980045	ENSG00000150760	upregulated
ENSG00000168811	1.026222270802339	0.903303965044395	4.166544885095186	1.8694192316889407e-4	0.0013879699513401373	0.6108250371969497	ENSG00000168811	upregulated
ENSG00000183762	1.7479910880236216	0.4238809403520599	4.169090505925654	1.8776217263224672e-4	0.0013919004726537006	0.6555297986919779	ENSG00000183762	upregulated
ENSG00000225936	1.3725398611868402	1.3571129074289456	4.166491011579387	1.8851510319691203e-4	0.0013963081425903082	0.5603426600408374	ENSG00000225936	upregulated
ENSG00000211973	2.9095532849233896	2.6691486002640743	4.169833995316428	1.9138893049811328e-4	0.0014142173949622378	0.41222874582235836	ENSG00000211973	upregulated
ENSG00000247903	-1.0760106191930592	-0.3015620282844345	-4.1488830930923175	1.969140562717699e-4	0.001444036412659646	0.6563672718435702	ENSG00000247903	downregulated
ENSG00000259781	2.325874885138924	0.8317399783238604	4.156065771220967	1.9724522869854486e-4	0.001445737436941037	0.5822454868056317	ENSG00000259781	upregulated
ENSG00000204882	-1.7221415964579683	-0.11228060680159681	-4.149384526100512	1.9779530610633647e-4	0.0014477608294994236	0.6464819171575806	ENSG00000204882	downregulated
ENSG00000211654	3.77495201460419	0.44089241721103284	4.157300304329263	1.985246269924714e-4	0.001452413662572279	0.6283742091671272	ENSG00000211654	upregulated
ENSG00000286010	-1.499000605567364	-0.22183408131939422	-4.140110419893233	2.0205892514035527e-4	0.001474098743615668	0.6302978795050134	ENSG00000286010	downregulated
ENSG00000006327	1.72129514188521	1.6948041135137883	4.142906337942593	2.041056933245093e-4	0.0014862557854056493	0.4519098083466906	ENSG00000006327	upregulated
ENSG00000110079	1.3801491263991803	4.923481998068919	4.140142508811796	2.0871696687629678e-4	0.0015141254238780933	-0.05045400502369102	ENSG00000110079	upregulated
ENSG00000136237	1.1088585056788798	-0.3587241006849368	4.126853725769107	2.1008397341012688e-4	0.0015211962780537199	0.5973064044429277	ENSG00000136237	upregulated
ENSG00000255833	-1.282073585583745	-0.3102750216685482	-4.124483262084254	2.1155145023225448e-4	0.0015275432928781505	0.5915839295010228	ENSG00000255833	downregulated
ENSG00000126016	-1.1011807841630028	0.14642311292856094	-4.107976331172226	2.2205200476075774e-4	0.0015878407532684891	0.5169431602912509	ENSG00000126016	downregulated
ENSG00000159388	-1.0021516961686423	8.974236011641912	-4.103825817796471	2.2976790732084514e-4	0.001631730880286771	-0.17548136412405935	ENSG00000159388	downregulated
ENSG00000211959	3.447313431089555	5.292561034400432	4.105244175026378	2.3105352090388377e-4	0.0016371128868064126	-0.09785542620348142	ENSG00000211959	upregulated
ENSG00000065534	1.4856939793232526	4.329415749306827	4.097012981210274	2.3665356084385397e-4	0.001667649581412165	-0.08515734499343086	ENSG00000065534	upregulated
ENSG00000154764	-1.3048867010556853	2.0971156137825506	-4.0856743110386455	2.3991209408111213e-4	0.00168525207391216	0.24932879290609922	ENSG00000154764	downregulated
ENSG00000102678	-1.1988358288264125	0.10392916574822507	-4.080840796036423	2.4043107165543095e-4	0.0016881330563040895	0.44669626652421535	ENSG00000102678	downregulated
ENSG00000236304	1.5197951034418073	2.7550494233121445	4.0755826501662265	2.494603505480275e-4	0.0017381536554357173	0.11446363308177432	ENSG00000236304	upregulated
ENSG00000185222	1.1480994738806354	0.08209380664696478	4.063871453191311	2.526713923477551e-4	0.001755008193154358	0.3984098181117668	ENSG00000185222	upregulated
ENSG00000237296	-2.1582900501887234	0.26663888160022076	-4.067587659858929	2.541565093415221e-4	0.001763194670837524	0.3951994144072568	ENSG00000237296	downregulated
ENSG00000184613	-1.15455324820398	6.057454047439818	-4.069605237947307	2.562739979648172e-4	0.0017720952779466405	-0.3332853046207962	ENSG00000184613	downregulated
ENSG00000128383	1.041365247918728	7.320279863747123	4.059665994856582	2.6253415407261326e-4	0.0018033236180984198	-0.36955116029840696	ENSG00000128383	upregulated
ENSG00000187800	1.6594060223899358	3.460117354922283	4.0573260386414836	2.655720226033182e-4	0.0018161472974327448	-0.05175082104301598	ENSG00000187800	upregulated
ENSG00000220412	-1.8425698164526585	0.6122694075626608	-4.048190193063346	2.6830394454156124e-4	0.0018319434733569072	0.31383459155190074	ENSG00000220412	downregulated
ENSG00000144290	-2.3076076465635005	0.9670180845933684	-4.043781924006407	2.7382527715584835e-4	0.0018627324774943893	0.27101028855442166	ENSG00000144290	downregulated
ENSG00000211967	2.217674568840659	3.2848376998470417	4.043486469100121	2.7644704398799215e-4	0.0018780962121129033	-0.04746028892030818	ENSG00000211967	upregulated
ENSG00000136842	1.6452469647502426	0.9809512755585892	4.0362221218748475	2.7752425506471254e-4	0.0018829401557540208	0.23810241795375742	ENSG00000136842	upregulated
ENSG00000189013	1.1963323699778377	2.169781943699157	4.0145064244615645	2.9476653742646413e-4	0.001974223009830813	0.03349648107172509	ENSG00000189013	upregulated
ENSG00000118402	-1.4119702660115256	0.04427246628589058	-4.00327412599892	3.015513124690418e-4	0.002014238094915951	0.2421272208750871	ENSG00000118402	downregulated
ENSG00000101162	1.2920646840514394	7.552070637398343	4.009796099431327	3.047714791676739e-4	0.0020296288715717574	-0.5051082271724656	ENSG00000101162	upregulated
ENSG00000167476	1.4149473694270154	-0.22174317587976763	3.997969051639353	3.062454515636689e-4	0.0020376949608547855	0.24188828690290798	ENSG00000167476	upregulated
ENSG00000133216	1.271665741944446	2.9866381167462253	3.9954684369070725	3.1341950187855776e-4	0.002072979306667988	-0.14474904133668254	ENSG00000133216	upregulated
ENSG00000099250	-1.1308987204628684	1.8737948095568877	-3.978427400364805	3.2537953860599676e-4	0.0021411271293080227	-0.016430126044951976	ENSG00000099250	downregulated
ENSG00000149564	1.4423800360814547	4.5830808935614344	3.9859855746111847	3.264787460070447e-4	0.00214744925808705	-0.4356915251820732	ENSG00000149564	upregulated
ENSG00000213025	2.808019751891469	-1.4647968277378176	3.9804680128006917	3.2876479440629476e-4	0.0021597382300896366	0.22176883591931684	ENSG00000213025	upregulated
ENSG00000211900	1.3631131270950778	-0.08741924870606033	3.9684644252517045	3.336815323477067e-4	0.0021837133192881566	0.15323980096383494	ENSG00000211900	upregulated
ENSG00000211625	4.032280027363473	2.1625782126403745	3.9774345503832707	3.346368468031439e-4	0.0021890415410867827	-0.01524693582217207	ENSG00000211625	upregulated
ENSG00000143452	1.1560696129230525	-0.3416080448983837	3.9645336464479617	3.3751294395548636e-4	0.002206924856977063	0.1586553246753617	ENSG00000143452	upregulated
ENSG00000134668	1.7433284077401803	1.5817918181562909	3.9665732128726354	3.4146172621817516e-4	0.002222438679665924	-0.02188752367078184	ENSG00000134668	upregulated
ENSG00000082781	1.5047291320474296	4.569620961631994	3.9677695762003564	3.440972224058637e-4	0.002233032602307509	-0.4826460592557851	ENSG00000082781	upregulated
ENSG00000100298	1.043594426495977	1.810224216889651	3.957508636524699	3.444674171402936e-4	0.002233565902945633	-0.07000447409796706	ENSG00000100298	upregulated
ENSG00000013016	1.0866608484712819	5.229777811528939	3.9644759510390055	3.462976341590961e-4	0.0022404385309642712	-0.5844411845234214	ENSG00000013016	upregulated
ENSG00000086289	1.0456743423683057	1.7214708786722066	3.95299264569211	3.490115847267264e-4	0.0022498627095226625	-0.07096631261023134	ENSG00000086289	upregulated
ENSG00000148498	1.333768949230104	2.1393011141148093	3.9566135772763436	3.499489520416785e-4	0.0022540316636903792	-0.12354453503439888	ENSG00000148498	upregulated
ENSG00000277632	-1.0669904439474571	5.424613875883277	-3.956057504955202	3.542523728666352e-4	0.002277966129005602	-0.6112433759020988	ENSG00000277632	downregulated
ENSG00000091986	1.0706225560506228	-0.499313834862392	3.943689275556091	3.585578349920783e-4	0.0022999305296638275	0.11218113923902973	ENSG00000091986	upregulated
ENSG00000226726	-1.2405104295192064	-0.5483609721260304	-3.9426721602733803	3.596167996342956e-4	0.002304816761292531	0.11560610250949566	ENSG00000226726	downregulated
ENSG00000072422	1.5439142702296573	2.8748570045609996	3.9489393809131466	3.6044810944664877e-4	0.002308237067513428	-0.25587293813974643	ENSG00000072422	upregulated
ENSG00000211935	3.0840802605596	2.6391716451751317	3.948313162985729	3.63939398206689e-4	0.002327711367499277	-0.18902958754418986	ENSG00000211935	upregulated
ENSG00000101470	1.0276556459318273	-0.08273061157735574	3.9214154923726277	3.824581038814715e-4	0.002417247429177515	0.025227069851598394	ENSG00000101470	upregulated
ENSG00000234456	1.837867926600514	0.31630204753143465	3.9155554053457995	3.9400698267579856e-4	0.0024761135742713274	-0.026772512629817946	ENSG00000234456	upregulated
ENSG00000227218	-1.0269593001076676	0.3500858656636003	-3.8946404209238437	4.132459657153619e-4	0.0025780310471827084	-0.07806539715959637	ENSG00000227218	downregulated
ENSG00000176928	-1.0488245132188039	1.9560170424464156	-3.8905406567218637	4.185697761975873e-4	0.00260305422166182	-0.2671914178613175	ENSG00000176928	downregulated
ENSG00000246898	-1.1374252426749276	0.9969558396081761	-3.886842789875203	4.2265681126633795e-4	0.0026221628570963604	-0.1599396073510846	ENSG00000246898	downregulated
ENSG00000151012	1.409566204376408	-0.6571444429656261	3.8786320284634477	4.327915156832519e-4	0.0026764738469885314	-0.05033525364206337	ENSG00000151012	upregulated
ENSG00000231682	-1.049799028573251	-0.14187032842087424	-3.8664735180832834	4.482343476285685e-4	0.0027554953356001177	-0.11409423453515632	ENSG00000231682	downregulated
ENSG00000054356	1.6153066234729019	-0.07027171066086182	3.865409037315607	4.525461187696496e-4	0.0027754014638660595	-0.12728615956309675	ENSG00000054356	upregulated
ENSG00000115641	1.379974488833533	1.415634236393114	3.866400255307835	4.529244552920962e-4	0.0027763293468185163	-0.27447806936493624	ENSG00000115641	upregulated
ENSG00000177875	-1.7216167352139142	0.1414612444112615	-3.865276727442296	4.542105679477756e-4	0.002782308810770142	-0.1405276883777562	ENSG00000177875	downregulated
ENSG00000183479	-1.0101061852094406	0.03533973097108218	-3.8589709677810413	4.580294016050221e-4	0.002797775871475055	-0.14779725176944414	ENSG00000183479	downregulated
ENSG00000268555	1.9720102625997333	1.6649052095490384	3.8570661442826477	4.6977718327963046e-4	0.002857350632418458	-0.33040645704708815	ENSG00000268555	upregulated
ENSG00000135424	1.3319546487577987	1.0635340568276175	3.8501305162404234	4.7290808776359546e-4	0.002873013882183065	-0.2756465527688645	ENSG00000135424	upregulated
ENSG00000165895	1.142705669949281	0.7184879099527511	3.8476536591057258	4.7319959618596767e-4	0.002873659254833343	-0.24265974261197076	ENSG00000165895	upregulated
ENSG00000186871	1.0419244329243167	0.19162688342087492	3.833115018687218	4.934056578857366e-4	0.002972694554673766	-0.23288247386842986	ENSG00000186871	upregulated
ENSG00000180354	1.0012994618638977	3.903880894399274	3.835058971615102	4.976075350836043e-4	0.0029937520826790937	-0.7472209263134708	ENSG00000180354	upregulated
ENSG00000183625	1.0258604937623401	-0.085306422221745	3.821838341265453	5.096528987892771e-4	0.003053192916269482	-0.24038892090663655	ENSG00000183625	upregulated
ENSG00000134548	1.4677524147701804	1.7388315375035308	3.8226456511972717	5.156069791774135e-4	0.003082908345043054	-0.435887135011944	ENSG00000134548	upregulated
ENSG00000156510	-1.1571014013478467	1.540368510878697	-3.815856448789991	5.202477703828013e-4	0.00310109258979141	-0.4172397700297088	ENSG00000156510	downregulated
ENSG00000187699	1.2799386193121478	3.8255102153154943	3.8180255680486272	5.256148763443207e-4	0.0031234815065518825	-0.7797158262699604	ENSG00000187699	upregulated
ENSG00000125968	1.20143315851506	4.365861163762436	3.817159631169374	5.287153261006766e-4	0.003137098204981444	-0.8748095832594274	ENSG00000125968	upregulated
ENSG00000117400	1.6763635616161536	0.9435194934877513	3.813595588708411	5.290582011908703e-4	0.003137932199032657	-0.36318129445788205	ENSG00000117400	upregulated
ENSG00000144677	1.1280310147139976	3.273256365092524	3.8126267482807092	5.30594265223605e-4	0.0031457513768319233	-0.6987630544889818	ENSG00000144677	upregulated
ENSG00000186231	-1.0391361699188815	0.9465086754618355	-3.7997667920973273	5.429699370497138e-4	0.0032059511986044977	-0.39078821641847394	ENSG00000186231	downregulated
ENSG00000143297	1.1612957513893942	4.75052757804932	3.8072848564058397	5.450724839874668e-4	0.0032120342806404296	-0.9615794569327871	ENSG00000143297	upregulated
ENSG00000125740	-1.111205323373909	8.538343445836746	-3.8064439858146057	5.46379506235058e-4	0.0032172916255526767	-1.0299973982641282	ENSG00000125740	downregulated
ENSG00000198121	-1.2071790277380496	2.647621182224904	-3.7985566585641983	5.520282511482193e-4	0.0032431659754957884	-0.6248803662671119	ENSG00000198121	downregulated
ENSG00000088053	1.541779314819438	3.112753929675894	3.7993696902260408	5.562168836336497e-4	0.0032640650265448002	-0.707472006742254	ENSG00000088053	upregulated
ENSG00000232613	1.0670708553381045	-0.623432970566492	3.788432661359632	5.60890740970734e-4	0.0032827982613041827	-0.2909682268756022	ENSG00000232613	upregulated
ENSG00000255398	-1.120915483728174	4.107360182755051	-3.7930193705813324	5.633073348189139e-4	0.003291973158644067	-0.8813834978013899	ENSG00000255398	downregulated
ENSG00000275302	-1.3286933841611228	6.5425399117725425	-3.7924206864110324	5.686308461815523e-4	0.003313984028673253	-1.114655663932238	ENSG00000275302	downregulated
ENSG00000184221	-1.0955590494208596	3.4269181977783676	-3.782638413541608	5.78025787275268e-4	0.0033489652449157294	-0.7960015937037284	ENSG00000184221	downregulated
ENSG00000251661	1.4066050092523565	2.1317903134905696	3.779846036263572	5.826462063377242e-4	0.0033694417077919847	-0.6062023114274728	ENSG00000251661	upregulated
ENSG00000197880	-1.040595942487231	2.3491362743772886	-3.7747199712417405	5.869452895148361e-4	0.0033856415919935015	-0.6420587438022567	ENSG00000197880	downregulated
ENSG00000215374	-1.1767930796331423	-0.37212332737693193	-3.767421633203639	5.956416105318637e-4	0.003433073719564922	-0.35902736911742217	ENSG00000215374	downregulated
ENSG00000156265	1.0103569858217423	5.085475092247992	3.770766516695938	6.01099376564635e-4	0.003455541634735911	-1.1032888879190246	ENSG00000156265	upregulated
ENSG00000161640	1.9642070594106196	0.34829353625178205	3.765379782635696	6.071624233938582e-4	0.0034800773048184555	-0.42958831650160345	ENSG00000161640	upregulated
ENSG00000267317	-1.4267199284755798	-0.9417840615499468	-3.7575118721759058	6.127476902122928e-4	0.003495298519747209	-0.3521595589095039	ENSG00000267317	downregulated
ENSG00000063660	1.0520541825171605	0.7032261013704884	3.7553917660200473	6.164687421097084e-4	0.0035126488575024165	-0.48876470806995975	ENSG00000063660	upregulated
ENSG00000238241	-1.0858371911004283	-0.39899903445117807	-3.755112579834261	6.169603779078476e-4	0.003513190647855423	-0.38986874641714664	ENSG00000238241	downregulated
ENSG00000103089	1.4432032938861579	-0.38508042239141405	3.7530868142285563	6.205390709638542e-4	0.003526316920339843	-0.3976304094525718	ENSG00000103089	upregulated
ENSG00000123095	1.150674238026171	0.7845276704730297	3.74878332659936	6.282084519769704e-4	0.0035625276380851227	-0.514332645514437	ENSG00000123095	upregulated
ENSG00000198626	1.5779960481327822	-0.028661152655551272	3.7483744914472745	6.328038504493916e-4	0.0035820393140401693	-0.44058491996276317	ENSG00000198626	upregulated
ENSG00000134901	1.0161291694452506	-0.006593477946765438	3.74476801434392	6.354470512221871e-4	0.0035930673585330376	-0.4505058433887994	ENSG00000134901	upregulated
ENSG00000269970	1.1738661826299208	0.46865056483521506	3.736376010782098	6.508376193235472e-4	0.003666724110319004	-0.5148368413939135	ENSG00000269970	upregulated
ENSG00000138722	1.5676129514963835	3.2190928165121173	3.739022804091167	6.616934288398221e-4	0.003710991522534577	-0.8901664224639179	ENSG00000138722	upregulated
ENSG00000258511	-1.5110021342250084	0.4357320248449621	-3.730855234265598	6.664621078894476e-4	0.003731706604103008	-0.5233116122237425	ENSG00000258511	downregulated
ENSG00000049323	1.4723127294572969	3.961438096452562	3.7285257905360525	6.816505753013667e-4	0.0038016542333420343	-1.0456829073362792	ENSG00000049323	upregulated
ENSG00000085741	1.6018316049594237	0.21575504927810057	3.719950607780583	6.875691721089322e-4	0.0038250351002186295	-0.5373947631491633	ENSG00000085741	upregulated
ENSG00000276758	2.3661994068632644	1.7417748059048086	3.7243110726880286	6.898267794619409e-4	0.0038334694910264074	-0.6949909692915943	ENSG00000276758	upregulated
ENSG00000151575	1.0858037429569798	-0.4316029851272536	3.70401129452025	7.136452603547393e-4	0.00394885408066429	-0.524285467084252	ENSG00000151575	upregulated
ENSG00000127533	1.3339799765878488	1.1346983261908727	3.7060094413032587	7.152057519224056e-4	0.003956077465162807	-0.6715081710874093	ENSG00000127533	upregulated
ENSG00000138316	1.0508827261367517	-0.6866933006724291	3.6967104720466604	7.286039772857257e-4	0.004007606325050609	-0.5261177338070633	ENSG00000138316	upregulated
ENSG00000230006	1.048623309148773	2.0678463577474235	3.696712668320407	7.327608480177916e-4	0.0040157956032052	-0.8190231690639562	ENSG00000230006	upregulated
ENSG00000095303	1.008601377298211	6.8094604122446345	3.702381343907194	7.339259453863005e-4	0.004018069683353873	-1.375027678011155	ENSG00000095303	upregulated
ENSG00000170271	1.3963398347728013	4.311677524815558	3.699721186711695	7.394575381021676e-4	0.004044071373753392	-1.182849012504942	ENSG00000170271	upregulated
ENSG00000125245	-1.1618493155169074	4.129258811037049	-3.6958770726910073	7.428520238482108e-4	0.004056913693621743	-1.147726306042327	ENSG00000125245	downregulated
ENSG00000165702	1.2947738601037848	3.6488535949349794	3.693036240160795	7.502017399512265e-4	0.00408267683741878	-1.0898514718157912	ENSG00000165702	upregulated
ENSG00000269235	1.1535814471532229	-0.024409873227676744	3.685276111584789	7.526434580545229e-4	0.00409309257869062	-0.6045537203839304	ENSG00000269235	upregulated
ENSG00000150337	1.289070718483333	3.8036042019921052	3.6902196066338617	7.576373642900652e-4	0.004113040084052821	-1.1249237719515621	ENSG00000150337	upregulated
ENSG00000168306	1.3250419874900459	0.32656436960082524	3.6783628339031456	7.681716944106209e-4	0.004160035956811707	-0.653806172765119	ENSG00000168306	upregulated
ENSG00000087237	1.3849588857929624	0.8729353837466549	3.6768883467315585	7.767063412886985e-4	0.0042018539774634515	-0.7184070380060463	ENSG00000087237	upregulated
ENSG00000204323	1.4925247680955176	2.3092614679997685	3.6788554946148544	7.787303390539337e-4	0.004211334574172424	-0.904137050981328	ENSG00000204323	upregulated
ENSG00000108576	1.191871182708313	1.0353606345339177	3.66807564177039	7.922207489811004e-4	0.0042723726761811085	-0.7581042874169608	ENSG00000108576	upregulated
ENSG00000122786	1.4370648943152458	1.356267742424288	3.6702325365571644	7.93824586247123e-4	0.0042795340051070135	-0.794314054565481	ENSG00000122786	upregulated
ENSG00000167306	1.28273840479001	-0.5803035650461743	3.665361847822641	7.963545181183324e-4	0.00428870089444977	-0.6134802395683856	ENSG00000167306	upregulated
ENSG00000156959	1.0925473717769152	-0.2645860798214878	3.656604210410154	8.16345102490892e-4	0.0043705600758141986	-0.6600240348360362	ENSG00000156959	upregulated
ENSG00000173114	-1.528387372864895	3.632777067627343	-3.6615258230002836	8.234737647604833e-4	0.004401129597324293	-1.1503539129533102	ENSG00000173114	downregulated
ENSG00000185339	1.0643307929215569	5.679215050970979	3.660961862047131	8.247809564723567e-4	0.004402134305173095	-1.4609363680556475	ENSG00000185339	upregulated
ENSG00000126262	1.058763348909996	3.9855886034214545	3.651596269600413	8.409363067928059e-4	0.004471348000807823	-1.2621468744181614	ENSG00000126262	upregulated
ENSG00000108839	1.06193164198493	3.6297020894031644	3.6505843416283463	8.415640418719585e-4	0.004473152258202219	-1.2017894641404459	ENSG00000108839	upregulated
ENSG00000100678	1.5850295112034407	-0.15347087499503265	3.6467880085080773	8.44612491063661e-4	0.0044878176554975615	-0.6962731464968082	ENSG00000100678	upregulated
ENSG00000235641	1.847966633544436	-0.7759100185002752	3.642331768079047	8.564660281359199e-4	0.004530623498085988	-0.6624881222996883	ENSG00000235641	upregulated
ENSG00000198478	1.2499405732292193	4.648526223301605	3.6468822019357754	8.58074123586192e-4	0.00453460674917263	-1.3811620866237826	ENSG00000198478	upregulated
ENSG00000134531	1.5856740601011037	3.482464568382388	3.64458611594019	8.636253324419492e-4	0.0045509079510028935	-1.188446974309107	ENSG00000134531	upregulated
ENSG00000280411	2.4068159983549324	4.466355753576024	3.6389542360243428	8.773888646473834e-4	0.004608290526147486	-1.3344376713259756	ENSG00000280411	upregulated
ENSG00000164047	1.042855645633416	-0.606616558695564	3.6290480734162243	8.82459991492689e-4	0.004623218315129464	-0.7061605430375657	ENSG00000164047	upregulated
ENSG00000133328	1.5634923259274496	0.018311060852139075	3.6315965099048007	8.826144056156251e-4	0.004623218315129464	-0.7514813762056018	ENSG00000133328	upregulated
ENSG00000180767	-1.1049611359440532	3.392416821883961	-3.6318324340151054	8.86472005058683e-4	0.00464029051584886	-1.1992262109746488	ENSG00000180767	downregulated
ENSG00000276566	4.783949753310344	0.8595723269300111	3.6273086698521024	9.065247266688208e-4	0.0047166046664318725	-0.7931675357605084	ENSG00000276566	upregulated
ENSG00000240563	1.2041174249243434	0.5004945661078843	3.6050517737034027	9.442212621074564e-4	0.004875123760082106	-0.8636378442416683	ENSG00000240563	upregulated
ENSG00000261804	-1.12800980960307	-0.03401697476356186	-3.597466557024535	9.645972172005781e-4	0.0049572242673230505	-0.8284122512307608	ENSG00000261804	downregulated
ENSG00000279141	-1.0710501499069602	-0.26496194556169084	-3.5935960260252773	9.751573322768079e-4	0.004996594061319223	-0.8199637882551594	ENSG00000279141	downregulated
ENSG00000146070	-1.1579484622434584	3.418839321437441	-3.585603773532389	0.0010120677294774315	0.0051567577149129315	-1.3269751175156852	ENSG00000146070	downregulated
ENSG00000171611	1.199269296954157	2.824032487912735	3.5833652619553127	0.001015628356555063	0.005172355930846986	-1.2412231466556651	ENSG00000171611	upregulated
ENSG00000237541	-3.182639536702343	2.5499004059000496	-3.5842395975534447	0.0010226180990243407	0.005203676744051026	-1.1331702052936627	ENSG00000237541	downregulated
ENSG00000287095	-1.0778150361526875	-0.08181491659740818	-3.5753085654743693	0.0010265783207265998	0.0052204031981867415	-0.8820520624962933	ENSG00000287095	downregulated
ENSG00000149054	2.041547595861925	-0.7169368979611438	3.574364625122324	0.0010403979232336735	0.005268224547618112	-0.8416042544954347	ENSG00000149054	upregulated
ENSG00000183092	-1.1665973202319138	0.303156370398363	-3.5660762684553213	0.0010535212490521064	0.005326622818880984	-0.9407482999993633	ENSG00000183092	downregulated
ENSG00000244734	4.875364382756465	7.611458079543307	3.572113290492399	0.0010578132960138262	0.0053424566008383086	-1.6401407645386348	ENSG00000244734	upregulated
ENSG00000185245	1.3886375343904338	3.655249020062155	3.567597481550925	0.001071216215003652	0.005403110079579396	-1.4276127742965636	ENSG00000185245	upregulated
ENSG00000197415	1.2928432281842068	0.7530570912133427	3.557511194681984	0.0010846145932137542	0.005456494434234618	-1.0174733966861123	ENSG00000197415	upregulated
ENSG00000117318	-1.101734403028983	2.897439592011669	-3.5460711471231967	0.0011267253702896165	0.00562844593139597	-1.3434699044932232	ENSG00000117318	downregulated
ENSG00000197561	2.0595302751915723	-0.08288027299424175	3.536613719963377	0.0011573019241904018	0.005748017133400618	-0.98608939099823	ENSG00000197561	upregulated
ENSG00000118520	1.308519467739666	-0.6389992255822914	3.5323893894005143	0.0011577292960842872	0.005748017133400618	-0.9502710916666377	ENSG00000118520	upregulated
ENSG00000115414	2.0469813940592436	2.0954392260641286	3.5390302006025762	0.0011598771076760182	0.005751180927127571	-1.2375992587468625	ENSG00000115414	upregulated
ENSG00000163430	1.5066674596565635	1.9910622814079053	3.5329264606069595	0.0011723375045357214	0.00580368806107534	-1.2438515029187522	ENSG00000163430	upregulated
ENSG00000255552	1.5967570671720606	-0.2647745560019004	3.52823236904737	0.0011791934686587683	0.0058330462402051446	-0.9929254974361017	ENSG00000255552	upregulated
ENSG00000140479	1.5123324839156864	3.0084140617261412	3.5328438781432827	0.0011799879096743477	0.0058341129993781105	-1.4066705898818075	ENSG00000140479	upregulated
ENSG00000277435	1.3614090119626794	-0.23951000943714687	3.5253872199716945	0.0011808622444580373	0.005836575338286857	-0.9993086345500153	ENSG00000277435	upregulated
ENSG00000156206	1.4169745063756287	-0.14301753247887927	3.5178163101909825	0.0012090211913646733	0.005943555840908425	-1.028445896052915	ENSG00000156206	upregulated
ENSG00000261754	-1.5381334925004893	-1.0386745295948874	-3.516012772861286	0.0012123770896768763	0.005957713704927516	-0.967943263913269	ENSG00000261754	downregulated
ENSG00000254395	1.9930057463470245	1.347325658896148	3.522157734727358	0.001212669385329218	0.005957713704927516	-1.1800614213122387	ENSG00000254395	upregulated
ENSG00000180938	-1.0983473866546427	-0.7893968731164169	-3.5146642014128844	0.0012164766533480033	0.0059707445865277	-0.9826848657290883	ENSG00000180938	downregulated
ENSG00000143595	1.3980605288736032	1.5191717670567624	3.513965399525171	0.0012321126730446058	0.006032218295114216	-1.2274474773317694	ENSG00000143595	upregulated
ENSG00000169439	1.4989612581762353	0.3213222473474321	3.502103275931832	0.001269132338640636	0.006162881206110289	-1.1148753309532555	ENSG00000169439	upregulated
ENSG00000214548	-2.4086644434573374	1.9068526540662754	-3.4944432199123923	0.0013125430480356488	0.006335992117968538	-1.304699242681406	ENSG00000214548	downregulated
ENSG00000171914	1.1093529620756435	-0.3343006226999473	3.4870063520031933	0.0013139123179274738	0.006338656314480597	-1.0903193576343266	ENSG00000171914	upregulated
ENSG00000198829	1.4667789385647254	0.2734113456461132	3.480022257760111	0.0013484211495459377	0.006476931566880612	-1.1667167060920844	ENSG00000198829	upregulated
ENSG00000117479	-1.016640136113727	2.0707273749147412	-3.4792747514406264	0.0013491908338554013	0.006478622239349001	-1.3883290336454062	ENSG00000117479	downregulated
ENSG00000105507	1.1754487456223779	0.5481329400731774	3.476388321014194	0.0013535614962026424	0.006493578350171044	-1.2024467326353747	ENSG00000105507	upregulated
ENSG00000078053	1.2499969490707716	0.693637418444065	3.4767665118368827	0.0013572060369750566	0.0065090493610028225	-1.2190814917072847	ENSG00000078053	upregulated
ENSG00000005513	-1.2265449684566985	0.4303781848048493	-3.475168205322211	0.0013584863591181023	0.006513175712495137	-1.1871258522531773	ENSG00000005513	downregulated
ENSG00000108387	1.0037057719389735	1.8264039627762017	3.474255815697777	0.001365837726856177	0.006540334406773481	-1.3717904448529055	ENSG00000108387	upregulated
ENSG00000110237	1.1223954178092144	0.016265265001751815	3.4721249153659586	0.0013693992825106692	0.0065493009163553745	-1.1592655285457019	ENSG00000110237	upregulated
ENSG00000196724	-1.0843503282478522	1.345730819271171	-3.4718814219824483	0.0013736052391771327	0.006563344811964673	-1.304392829520391	ENSG00000196724	downregulated
ENSG00000110203	1.5647409156901344	4.559552019208918	3.47235805404487	0.00139515206140571	0.006655537426827765	-1.8235237502583121	ENSG00000110203	upregulated
ENSG00000127903	-1.5632282026901994	-0.05133589400560544	-3.4633109210497874	0.001412342063356187	0.0067183135904027875	-1.1717590266798172	ENSG00000127903	downregulated
ENSG00000158163	-1.0917553133363376	-0.6520340765290857	-3.456377442049976	0.00143056502191194	0.006793650792974339	-1.1396915356149684	ENSG00000158163	downregulated
ENSG00000243746	-1.245482423164439	-0.2544067282526081	-3.4428505001546683	0.0014851930891479753	0.0070165534001477604	-1.2040711895628995	ENSG00000243746	downregulated
ENSG00000204389	-1.2498010813545983	4.896884364643276	-3.4360038152545602	0.001542128748626029	0.00722560385743665	-1.9570061543225616	ENSG00000204389	downregulated
ENSG00000171798	-1.4751524348713163	1.0831737544647015	-3.4320035957381547	0.0015454367217355909	0.007236574154198357	-1.3741161329202267	ENSG00000171798	downregulated
ENSG00000239961	-1.0540316990397423	3.2842421798877166	-3.427470480218767	0.0015659427586515648	0.00730898952352867	-1.7214232670128613	ENSG00000239961	downregulated
ENSG00000225632	-1.1612137385968542	-0.1368631971942224	-3.414417481474433	0.0016066195593711992	0.007457192141249561	-1.2870072073060577	ENSG00000225632	downregulated
ENSG00000102362	1.5043979882280125	0.8673791991840119	3.4131108299064774	0.001627959005262889	0.00752373187473999	-1.4042508339816857	ENSG00000102362	upregulated
ENSG00000253998	2.8865969644792786	1.8145222878893694	3.4161443141412304	0.001628586400692324	0.007524389357979727	-1.4995853582366934	ENSG00000253998	upregulated
ENSG00000182782	-1.2512270925043492	4.470779553226042	-3.4142417324165995	0.0016371092181084682	0.007552581205248818	-1.952256490976513	ENSG00000182782	downregulated
ENSG00000276775	4.1688392320871905	1.5642081805919918	3.4046835913238898	0.001680577554021579	0.007724346823914748	-1.4580752856699242	ENSG00000276775	upregulated
ENSG00000133069	1.4342951997997342	3.3149103066094803	3.4025762629199128	0.0016903091084188996	0.007754124303926984	-1.8008633976875625	ENSG00000133069	upregulated
ENSG00000156395	-1.2455937344179213	-0.16766011808823816	-3.391445122929192	0.0017116237016139711	0.0078472608962556	-1.3412847670829855	ENSG00000156395	downregulated
ENSG00000226057	1.0855977831705474	-0.6540938206463179	3.3899119480243436	0.0017188609650840643	0.007875785396884443	-1.3090755756582073	ENSG00000226057	upregulated
ENSG00000165682	1.2111033965724998	2.7584768502548904	3.38825187442938	0.001747629881071748	0.007981666506308247	-1.7426864583666122	ENSG00000165682	upregulated
ENSG00000184500	1.588889679491836	2.3784097164070093	3.3864835160528743	0.0017635571969387507	0.008033119566672547	-1.6839315789945353	ENSG00000184500	upregulated
ENSG00000267174	-1.4393633278731879	-0.0909632838786735	-3.3711219488468696	0.001817899137521706	0.00823229653225158	-1.4009093945123343	ENSG00000267174	downregulated
ENSG00000143184	-1.3655477885632579	1.030224379082306	-3.3668690604579097	0.00184514390029402	0.008336202124544204	-1.5339259458985728	ENSG00000143184	downregulated
ENSG00000007038	-2.127307872631124	0.47979418759136505	-3.362177234523151	0.0018787876996196847	0.00845675201214292	-1.4766554824765468	ENSG00000007038	downregulated
ENSG00000198400	1.0234242123809458	-0.40762510912199346	3.3346652354660336	0.002000108056026369	0.008916837007464496	-1.4672408963273256	ENSG00000198400	upregulated
ENSG00000168255	1.0250847572860977	0.46046902751259317	3.329775840392419	0.0020270162803193675	0.009010601540127389	-1.566254626569136	ENSG00000168255	upregulated
ENSG00000105855	1.0207453452695794	-0.6042234055884566	3.3252659247255334	0.0020521426312736027	0.009075771944982486	-1.4739231854861634	ENSG00000105855	upregulated
ENSG00000183780	-1.265063540481096	-0.08267490006903937	-3.3237147514411296	0.0020615072936294313	0.009100324849591359	-1.5188862085823267	ENSG00000183780	downregulated
ENSG00000115468	-1.0900131844043837	-0.4801415016339194	-3.3200405811181075	0.0020816271840432506	0.009169564789693501	-1.4934048861807492	ENSG00000115468	downregulated
ENSG00000184792	1.898226009443337	3.4427971291621424	3.313985901533402	0.002151983997910087	0.009428607855250128	-2.038914998474895	ENSG00000184792	upregulated
ENSG00000243264	2.9936761800074385	2.0388405569475587	3.313507512201153	0.002154777428971965	0.009438083355566144	-1.7892765674861737	ENSG00000243264	upregulated
ENSG00000152433	-1.1045216144887788	-0.26673725895815403	-3.303868772892059	0.002175465029404116	0.009507315470853152	-1.5519219472724775	ENSG00000152433	downregulated
ENSG00000259162	-1.0746161873481592	-0.045791953757093426	-3.3023921152381215	0.0021842318973432978	0.009526838224914104	-1.5769446757519372	ENSG00000259162	downregulated
ENSG00000117525	1.7478008760392416	-0.410318858952803	3.304363219340436	0.002189265314367729	0.009540743193549726	-1.5427843441392088	ENSG00000117525	upregulated
ENSG00000112053	1.3596862745922258	-0.1442903398580237	3.301550270199043	0.00219599037356525	0.009564675847794728	-1.573763937894861	ENSG00000112053	upregulated
ENSG00000136315	1.9120944995839753	0.677553775574473	3.297666551734476	0.0022379791704893064	0.0097066714022061365	-1.6700049862232405	ENSG00000136315	upregulated
ENSG00000105370	-1.0339038027184768	0.3331163354322834	-3.2920376302963743	0.002246660602566053	0.009738878129066373	-1.64168604326915	ENSG00000105370	downregulated
ENSG00000079308	1.5087466729374701	3.2715343737731604	3.29373679435491	0.0022733035287168086	0.009825375567050607	-2.0720957422011628	ENSG00000079308	upregulated
ENSG00000103316	1.2911000715985228	-0.14392989175507168	3.2852404634899903	0.002291275619431031	0.009872606515182418	-1.613364480738233	ENSG00000103316	upregulated
ENSG00000236320	1.0648132847071508	1.0889649599431903	3.2854189573911783	0.0022920780333582375	0.009872606515182418	-1.7544200489853905	ENSG00000236320	upregulated
ENSG00000130558	-1.8941484496457495	2.1740126345302313	-3.282142576706945	0.0023456822984885438	0.01006078982646156	-1.9012157207962703	ENSG00000130558	downregulated
ENSG00000179253	-1.2765221941670992	-0.6814663822979732	-3.274675403965016	0.0023551795186904844	0.010096416344634996	-1.5864500308854348	ENSG00000179253	downregulated
ENSG00000211593	1.235821884628713	-0.02271206085365626	3.2741901395586925	0.0023591726111753895	0.010105573784241546	-1.6526791957843034	ENSG00000211593	upregulated
ENSG00000170837	1.023449357924462	3.361726982750355	3.276031035022621	0.002371656249809422	0.010150217559200921	-2.1376353703360174	ENSG00000170837	upregulated
ENSG00000162594	-1.4138613086838627	-0.03950564180039865	-3.2712080877697622	0.0023888604024405505	0.01020976159874702	-1.6545332901416039	ENSG00000162594	downregulated
ENSG00000182853	-1.269813455144677	1.9260090184190688	-3.2708665493996127	0.0024004300669866834	0.010247913663353553	-1.9010378519928022	ENSG00000182853	downregulated
ENSG00000136630	1.0544842387232984	3.2737958409390417	3.268850562388794	0.0024186263685356635	0.010296916023729603	-2.139726511608189	ENSG00000136630	upregulated
ENSG00000226278	3.003754360195488	0.5569495724068281	3.26930205490612	0.002428408334770281	0.010317128228336586	-1.7141698187740007	ENSG00000226278	upregulated
ENSG00000130821	1.54226087601492	1.3325590190374113	3.262066953680344	0.0024640798401777833	0.010436340338928842	-1.846140386530167	ENSG00000130821	upregulated
ENSG00000166033	1.5772684653028728	1.1542751636546371	3.2579676545176564	0.0024902574664190063	0.010518489461916882	-1.8317204548034018	ENSG00000166033	upregulated
ENSG00000184113	1.199632001572669	3.782514162422954	3.2591485834979177	0.0024957869170798355	0.010530374070704094	-2.2562187618535026	ENSG00000184113	upregulated
ENSG00000231475	2.0072150368605275	3.1563814143599243	3.2451601607744394	0.0025915409256001974	0.01083417783182185	-2.161878390393749	ENSG00000231475	upregulated
ENSG00000242779	-1.1968296691495504	0.7056112190630418	-3.2376602613878225	0.0026134691126792416	0.010911145609059229	-1.8200986217457107	ENSG00000242779	downregulated
ENSG00000198795	1.3434310481443208	0.013655103214376678	3.2248849473872516	0.002705267944569761	0.011233215472515313	-1.7793442880423234	ENSG00000198795	upregulated
ENSG00000261253	1.3993602211726812	1.2374479279655182	3.2171457656672833	0.0027744416887727436	0.011438741170514452	-1.9452837065845197	ENSG00000261253	upregulated
ENSG00000274588	-1.4114997951365889	1.3158629893380909	-3.212939568810343	0.0028059591344462274	0.01152248508744003	-1.958039886593454	ENSG00000274588	downregulated
ENSG00000168386	-1.3094648502373147	0.6825893512390846	-3.209072777409502	0.002828164000347436	0.011601381551279748	-1.8876306979447923	ENSG00000168386	downregulated
ENSG00000211951	2.4885459250429918	2.4450680751273532	3.2102954581030008	0.0028456754827733384	0.01165779892705084	-2.1237796915273144	ENSG00000211951	upregulated
ENSG00000168546	-1.0049281530740883	1.9146933458494937	-3.203701353294984	0.0028674539218492457	0.011728430993639715	-2.0708176787007826	ENSG00000168546	downregulated
ENSG00000184106	1.159427072708489	0.21510643614408062	3.2010246392841326	0.0028746302018156453	0.011754683477500834	-1.8581606206236536	ENSG00000184106	upregulated
ENSG00000142949	1.3848027109973118	-0.039480796353940355	3.2006511856318083	0.0028909644121356695	0.011799699482164274	-1.83359475821569	ENSG00000142949	upregulated
ENSG00000118298	1.1034105158285983	-1.0142298645163639	3.1911894761269	0.0029505659760854027	0.011979915782482878	-1.7676255785674648	ENSG00000118298	upregulated
ENSG00000267279	1.364599845128899	0.33829251813279	3.1927902647792012	0.0029542372233403785	0.011991542057207285	-1.8940112929149828	ENSG00000267279	upregulated
ENSG00000225612	-1.1646103789196713	-1.014377279005539	-3.1625832837164363	0.0031856579616901482	0.012727860635191705	-1.8347699702587708	ENSG00000225612	downregulated
ENSG00000022556	1.0208119777325115	3.0453793026492293	3.1595187154163344	0.003238009549561747	0.012910418538226913	-2.374315388932832	ENSG00000022556	upregulated
ENSG00000230076	1.1448531009195295	0.12010027796480736	3.1504743822962085	0.003290950605137089	0.013075207438132093	-1.9715275291448648	ENSG00000230076	upregulated
ENSG00000175928	-1.314601771574866	-0.5334725732550827	-3.146112236497854	0.0033306587624700604	0.013208518896934451	-1.9114967125740554	ENSG00000175928	downregulated
ENSG00000211976	2.0598232073040146	2.341427898958962	3.1404742531533096	0.0034276712418711028	0.013500045952620823	-2.290870886998106	ENSG00000211976	upregulated
ENSG00000166963	1.004256064324788	3.9333277291180915	3.135098469553429	0.003463695472893463	0.013621175655318866	-2.596704396564081	ENSG00000166963	upregulated
ENSG00000127831	1.2618779724258509	1.6712929650878214	3.1299473971495035	0.003502062509574406	0.01373722547382373	-2.2231467927784037	ENSG00000127831	upregulated
ENSG00000029534	1.2675776780129198	4.076869951234373	3.131054808557902	0.0035143454831774927	0.013767996575923949	-2.6284891358234113	ENSG00000029534	upregulated
ENSG00000115155	1.8348050512409868	1.8307751248422512	3.128985529430239	0.0035336629064754857	0.013816606629254533	-2.2452313969528612	ENSG00000115155	upregulated
ENSG00000249138	1.2815605520855096	-0.05594952469459016	3.1247309755991366	0.0035347707997989675	0.013816606629254533	-2.015758691609208	ENSG00000249138	upregulated
ENSG00000102230	1.7223395966557646	0.6618844803741994	3.12244786788867	0.0035799196787691966	0.013947388650517518	-2.102274851280616	ENSG00000102230	upregulated
ENSG00000223609	5.2727320040549195	1.2464919904857386	3.1238067641381777	0.003582450994715504	0.01395374558715155	-2.084542100833863	ENSG00000223609	upregulated
ENSG00000106070	1.0298499252737408	3.080674329277589	3.104248212372531	0.003755020531992013	0.014478519886921773	-2.5183524353185156	ENSG00000106070	upregulated
ENSG00000248905	1.10087500251363	2.5745354579497746	3.1006415761449375	0.003785907859898518	0.014568731291610352	-2.4380132993348402	ENSG00000248905	upregulated
ENSG00000257957	-1.2138139037985576	0.411308217512561	-3.0913638976256568	0.0038637183601453583	0.014818563740320107	-2.1432200700347623	ENSG00000257957	downregulated
ENSG00000286581	1.0632647466681548	1.6245679471984933	3.08872608928573	0.0038976296832157606	0.014930164580557286	-2.3179090890303415	ENSG00000286581	upregulated
ENSG00000143365	-1.0785397863699677	1.7643342190351963	-3.084229273493559	0.003946724581538813	0.015040220702620883	-2.342125449686665	ENSG00000143365	downregulated
ENSG00000259161	-1.2129700555129088	-0.5301724814074649	-3.0773534160724445	0.0039960182436900495	0.015172714695870648	-2.076214865232462	ENSG00000259161	downregulated
ENSG00000144668	1.3617885610273706	0.28512839638770776	3.0642609137806	0.004158271128617323	0.015626871874040486	-2.1994805701062816	ENSG00000144668	upregulated
ENSG00000225698	2.1769650119339934	2.082418514551922	3.0652127816955086	0.004180840676235163	0.015697128755363686	-2.433206114994225	ENSG00000225698	upregulated
ENSG00000265531	1.1567253490449847	0.19329565157351064	3.0569451903044773	0.004223995059261131	0.01583089329556859	-2.2056238927955487	ENSG00000265531	upregulated
ENSG00000182871	-1.2415498844071085	3.5388568188843488	-3.048693303569002	0.004365934550246768	0.016254355466713246	-2.721763297448323	ENSG00000182871	downregulated
ENSG00000238152	-1.0130786985260094	-0.34971207425707695	-3.030328956928824	0.0045230105030402215	0.016714770765345208	-2.2068151507058165	ENSG00000238152	downregulated
ENSG00000141448	-1.0517611096472868	-0.8334371725476423	-3.025144135583693	0.004584974458834774	0.016895451141964207	-2.173624447831186	ENSG00000141448	downregulated
ENSG00000242498	-1.4216475053855593	0.6865825898497376	-3.024255180284119	0.004627159751631414	0.017006456812275646	-2.337669772610968	ENSG00000242498	downregulated
ENSG00000079215	1.1634301724384137	1.06892171992805	3.0205428243403105	0.004663767409371024	0.01712467775449509	-2.403648597709851	ENSG00000079215	upregulated
ENSG00000169397	1.8162533242464747	0.4823279688061663	2.9969131650063434	0.004980619594142267	0.018082727037721572	-2.380222327750259	ENSG00000169397	upregulated
ENSG00000106341	-2.4152585936855635	0.380417286758265	-2.984997956214938	0.005154650058642571	0.01859702777612149	-2.379290581315434	ENSG00000106341	downregulated
ENSG00000177494	-1.0623028412790867	-0.4862332419991965	-2.9729013350008366	0.005255636185566924	0.01887186349105703	-2.3273447214163343	ENSG00000177494	downregulated
ENSG00000283632	1.5160012549640791	-0.6639081490357508	2.974432966856208	0.00525878900088632	0.018876143810170522	-2.3106694174108324	ENSG00000283632	upregulated
ENSG00000197256	1.0556371111217444	0.7642126271236201	2.9688171898905305	0.0053251029800596185	0.019092082112973807	-2.486378790672752	ENSG00000197256	upregulated
ENSG00000211655	2.163362217776692	0.8200182982349071	2.9618425637265373	0.005473309824763177	0.01953314205754185	-2.502861136284486	ENSG00000211655	upregulated
ENSG00000163735	1.2885283834492143	1.809370513988753	2.9597216319030255	0.005483375863215066	0.019564563984004066	-2.656917309512349	ENSG00000163735	upregulated
ENSG00000117215	1.056688686569873	-0.8845457013733019	2.952730056090615	0.005538489587873886	0.01971439523341834	-2.3406555609112885	ENSG00000117215	upregulated
ENSG00000261326	-1.2683791861066054	-0.4919742787177976	-2.9460042249287484	0.005644719233745079	0.019983929540147494	-2.3881120162660356	ENSG00000261326	downregulated
ENSG00000103184	1.3564038401524616	1.1539705875209838	2.926387554878893	0.005967475903564213	0.02090233768389362	-2.6383586773119387	ENSG00000103184	upregulated
ENSG00000142627	-1.1500946400379863	-0.5077479935414491	-2.922410151561103	0.005990701162120494	0.020964750682420773	-2.4417481010144346	ENSG00000142627	downregulated
ENSG00000238243	1.5999941338666164	0.8944672364204381	2.9213271984853066	0.0060548383336485306	0.021151023097947908	-2.6135026916022728	ENSG00000238243	upregulated
ENSG00000140022	1.0541835271945965	3.0098304197859505	2.919891762602899	0.006077245656522351	0.021212073075111637	-2.9531489204843826	ENSG00000140022	upregulated
ENSG00000166831	1.5029898070786942	0.734643851632806	2.9196018759920035	0.0060791531153366355	0.021212073075111637	-2.5969768450011217	ENSG00000166831	upregulated
ENSG00000240954	-1.2107016309504968	-0.6158596449398922	-2.9038122853890345	0.006286635028693869	0.02176466725335757	-2.4729128456449327	ENSG00000240954	downregulated
ENSG00000166743	-1.0190324730950928	-0.47836757099377974	-2.9001974569385096	0.006343755333288124	0.021898874965345826	-2.496661082339784	ENSG00000166743	downregulated
ENSG00000228668	-1.4176266043370949	-0.14388700762823237	-2.900950575294758	0.006361547321628123	0.021945640337734027	-2.529224762079581	ENSG00000228668	downregulated
ENSG00000206172	5.0675781842925565	2.164669837452369	2.8892118447993864	0.006597296710555703	0.022533378546733967	-2.7643131325477697	ENSG00000206172	upregulated
ENSG00000143847	-1.344073682951346	1.710315923052596	-2.8853389212572043	0.00664069680407159	0.0226566668348329	-2.807936518159032	ENSG00000143847	downregulated
ENSG00000162367	1.011957383953695	2.0064414958470875	2.880621377029887	0.006707581091914075	0.022834631855923465	-2.8755568203224984	ENSG00000162367	upregulated
ENSG00000158748	-1.6519788105468645	-0.2710030800215733	-2.8790769568767764	0.006736814896024446	0.02291906098647492	-2.563592136603202	ENSG00000158748	downregulated
ENSG00000248810	-1.0654173379686722	3.21764739469154	-2.8592510489906173	0.007100959682884559	0.023880287224965203	-3.124271006588557	ENSG00000248810	downregulated
ENSG00000211942	2.2046961185918836	2.2706650944552806	2.860007027458066	0.007107588408583508	0.023892218512598658	-2.952123233070376	ENSG00000211942	upregulated
ENSG00000198756	-1.0184375287255956	1.042468427818128	-2.85111314312948	0.007216733259354458	0.024177297585008126	-2.7930164424441704	ENSG00000198756	downregulated
ENSG00000170955	1.405000841985287	0.7170348965967802	2.849826715803133	0.007260500567492376	0.024282978548998236	-2.757014219363059	ENSG00000170955	upregulated
ENSG00000153234	-1.2997657706546404	8.18151465444607	-2.8515608976377544	0.007261919777668997	0.024282978548998236	-3.5003316387218466	ENSG00000153234	downregulated
ENSG00000211974	2.8150659328191088	0.37511696319366244	2.8420335945753954	0.007439768918574243	0.024740740979220948	-2.7148538597848773	ENSG00000211974	upregulated
ENSG00000102554	1.111713651561279	3.0446416552468953	2.837947873951082	0.007501527818312928	0.024907216163634928	-3.153361024435846	ENSG00000102554	upregulated
ENSG00000166147	1.1786890496845792	-0.6811270319113275	2.8280331451504526	0.007631835552445049	0.025227998597276792	-2.6439273033389536	ENSG00000166147	upregulated
ENSG00000175592	1.8187439241340786	2.837042435297379	2.82885825088509	0.007692437668138876	0.02540125787371385	-3.1261902024266806	ENSG00000175592	upregulated
ENSG00000136929	1.0286743349549161	2.2262929718159103	2.8172896510381764	0.007884198974995725	0.025924088637308395	-3.0592136040436424	ENSG00000136929	upregulated
ENSG00000282572	1.0050433117069577	-0.08355111568230576	2.800580585101518	0.008180404798182137	0.02672805528118916	-2.770707801210472	ENSG00000282572	upregulated
ENSG00000101188	1.7421264827117373	0.2434311806522232	2.797785734818758	0.008295314408280413	0.02700111783261893	-2.8136630854217195	ENSG00000101188	upregulated
ENSG00000158525	1.7927717413594793	0.4519737629245778	2.7828328619973517	0.008623325771216788	0.027840920631051702	-2.874029301858962	ENSG00000158525	upregulated
ENSG00000259225	-1.1970481248015603	0.36122970268162957	-2.7738177682895193	0.008784773746097105	0.02827388271466406	-2.8798205342108174	ENSG00000259225	downregulated
ENSG00000211821	-2.1106869498000007	1.12091227943404	-2.764792871539195	0.00903939790908892	0.028931296238128176	-2.986855215046845	ENSG00000211821	downregulated
ENSG00000287097	1.497367421122529	-0.7462978832817367	2.7599543965817745	0.009100994408472578	0.0290988870851282	-2.7899792850130596	ENSG00000287097	upregulated
ENSG00000130844	-1.2827246743283327	6.403699643525716	-2.755254987767323	0.009257783083750094	0.029526673993206652	-3.7576629176006207	ENSG00000130844	downregulated
ENSG00000155659	1.245595916259103	4.129323641142171	2.7531014264193696	0.009307767275772398	0.02963733739421677	-3.5445592923053106	ENSG00000155659	upregulated
ENSG00000272977	-1.329933844679061	-1.1284422041006716	-2.7296265384314817	0.009801024935318274	0.03086576583691095	-2.824736441264751	ENSG00000272977	downregulated
ENSG00000181649	1.0706857353647994	2.77615198102362	2.7261666651016507	0.009929346729272462	0.031181244740031564	-3.363590922545107	ENSG00000181649	upregulated
ENSG00000169855	1.419278139423197	-0.20395561823879113	2.7213731227768236	0.010029091228118079	0.03144008301917797	-2.934479574211766	ENSG00000169855	upregulated
ENSG00000156463	1.136546774786768	-0.41798693538500986	2.7198282686605086	0.010032665598676162	0.03144008301917797	-2.9137298965119554	ENSG00000156463	upregulated
ENSG00000198753	1.9536663945578092	0.3131186937941155	2.707837887980636	0.010418209400671409	0.03240802803939301	-3.0219211842959846	ENSG00000198753	upregulated
ENSG00000171680	-1.1095764151517138	1.0175728958650547	-2.702541750354523	0.010505396478241431	0.032600780187579954	-3.127202112414134	ENSG00000171680	downregulated
ENSG00000131459	-1.4747571181802972	-0.6156695464309139	-2.686329237391751	0.010936534397086731	0.0336376780860301	-2.9600647824829878	ENSG00000131459	downregulated
ENSG00000110799	1.0862418025224114	2.4698377890486825	2.677765548836529	0.011192976794454022	0.034207501493986575	-3.418627115167848	ENSG00000110799	upregulated
ENSG00000211968	1.6573251671141258	0.6400977642358887	2.6681093430785663	0.011474178548258478	0.03485399711780043	-3.1549844442588753	ENSG00000211968	upregulated
ENSG00000197461	1.2006516538138534	-0.06747829886933766	2.663029881070099	0.011573266772189743	0.03509999367161966	-3.0790915188281147	ENSG00000197461	upregulated
ENSG00000216775	1.3541694514035163	-0.489629687550075	2.6581637337036166	0.011718612316355164	0.03542995653541298	-3.041382224678036	ENSG00000216775	upregulated
ENSG00000102174	-1.0638722903293116	0.07092706882165849	-2.6546953210683513	0.011798760731588052	0.03562366730522303	-3.1099471223527617	ENSG00000102174	downregulated
ENSG00000163421	1.0006488604952946	3.2969013519093107	2.6549271632053024	0.011853141057957201	0.035732209486669816	-3.6207677850282214	ENSG00000163421	upregulated
ENSG00000174059	1.2290475560362193	0.3402545661539177	2.6389121562694284	0.012292929756502983	0.036801773444984746	-3.1827859385725445	ENSG00000174059	upregulated
ENSG00000172572	1.3156522155190258	-0.30213705613557823	2.6386870768705832	0.012296233886644614	0.03680327819024661	-3.104417483117567	ENSG00000172572	upregulated
ENSG00000090104	-1.0253467103600649	6.988610685445683	-2.639017976355212	0.012344039605613576	0.036910748849636896	-4.030908706773586	ENSG00000090104	downregulated
ENSG00000286151	1.2729013274360284	-0.8528469785981072	2.6297922385197854	0.012551985715276168	0.03739556251324114	-3.0634657105208767	ENSG00000286151	upregulated
ENSG00000105499	1.1276052918201973	2.901695544552954	2.621878333308171	0.01287237219895365	0.03810123908507083	-3.6211549568295784	ENSG00000105499	upregulated
ENSG00000237973	1.6438249513313172	2.1054042332454825	2.6086620096042106	0.013293934208005264	0.03903498144806995	-3.505532832339034	ENSG00000237973	upregulated
ENSG00000232810	-1.0993003222742388	5.091816128773364	-2.5872890698394166	0.01400268520112443	0.04064277037251899	-4.052150151847245	ENSG00000232810	downregulated
ENSG00000106004	1.267817991877824	-0.3405449292744091	2.581948531002553	0.014119253427052713	0.04085627250999768	-3.2221414211944124	ENSG00000106004	upregulated
ENSG00000165716	1.027044529647998	1.5024170981572171	2.576569104990295	0.014320747139540442	0.04131978854558333	-3.4855730097123447	ENSG00000165716	upregulated
ENSG00000126709	1.0474723129174341	6.5477364517803345	2.5740099500177083	0.014460391566199889	0.04164141722832534	-4.186852668061672	ENSG00000126709	upregulated
ENSG00000158578	5.975205762792404	1.9194242166351487	2.567510993722343	0.014689378859686518	0.04212874743227402	-3.4146284458750715	ENSG00000158578	upregulated
ENSG00000137672	1.0091488045514614	-0.39385592468955344	2.559432237148528	0.014868068421714186	0.04249976800972854	-3.2642916708257883	ENSG00000137672	upregulated
ENSG00000197353	-1.4406780948684674	1.9683324250662917	-2.5524524192399602	0.015232827464690981	0.04332682082841686	-3.598500665640818	ENSG00000197353	downregulated
ENSG00000229391	-1.8013496222906058	4.65035951155463	-2.5521039297530317	0.015245619972827912	0.043347308117059745	-4.034947992126493	ENSG00000229391	downregulated
ENSG00000211891	1.1784794317296032	0.887870257468913	2.5494578232789915	0.015291039590097758	0.04343663444000297	-3.4519459754936914	ENSG00000211891	upregulated
ENSG00000149403	1.1208476583299556	0.15317654392768731	2.5475014345973013	0.015344100611899902	0.04356342677843081	-3.3565833327630266	ENSG00000149403	upregulated
ENSG00000133116	-1.1440164774872719	-0.7806749901798425	-2.5025550791965894	0.01707026043621479	0.047205871895209126	-3.3357236357369375	ENSG00000133116	downregulated
ENSG00000274576	2.7079906264772804	1.3058406968504688	2.501097922443336	0.017227929091324992	0.04753694719915507	-3.59084372975726	ENSG00000274576	upregulated
ENSG00000162747	1.323672965968513	1.493832698742707	2.4736029052794626	0.018368843048757265	0.04995629592955027	-3.7026646313906233	ENSG00000162747	upregulated
