gene_id	ensembl_gene_id	gene_symbol	entrez_id	gene_name	deseq2_log2FC	deseq2_padj	deseq2_significant	limma_logFC	limma_AveExpr	limma_pvalue	limma_padj	limma_significant	both_tested	same_logfc_direction	both_significant	both_upregulated	both_downregulated	method_agreement
ENSG00000167900	ENSG00000167900	TK1	7083	thymidine kinase 1	3.1122522944589215	1.7653034212713795e-49	upregulated	2.9853286843705713	4.052464333344638	4.1439315526550146e-13	3.2136189190839637e-9	upregulated	TRUE	TRUE	TRUE	TRUE	FALSE	both_upregulated
ENSG00000171848	ENSG00000171848	RRM2	6241	ribonucleotide reductase regulatory subunit M2	3.713343043955423	2.1525634017695462e-46	upregulated	3.545857628562925	4.594349249494009	5.063529400184706e-12	1.1219334428123542e-8	upregulated	TRUE	TRUE	TRUE	TRUE	FALSE	both_upregulated
ENSG00000166851	ENSG00000166851	PLK1	5347	polo like kinase 1	3.772785220470218	2.612176055351587e-46	upregulated	3.6473675006144815	2.3917986270678218	3.0253167012617055e-11	2.544740928077765e-8	upregulated	TRUE	TRUE	TRUE	TRUE	FALSE	both_upregulated
ENSG00000175063	ENSG00000175063	UBE2C	11065	ubiquitin conjugating enzyme E2 C	3.45925068751281	1.0227466888149057e-41	upregulated	3.297211644570505	2.1557285566560402	9.513752952270145e-11	4.310463157202417e-8	upregulated	TRUE	TRUE	TRUE	TRUE	FALSE	both_upregulated
ENSG00000145386	ENSG00000145386	CCNA2	890	cyclin A2	3.64084735444603	1.2126502048077035e-40	upregulated	3.4457924861257436	2.3883723913532897	1.5196570057840393e-9	2.1778797066911308e-7	upregulated	TRUE	TRUE	TRUE	TRUE	FALSE	both_upregulated
ENSG00000111206	ENSG00000111206	FOXM1	2305	forkhead box M1	2.9818712416966795	1.998680164996232e-40	upregulated	2.856850077838925	1.7519609242232859	2.8805531025194492e-12	8.935475724015331e-9	upregulated	TRUE	TRUE	TRUE	TRUE	FALSE	both_upregulated
ENSG00000165949	ENSG00000165949	IFI27	3429	interferon alpha inducible protein 27	8.550506750838599	2.1914415657063247e-40	upregulated	7.061526125459039	3.3802195507547217	2.3804394237246768e-5	2.824836684159888e-4	upregulated	TRUE	TRUE	TRUE	TRUE	FALSE	both_upregulated
ENSG00000088325	ENSG00000088325	TPX2	22974	TPX2 microtubule nucleation factor	3.062140267801749	2.1914415657063247e-40	upregulated	2.915403293823691	3.0116467765316024	5.480258564609236e-11	3.269185012964971e-8	upregulated	TRUE	TRUE	TRUE	TRUE	FALSE	both_upregulated
ENSG00000178999	ENSG00000178999	AURKB	9212	aurora kinase B	3.108790120979148	2.7122889955828235e-39	upregulated	2.9690445057991774	2.0715317762336345	1.201761915912831e-10	4.905086135738949e-8	upregulated	TRUE	TRUE	TRUE	TRUE	FALSE	both_upregulated
ENSG00000117399	ENSG00000117399	CDC20	991	cell division cycle 20	3.547421347657454	1.3691281103432886e-38	upregulated	3.4839228839190826	2.755704772141464	1.612139630152426e-10	5.304493265277572e-8	upregulated	TRUE	TRUE	TRUE	TRUE	FALSE	both_upregulated
ENSG00000123485	ENSG00000123485	HJURP	55355	Holliday junction recognition protein	3.1283766101184445	2.160475203707779e-37	upregulated	3.066314330483824	1.6022779158202223	1.129690815353184e-11	1.752150454612788e-8	upregulated	TRUE	TRUE	TRUE	TRUE	FALSE	both_upregulated
ENSG00000127564	ENSG00000127564	PKMYT1	9088	protein kinase, membrane associated tyrosine/threonine 1	3.108810154200935	2.6445958271581223e-36	upregulated	2.9631297004453065	2.0120283444288245	4.0843604125877383e-11	2.8794740908743556e-8	upregulated	TRUE	TRUE	TRUE	TRUE	FALSE	both_upregulated
ENSG00000148773	ENSG00000148773	MKI67	4288	marker of proliferation Ki-67	3.0556456425091083	5.052337849820699e-36	upregulated	2.9698864324656578	4.293176044551795	2.2492363490861414e-11	2.32571038495507e-8	upregulated	TRUE	TRUE	TRUE	TRUE	FALSE	both_upregulated
ENSG00000211950	ENSG00000211950	IGHV1-24	28467	immunoglobulin heavy variable 1-24	5.68770297323546	5.959025203140327e-36	upregulated	5.170053219711732	3.8981952597503913	1.6189927749684885e-8	1.216547465473544e-6	upregulated	TRUE	TRUE	TRUE	TRUE	FALSE	both_upregulated
ENSG00000089685	ENSG00000089685	BIRC5	332	baculoviral IAP repeat containing 5	3.72383779373672	8.654640064362069e-36	upregulated	3.5415818978300937	2.675992467903897	7.108730171202033e-9	6.60217993744572e-7	upregulated	TRUE	TRUE	TRUE	TRUE	FALSE	both_upregulated
ENSG00000090889	ENSG00000090889	KIF4A	24137	kinesin family member 4A	3.4043558516809695	9.485546435631372e-36	upregulated	3.3783097180573214	0.7220928699892424	5.333058926315956e-11	3.269185012964971e-8	upregulated	TRUE	TRUE	TRUE	TRUE	FALSE	both_upregulated
ENSG00000171241	ENSG00000171241	SHCBP1	79801	SHC binding and spindle associated 1	3.1003162278913727	1.171820925358136e-35	upregulated	2.961242880840051	2.7587765487378753	1.2761069633792065e-10	5.072783689515512e-8	upregulated	TRUE	TRUE	TRUE	TRUE	FALSE	both_upregulated
ENSG00000143476	ENSG00000143476	DTL	51514	denticleless E3 ubiquitin protein ligase homolog	3.0529536933052928	7.743878552839589e-35	upregulated	2.927426808688043	2.3037907850045984	8.209475418255772e-11	4.244298791238234e-8	upregulated	TRUE	TRUE	TRUE	TRUE	FALSE	both_upregulated
ENSG00000170476	ENSG00000170476	MZB1	51237	marginal zone B and B1 cell specific protein	3.546154084076947	7.743878552839589e-35	upregulated	3.4246422854565663	5.741866219942334	1.6919273288586467e-11	2.186816072549801e-8	upregulated	TRUE	TRUE	TRUE	TRUE	FALSE	both_upregulated
ENSG00000066279	ENSG00000066279	ASPM	259266	assembly factor for spindle microtubules	2.865410893390832	9.863181775610507e-35	upregulated	2.7851108147719015	1.6743419475391685	4.907392944697507e-12	1.1219334428123542e-8	upregulated	TRUE	TRUE	TRUE	TRUE	FALSE	both_upregulated
ENSG00000224373	ENSG00000224373	IGHV4-59	28392	immunoglobulin heavy variable 4-59	3.685441520881347	1.1051136077710886e-34	upregulated	3.606143469351423	4.843860358535107	1.2236924607128381e-9	1.9171181884501128e-7	upregulated	TRUE	TRUE	TRUE	TRUE	FALSE	both_upregulated
ENSG00000169679	ENSG00000169679	BUB1	699	BUB1 mitotic checkpoint serine/threonine kinase	3.0137780703388537	1.021986592699296e-33	upregulated	2.863605794086071	3.0388702451259095	2.701835235334511e-10	7.107309091180804e-8	upregulated	TRUE	TRUE	TRUE	TRUE	FALSE	both_upregulated
ENSG00000276043	ENSG00000276043	UHRF1	29128	ubiquitin like with PHD and ring finger domains 1	2.7008141607451144	2.1675421835647475e-33	upregulated	2.519945690856971	3.167235618421468	1.5960318042726944e-10	5.304493265277572e-8	upregulated	TRUE	TRUE	TRUE	TRUE	FALSE	both_upregulated
ENSG00000184357	ENSG00000184357	H1-5	3009	H1.5 linker histone, cluster member	3.1573263085380323	2.102584770111859e-32	upregulated	2.9815806780971	1.2078903708672495	1.3710083282525484e-10	5.072783689515512e-8	upregulated	TRUE	TRUE	TRUE	TRUE	FALSE	both_upregulated
ENSG00000157456	ENSG00000157456	CCNB2	9133	cyclin B2	3.3099844748453098	3.405282088716123e-31	upregulated	3.2599245082732002	2.211588100455863	4.115885355782639e-10	9.672330586089201e-8	upregulated	TRUE	TRUE	TRUE	TRUE	FALSE	both_upregulated
ENSG00000167513	ENSG00000167513	CDT1	81620	chromatin licensing and DNA replication factor 1	2.6794793793643934	3.9103401076283032e-31	upregulated	2.606900188799469	1.9392176257874312	9.219781096281647e-11	4.310463157202417e-8	upregulated	TRUE	TRUE	TRUE	TRUE	FALSE	both_upregulated
ENSG00000211896	ENSG00000211896	IGHG1	3500	immunoglobulin heavy constant gamma 1 (G1m marker)	5.138355737315439	8.098746785222426e-31	upregulated	5.234464342953397	9.403227831038638	8.208449833762401e-13	3.871468052704879e-9	upregulated	TRUE	TRUE	TRUE	TRUE	FALSE	both_upregulated
ENSG00000112984	ENSG00000112984	KIF20A	10112	kinesin family member 20A	3.380532870518873	2.2934903948638232e-30	upregulated	3.1753266326216267	1.0156787678971406	4.601397588708863e-10	1.0484116581011367e-7	upregulated	TRUE	TRUE	TRUE	TRUE	FALSE	both_upregulated
ENSG00000135476	ENSG00000135476	ESPL1	9700	extra spindle pole bodies like 1, separase	2.719038726249161	2.2934903948638232e-30	upregulated	2.7883560695713188	1.358592925803228	9.984443720708907e-13	3.871468052704879e-9	upregulated	TRUE	TRUE	TRUE	TRUE	FALSE	both_upregulated
ENSG00000187837	ENSG00000187837	H1-2	3006	H1.2 linker histone, cluster member	1.7791348199876558	5.9989163585727695e-30	upregulated	1.735879277200226	4.4199041190000035	3.974728193260829e-13	3.2136189190839637e-9	upregulated	TRUE	TRUE	TRUE	TRUE	FALSE	both_upregulated
ENSG00000131747	ENSG00000131747	TOP2A	7153	DNA topoisomerase II alpha	3.059314733060484	1.5335481989996907e-29	upregulated	3.040732751631453	3.651986402380815	4.8590524149328333e-11	3.269185012964971e-8	upregulated	TRUE	TRUE	TRUE	TRUE	FALSE	both_upregulated
ENSG00000065328	ENSG00000065328	MCM10	55388	minichromosome maintenance 10 replication initiation factor	3.3919081018333586	2.609759424674276e-29	upregulated	3.2967189828024197	1.5389432559194127	5.732434048534726e-9	5.55687825579835e-7	upregulated	TRUE	TRUE	TRUE	TRUE	FALSE	both_upregulated
ENSG00000101057	ENSG00000101057	MYBL2	4605	MYB proto-oncogene like 2	3.315228648121862	3.1073615358072086e-29	upregulated	3.3956008887342652	4.865826543165534	3.117348654640718e-11	2.544740928077765e-8	upregulated	TRUE	TRUE	TRUE	TRUE	FALSE	both_upregulated
ENSG00000131153	ENSG00000131153	GINS2	51659	GINS complex subunit 2	2.6994562889858984	3.8949998876695255e-29	upregulated	2.6025017352961237	2.1579867663282393	2.535822820273684e-10	6.900107358323655e-8	upregulated	TRUE	TRUE	TRUE	TRUE	FALSE	both_upregulated
ENSG00000122952	ENSG00000122952	ZWINT	11130	ZW10 interacting kinetochore protein	2.2718319844592463	7.387238157828101e-29	upregulated	2.1520722706193665	3.710049975702194	2.3730338040645025e-10	6.572456125185792e-8	upregulated	TRUE	TRUE	TRUE	TRUE	FALSE	both_upregulated
ENSG00000211945	ENSG00000211945	IGHV1-18	28468	immunoglobulin heavy variable 1-18	3.542766988412914	1.6317793409890612e-28	upregulated	3.571164906130026	4.795988973461869	3.740965253496744e-10	9.065995481521016e-8	upregulated	TRUE	TRUE	TRUE	TRUE	FALSE	both_upregulated
ENSG00000075218	ENSG00000075218	GTSE1	51512	G2 and S-phase expressed 1	2.99769944453504	2.665720452831695e-28	upregulated	2.888642082703164	0.9716422013048335	6.672673611791729e-10	1.277693428628268e-7	upregulated	TRUE	TRUE	TRUE	TRUE	FALSE	both_upregulated
ENSG00000115163	ENSG00000115163	CENPA	1058	centromere protein A	3.4859958383491145	3.0385698586685047e-28	upregulated	3.3215259868766203	0.14286229710948	9.727028401165995e-11	4.310463157202417e-8	upregulated	TRUE	TRUE	TRUE	TRUE	FALSE	both_upregulated
ENSG00000184661	ENSG00000184661	CDCA2	157313	cell division cycle associated 2	3.2669704454049655	7.964769088402909e-28	upregulated	3.2554964018255346	1.0638692012994806	1.0514811042595656e-9	1.716681255480617e-7	upregulated	TRUE	TRUE	TRUE	TRUE	FALSE	both_upregulated
ENSG00000146670	ENSG00000146670	CDCA5	113130	cell division cycle associated 5	2.7587617163375495	8.864759242478374e-28	upregulated	2.7802524692219186	2.010730337273924	2.160357748935013e-11	2.32571038495507e-8	upregulated	TRUE	TRUE	TRUE	TRUE	FALSE	both_upregulated
ENSG00000092853	ENSG00000092853	CLSPN	63967	claspin	2.539679397519341	1.0663887686995451e-27	upregulated	2.4565181723733165	1.8664931569371264	1.3736745000622278e-10	5.072783689515512e-8	upregulated	TRUE	TRUE	TRUE	TRUE	FALSE	both_upregulated
ENSG00000138180	ENSG00000138180	CEP55	55165	centrosomal protein 55	3.344593212619552	1.1750721712260909e-27	upregulated	3.261180871672098	1.0981256513789577	7.983593745041805e-10	1.4232820573057288e-7	upregulated	TRUE	TRUE	TRUE	TRUE	FALSE	both_upregulated
ENSG00000126787	ENSG00000126787	DLGAP5	9787	DLG associated protein 5	3.686525937045351	1.2655282982857636e-27	upregulated	3.830314514076436	1.2704661078189499	2.5586607374917807e-9	3.128621624972677e-7	upregulated	TRUE	TRUE	TRUE	TRUE	FALSE	both_upregulated
ENSG00000109805	ENSG00000109805	NCAPG	64151	non-SMC condensin I complex subunit G	3.107592963845192	1.458982167439941e-27	upregulated	3.0449252655850128	1.5852786688511171	5.698024611885205e-10	1.1911399770839e-7	upregulated	TRUE	TRUE	TRUE	TRUE	FALSE	both_upregulated
ENSG00000156970	ENSG00000156970	BUB1B	701	BUB1 mitotic checkpoint serine/threonine kinase B	2.681712666519338	5.799348976307951e-27	upregulated	2.6419193539483428	1.4633766437700542	7.456014155865779e-11	4.130099269909937e-8	upregulated	TRUE	TRUE	TRUE	TRUE	FALSE	both_upregulated
ENSG00000211962	ENSG00000211962	IGHV1-46	28465	immunoglobulin heavy variable 1-46	3.4090516359157563	6.3234574224882805e-27	upregulated	3.410635256646997	4.839450298805319	1.8505912045693055e-9	2.4532196224675155e-7	upregulated	TRUE	TRUE	TRUE	TRUE	FALSE	both_upregulated
ENSG00000142945	ENSG00000142945	KIF2C	11004	kinesin family member 2C	2.795536117179117	1.2423696757881883e-26	upregulated	2.7682345591531208	1.94807616903659	1.5445376298027637e-10	5.304493265277572e-8	upregulated	TRUE	TRUE	TRUE	TRUE	FALSE	both_upregulated
ENSG00000135451	ENSG00000135451	TROAP	10024	trophinin associated protein	3.3017823798497976	1.4864265139055242e-26	upregulated	3.253682231213828	0.9142605213988715	2.046110200997108e-10	6.102917157204835e-8	upregulated	TRUE	TRUE	TRUE	TRUE	FALSE	both_upregulated
ENSG00000093009	ENSG00000093009	CDC45	8318	cell division cycle 45	2.9142240414150105	2.1629835686991932e-26	upregulated	2.745613732032426	1.9310088915305272	5.632995360035223e-9	5.494827549317378e-7	upregulated	TRUE	TRUE	TRUE	TRUE	FALSE	both_upregulated
ENSG00000183010	ENSG00000183010	PYCR1	5831	pyrroline-5-carboxylate reductase 1	3.0604972606881407	2.9087507418618567e-26	upregulated	2.982481724113653	1.462492803729553	5.040316299375075e-9	4.947804164766292e-7	upregulated	TRUE	TRUE	TRUE	TRUE	FALSE	both_upregulated
ENSG00000072571	ENSG00000072571	HMMR	3161	hyaluronan mediated motility receptor	2.814452538247086	2.922844255164934e-26	upregulated	2.710991970069778	0.7967856099885682	3.411644991579862e-11	2.6457306909701833e-8	upregulated	TRUE	TRUE	TRUE	TRUE	FALSE	both_upregulated
ENSG00000094804	ENSG00000094804	CDC6	990	cell division cycle 6	2.8250298685822046	4.2266966482166917e-26	upregulated	2.8027041742562915	2.009315295488232	8.078843431366054e-10	1.423694254860982e-7	upregulated	TRUE	TRUE	TRUE	TRUE	FALSE	both_upregulated
ENSG00000237649	ENSG00000237649	KIFC1	3833	kinesin family member C1	2.591562521882121	4.978054243103662e-26	upregulated	2.51813132548894	1.6002912165912242	1.6416226739737167e-10	5.304493265277572e-8	upregulated	TRUE	TRUE	TRUE	TRUE	FALSE	both_upregulated
ENSG00000129538	ENSG00000129538	RNASE1	6035	ribonuclease A family member 1, pancreatic	4.9613604302032055	4.994405235501795e-26	upregulated	4.496098695900697	2.1470947577111956	1.0660306777293977e-6	2.7284052494361317e-5	upregulated	TRUE	TRUE	TRUE	TRUE	FALSE	both_upregulated
ENSG00000099958	ENSG00000099958	DERL3	91319	derlin 3	2.6042851705552037	6.089685035620133e-26	upregulated	2.5334362802202977	2.449301269270152	5.343589407916396e-10	1.1353297495449767e-7	upregulated	TRUE	TRUE	TRUE	TRUE	FALSE	both_upregulated
ENSG00000211592	ENSG00000211592	IGKC	3514	immunoglobulin kappa constant	3.0238473710018328	1.0722263152153936e-25	upregulated	3.0030210559187154	10.40451476974174	3.808181101806217e-11	2.8126137566197348e-8	upregulated	TRUE	TRUE	TRUE	TRUE	FALSE	both_upregulated
ENSG00000176890	ENSG00000176890	TYMS	7298	thymidylate synthetase	2.8533706968378953	1.0722263152153936e-25	upregulated	2.6320136486840786	1.3839810258180145	9.157272194821995e-9	7.761163483152411e-7	upregulated	TRUE	TRUE	TRUE	TRUE	FALSE	both_upregulated
ENSG00000211956	ENSG00000211956	IGHV4-34	28395	immunoglobulin heavy variable 4-34	4.1311233854071325	1.1450818745177396e-25	upregulated	3.906435988098816	5.991117359557239	2.1048911252559898e-10	6.159785160890641e-8	upregulated	TRUE	TRUE	TRUE	TRUE	FALSE	both_upregulated
ENSG00000085999	ENSG00000085999	RAD54L	8438	RAD54 like	2.7557555057268286	1.1826074643906452e-25	upregulated	2.6674702810882907	0.5213387607712763	5.907835424068606e-11	3.3937232380482994e-8	upregulated	TRUE	TRUE	TRUE	TRUE	FALSE	both_upregulated
ENSG00000071539	ENSG00000071539	TRIP13	9319	thyroid hormone receptor interactor 13	2.9459835671946952	1.8336192644193845e-25	upregulated	2.7248599987123225	1.6507360255124983	9.648763623140073e-9	8.002798063898531e-7	upregulated	TRUE	TRUE	TRUE	TRUE	FALSE	both_upregulated
ENSG00000143603	ENSG00000143603	KCNN3	3782	potassium calcium-activated channel subfamily N member 3	3.840966984795551	2.4844146937798318e-25	upregulated	3.854451035787393	0.7967373517534329	5.024216272809907e-9	4.947804164766292e-7	upregulated	TRUE	TRUE	TRUE	TRUE	FALSE	both_upregulated
ENSG00000121152	ENSG00000121152	NCAPH	23397	non-SMC condensin I complex subunit H	1.9471283588616652	1.4182061601310084e-24	upregulated	1.8813957631761722	2.4748476098794647	8.728814569634128e-11	4.3031297905205346e-8	upregulated	TRUE	TRUE	TRUE	TRUE	FALSE	both_upregulated
ENSG00000111665	ENSG00000111665	CDCA3	83461	cell division cycle associated 3	2.309571632415088	1.5800423839493164e-24	upregulated	2.200783588398838	1.5603620719823874	9.74076072352593e-10	1.6245075142138404e-7	upregulated	TRUE	TRUE	TRUE	TRUE	FALSE	both_upregulated
ENSG00000211679	ENSG00000211679	IGLC3	3539	immunoglobulin lambda constant 3 (Kern-Oz+ marker)	3.499516509123214	1.5800423839493164e-24	upregulated	3.3408357770760393	7.543430317410855	7.998029929731886e-11	4.244298791238234e-8	upregulated	TRUE	TRUE	TRUE	TRUE	FALSE	both_upregulated
ENSG00000132465	ENSG00000132465	JCHAIN	3512	joining chain of multimeric IgA and IgM	3.442409640755586	2.8906058719167183e-24	upregulated	3.391780114946596	7.698135868222484	8.878153017192592e-11	4.3031297905205346e-8	upregulated	TRUE	TRUE	TRUE	TRUE	FALSE	both_upregulated
ENSG00000007968	ENSG00000007968	E2F2	1870	E2F transcription factor 2	1.740799721365731	5.849764553983963e-24	upregulated	1.689403576682293	4.041070357337489	1.5562523195508133e-11	2.186816072549801e-8	upregulated	TRUE	TRUE	TRUE	TRUE	FALSE	both_upregulated
ENSG00000164045	ENSG00000164045	CDC25A	993	cell division cycle 25A	2.9747769668910844	9.231987013934181e-24	upregulated	2.959899788601624	0.17383790629822732	8.391551839690616e-10	1.4461441003733497e-7	upregulated	TRUE	TRUE	TRUE	TRUE	FALSE	both_upregulated
ENSG00000011426	ENSG00000011426	ANLN	54443	anillin, actin binding protein	2.7520984374599364	1.281561862216018e-23	upregulated	2.579696559978485	0.9441510109710026	2.137556251923021e-9	2.69540629815659e-7	upregulated	TRUE	TRUE	TRUE	TRUE	FALSE	both_upregulated
ENSG00000111291	ENSG00000111291	GPRC5D	55507	G protein-coupled receptor class C group 5 member D	3.2829800590470692	2.029226921101733e-23	upregulated	3.2646687953447535	0.1232106357550097	1.7369933161088373e-10	5.388153266569613e-8	upregulated	TRUE	TRUE	TRUE	TRUE	FALSE	both_upregulated
ENSG00000161888	ENSG00000161888	SPC24	147841	SPC24 component of NDC80 kinetochore complex	2.8190513322002726	2.6031624499642455e-23	upregulated	2.686289943857084	0.5879036871778341	1.7362834911173602e-10	5.388153266569613e-8	upregulated	TRUE	TRUE	TRUE	TRUE	FALSE	both_upregulated
ENSG00000100526	ENSG00000100526	CDKN3	1033	cyclin dependent kinase inhibitor 3	2.6473629049133516	4.733862556212266e-23	upregulated	2.55246519276674	1.708879234089148	1.1557222190555624e-9	1.867213710161643e-7	upregulated	TRUE	TRUE	TRUE	TRUE	FALSE	both_upregulated
ENSG00000017483	ENSG00000017483	SLC38A5	92745	solute carrier family 38 member 5	1.4995852294005738	4.979802552603115e-23	upregulated	1.457547281720994	4.917927212493293	5.387720832690283e-11	3.269185012964971e-8	upregulated	TRUE	TRUE	TRUE	TRUE	FALSE	both_upregulated
ENSG00000239264	ENSG00000239264	TXNDC5	81567	thioredoxin domain containing 5	2.483105643532165	5.091501815541049e-23	upregulated	2.3077347138066546	3.308513199037569	1.1905503166452191e-8	9.469454057008896e-7	upregulated	TRUE	TRUE	TRUE	TRUE	FALSE	both_upregulated
ENSG00000169607	ENSG00000169607	CKAP2L	150468	cytoskeleton associated protein 2 like	3.0681076490735366	5.836449343353664e-23	upregulated	2.990187787748904	0.5343026222120875	4.4263891217714626e-9	4.5166641630707484e-7	upregulated	TRUE	TRUE	TRUE	TRUE	FALSE	both_upregulated
ENSG00000244437	ENSG00000244437	IGKV3-15	28913	immunoglobulin kappa variable 3-15	3.173432306177746	6.72234846592661e-23	upregulated	3.105843383594525	5.7481995427228405	5.211951444679022e-10	1.1227412070412727e-7	upregulated	TRUE	TRUE	TRUE	TRUE	FALSE	both_upregulated
ENSG00000051180	ENSG00000051180	RAD51	5888	RAD51 recombinase	2.4142445475329133	6.72234846592661e-23	upregulated	2.3478631113644326	2.0715411628397398	2.768731295213977e-9	3.278093312119754e-7	upregulated	TRUE	TRUE	TRUE	TRUE	FALSE	both_upregulated
ENSG00000154839	ENSG00000154839	SKA1	220134	spindle and kinetochore associated complex subunit 1	2.904335700774256	9.32337880281811e-23	upregulated	2.7043261356888024	0.8443713299114338	5.695258592272339e-8	3.2004877089182604e-6	upregulated	TRUE	TRUE	TRUE	TRUE	FALSE	both_upregulated
ENSG00000051341	ENSG00000051341	POLQ	10721	DNA polymerase theta	2.0836280094562367	1.1006726433740484e-22	upregulated	2.033181978378285	1.804778438681997	2.703618545323452e-10	7.107309091180804e-8	upregulated	TRUE	TRUE	TRUE	TRUE	FALSE	both_upregulated
ENSG00000165480	ENSG00000165480	SKA3	221150	spindle and kinetochore associated complex subunit 3	3.147166473849268	1.1006726433740484e-22	upregulated	3.109637993681241	0.8547358109523184	2.636225205391164e-9	3.1943635105950746e-7	upregulated	TRUE	TRUE	TRUE	TRUE	FALSE	both_upregulated
ENSG00000223350	ENSG00000223350	IGLV9-49	28773	immunoglobulin lambda variable 9-49	4.16359568532477	1.1984048047040302e-22	upregulated	3.9375459034009324	2.322226538486086	3.760640695942603e-6	7.147982499273256e-5	upregulated	TRUE	TRUE	TRUE	TRUE	FALSE	both_upregulated
ENSG00000138160	ENSG00000138160	KIF11	3832	kinesin family member 11	2.2038517759625464	1.3595974339115348e-22	upregulated	2.080539567127532	3.0021714383049534	1.7216922869597861e-9	2.3287253440484692e-7	upregulated	TRUE	TRUE	TRUE	TRUE	FALSE	both_upregulated
ENSG00000211666	ENSG00000211666	IGLV2-14	28815	immunoglobulin lambda variable 2-14	3.165267625501096	1.8523619174672656e-22	upregulated	3.160809332029962	6.26428843519159	5.759864492668762e-10	1.1911399770839e-7	upregulated	TRUE	TRUE	TRUE	TRUE	FALSE	both_upregulated
ENSG00000211659	ENSG00000211659	IGLV3-25	28793	immunoglobulin lambda variable 3-25	4.330740476513605	2.398940123660703e-22	upregulated	4.399336481251972	5.80239564191255	7.689779813278329e-10	1.4031586459287868e-7	upregulated	TRUE	TRUE	TRUE	TRUE	FALSE	both_upregulated
ENSG00000171320	ENSG00000171320	ESCO2	157570	establishment of sister chromatid cohesion N-acetyltransferase 2	2.505245912621133	2.7231438874850373e-22	upregulated	2.3838577328606974	0.554021476658092	3.38776409401283e-10	8.596147573939012e-8	upregulated	TRUE	TRUE	TRUE	TRUE	FALSE	both_upregulated
ENSG00000165304	ENSG00000165304	MELK	9833	maternal embryonic leucine zipper kinase	2.991657938243917	2.7431532922531476e-22	upregulated	3.0316002841578378	1.0376307390557888	1.4343039257490614e-9	2.0986843290913152e-7	upregulated	TRUE	TRUE	TRUE	TRUE	FALSE	both_upregulated
ENSG00000048462	ENSG00000048462	TNFRSF17	608	TNF receptor superfamily member 17	3.2547953331703843	4.27974164412385e-22	upregulated	3.2402067144397595	2.9089438406301684	6.646759413404552e-8	3.5920292160942373e-6	upregulated	TRUE	TRUE	TRUE	TRUE	FALSE	both_upregulated
ENSG00000163808	ENSG00000163808	KIF15	56992	kinesin family member 15	2.310600882382641	5.327181543461941e-22	upregulated	2.1954857507660632	1.8551494941918707	2.0201380033823335e-9	2.611028369371666e-7	upregulated	TRUE	TRUE	TRUE	TRUE	FALSE	both_upregulated
ENSG00000134057	ENSG00000134057	CCNB1	891	cyclin B1	2.177098680345583	5.670161179410464e-22	upregulated	2.039301112352441	2.9923979305037216	1.070578333909188e-8	8.739299978385003e-7	upregulated	TRUE	TRUE	TRUE	TRUE	FALSE	both_upregulated
ENSG00000137563	ENSG00000137563	GGH	8836	gamma-glutamyl hydrolase	2.3045257634070877	8.253354142697672e-22	upregulated	2.1297586473677734	2.6335167989596147	6.913694138360767e-9	6.459722655781656e-7	upregulated	TRUE	TRUE	TRUE	TRUE	FALSE	both_upregulated
ENSG00000178445	ENSG00000178445	GLDC	2731	glycine decarboxylase	3.7084209225328264	1.037537512833054e-21	upregulated	3.5412720601738843	1.8164015778178992	7.842283774805529e-7	2.199526606640755e-5	upregulated	TRUE	TRUE	TRUE	TRUE	FALSE	both_upregulated
ENSG00000164087	ENSG00000164087	POC1A	25886	POC1 centriolar protein A	1.5755206771899362	1.3955852664668835e-21	upregulated	1.5131633615079045	2.291556449816135	1.0768868900478385e-10	4.6395876846227704e-8	upregulated	TRUE	TRUE	TRUE	TRUE	FALSE	both_upregulated
ENSG00000165409	ENSG00000165409	TSHR	7253	thyroid stimulating hormone receptor	2.33920031241754	1.4024011062797266e-21	upregulated	2.296636976971408	0.24388077213973175	2.6587964682144877e-11	2.544740928077765e-8	upregulated	TRUE	TRUE	TRUE	TRUE	FALSE	both_upregulated
ENSG00000211598	ENSG00000211598	IGKV4-1	28908	immunoglobulin kappa variable 4-1	2.994666161123103	2.3220356450655915e-21	upregulated	3.0673411769350505	6.83662447374241	4.850328224805446e-10	1.074694153810464e-7	upregulated	TRUE	TRUE	TRUE	TRUE	FALSE	both_upregulated
ENSG00000211955	ENSG00000211955	IGHV3-33	28434	immunoglobulin heavy variable 3-33	3.329403559413705	2.76738995542933e-21	upregulated	3.25380099534069	5.024390811142426	8.236936590398804e-8	4.202463372272548e-6	upregulated	TRUE	TRUE	TRUE	TRUE	FALSE	both_upregulated
ENSG00000143228	ENSG00000143228	NUF2	83540	NUF2 component of NDC80 kinetochore complex	2.0257444926066213	3.0246674185482018e-21	upregulated	1.9566634945413066	1.3800269640806415	4.620830030492941e-10	1.0484116581011367e-7	upregulated	TRUE	TRUE	TRUE	TRUE	FALSE	both_upregulated
ENSG00000118193	ENSG00000118193	KIF14	9928	kinesin family member 14	2.505478510301428	6.827888425114956e-21	upregulated	2.4163431052118027	0.5535297744366123	6.159846113718119e-10	1.235235891139304e-7	upregulated	TRUE	TRUE	TRUE	TRUE	FALSE	both_upregulated
ENSG00000240382	ENSG00000240382	IGKV1-17	28937	immunoglobulin kappa variable 1-17	3.9617504248535744	8.716790736477292e-21	upregulated	3.1050498599065652	2.6721312601011133	2.0268367877659227e-6	4.4527250110834925e-5	upregulated	TRUE	TRUE	TRUE	TRUE	FALSE	both_upregulated
ENSG00000154277	ENSG00000154277	UCHL1	7345	ubiquitin C-terminal hydrolase L1	5.04291328403567	1.0833865381482131e-20	upregulated	4.734552322427925	-1.1663424491430188	1.631475646798821e-8	1.216547465473544e-6	upregulated	TRUE	TRUE	TRUE	TRUE	FALSE	both_upregulated
ENSG00000211660	ENSG00000211660	IGLV2-23	28813	immunoglobulin lambda variable 2-23	3.556340202809646	1.6229363129367214e-20	upregulated	3.291478452603305	5.1543263012241045	2.6196681950883697e-8	1.7513385218026126e-6	upregulated	TRUE	TRUE	TRUE	TRUE	FALSE	both_upregulated
ENSG00000123131	ENSG00000123131	PRDX4	10549	peroxiredoxin 4	1.086462102130532	1.6698374446588902e-20	upregulated	1.0732892766631563	4.993218829595889	2.0994214560891498e-11	2.32571038495507e-8	upregulated	TRUE	TRUE	TRUE	TRUE	FALSE	both_upregulated
ENSG00000117724	ENSG00000117724	CENPF	1063	centromere protein F	2.048746208439954	2.119399959223359e-20	upregulated	1.9350942512928155	2.680086540562418	7.241815603082e-9	6.607870233224068e-7	upregulated	TRUE	TRUE	TRUE	TRUE	FALSE	both_upregulated
ENSG00000211947	ENSG00000211947	IGHV3-21	28444	immunoglobulin heavy variable 3-21	2.974344314167346	2.5916570410715023e-20	upregulated	3.010986204299223	5.515918321436509	6.192752718486388e-9	5.928987324921228e-7	upregulated	TRUE	TRUE	TRUE	TRUE	FALSE	both_upregulated
ENSG00000211966	ENSG00000211966	IGHV5-51	28388	immunoglobulin heavy variable 5-51	2.91090626747762	2.809391838692836e-20	upregulated	2.9068222524653855	4.917497347092709	4.124104251304786e-9	4.264323795849149e-7	upregulated	TRUE	TRUE	TRUE	TRUE	FALSE	both_upregulated
ENSG00000166803	ENSG00000166803	PCLAF	9768	PCNA clamp associated factor	3.0298257920946425	2.809391838692836e-20	upregulated	2.8201139080208177	-0.05981712453070006	7.181648957425735e-9	6.607870233224068e-7	upregulated	TRUE	TRUE	TRUE	TRUE	FALSE	both_upregulated
ENSG00000241351	ENSG00000241351	IGKV3-11	28914	immunoglobulin kappa variable 3-11	2.7311817054892624	3.452468592242678e-20	upregulated	2.7852867256793745	6.07864300450034	7.096538304298336e-10	1.3261121578273156e-7	upregulated	TRUE	TRUE	TRUE	TRUE	FALSE	both_upregulated
ENSG00000211949	ENSG00000211949	IGHV3-23	28442	immunoglobulin heavy variable 3-23	3.075880405130643	1.0438430896942944e-19	upregulated	2.9525647271640505	6.63919580599277	1.4300966928923344e-9	2.0986843290913152e-7	upregulated	TRUE	TRUE	TRUE	TRUE	FALSE	both_upregulated
ENSG00000139734	ENSG00000139734	DIAPH3	81624	diaphanous related formin 3	3.026985208285358	1.1730321980231956e-19	upregulated	2.9563048087413852	-0.24262890438583948	2.518001987032013e-9	3.124336865509322e-7	upregulated	TRUE	TRUE	TRUE	TRUE	FALSE	both_upregulated
ENSG00000035499	ENSG00000035499	DEPDC1B	55789	DEP domain containing 1B	2.725001068448423	1.5976401148740151e-19	upregulated	2.5423320163228462	0.8558133668796504	1.0373426868798442e-7	4.909144935637731e-6	upregulated	TRUE	TRUE	TRUE	TRUE	FALSE	both_upregulated
ENSG00000174371	ENSG00000174371	EXO1	9156	exonuclease 1	2.5616960842699363	1.6538440975978445e-19	upregulated	2.500631300265899	1.066632069458353	2.56179849369136e-9	3.128621624972677e-7	upregulated	TRUE	TRUE	TRUE	TRUE	FALSE	both_upregulated
ENSG00000243466	ENSG00000243466	IGKV1-5	28299	immunoglobulin kappa variable 1-5	3.1460522246706684	2.2826470630818533e-19	upregulated	3.2111714656864585	6.372602951911487	1.5992826301923656e-9	2.195121557016247e-7	upregulated	TRUE	TRUE	TRUE	TRUE	FALSE	both_upregulated
ENSG00000115884	ENSG00000115884	SDC1	6382	syndecan 1	4.950803543651258	2.3166020830255763e-19	upregulated	5.359498626574741	0.1930089529305255	4.892914532972839e-8	2.874587288121543e-6	upregulated	TRUE	TRUE	TRUE	TRUE	FALSE	both_upregulated
ENSG00000134690	ENSG00000134690	CDCA8	55143	cell division cycle associated 8	1.7750691188971677	2.6097768735855456e-19	upregulated	1.6927813021973839	2.516923641023049	2.7415566745500865e-9	3.270888001713219e-7	upregulated	TRUE	TRUE	TRUE	TRUE	FALSE	both_upregulated
ENSG00000117650	ENSG00000117650	NEK2	4751	NIMA related kinase 2	2.699380897987512	3.2480527881046433e-19	upregulated	2.5203484963032428	0.3364415781865399	6.037967158336173e-8	3.3565903450105394e-6	upregulated	TRUE	TRUE	TRUE	TRUE	FALSE	both_upregulated
ENSG00000073111	ENSG00000073111	MCM2	4171	minichromosome maintenance complex component 2	1.6716750136320413	5.706816313497902e-19	upregulated	1.5441427922902862	4.580371920973254	7.242668856531861e-9	6.607870233224068e-7	upregulated	TRUE	TRUE	TRUE	TRUE	FALSE	both_upregulated
ENSG00000211673	ENSG00000211673	ENSG00000211673	NA	NA	3.6120834353754026	9.969392000593506e-19	upregulated	3.8366019599076213	5.064186119540772	4.664113759444129e-10	1.0484116581011367e-7	upregulated	TRUE	TRUE	TRUE	TRUE	FALSE	both_upregulated
ENSG00000162062	ENSG00000162062	TEDC2	80178	tubulin epsilon and delta complex 2	2.2631106026131356	1.188175901662024e-18	upregulated	2.214070787406118	0.51100177748091	1.0165066267507543e-8	8.386179670693723e-7	upregulated	TRUE	TRUE	TRUE	TRUE	FALSE	both_upregulated
ENSG00000097021	ENSG00000097021	ACOT7	11332	acyl-CoA thioesterase 7	1.5061444926683674	1.2171091004997179e-18	upregulated	1.4755307082161648	3.8145964778501993	1.2664677710500198e-9	1.9417991531471559e-7	upregulated	TRUE	TRUE	TRUE	TRUE	FALSE	both_upregulated
ENSG00000140534	ENSG00000140534	TICRR	90381	TOPBP1 interacting checkpoint and replication regulator	2.451917020725938	1.2198401245521307e-18	upregulated	2.497265545188101	-0.344779608585466	1.5153455339466957e-9	2.1778797066911308e-7	upregulated	TRUE	TRUE	TRUE	TRUE	FALSE	both_upregulated
ENSG00000112742	ENSG00000112742	TTK	7272	TTK protein kinase	2.3909555277656125	1.436370293263382e-18	upregulated	2.304989575012039	0.8493940134074978	6.581788867972172e-9	6.262794192775974e-7	upregulated	TRUE	TRUE	TRUE	TRUE	FALSE	both_upregulated
ENSG00000170312	ENSG00000170312	CDK1	983	cyclin dependent kinase 1	2.599337259052754	1.753643924246306e-18	upregulated	2.692185075936911	2.1981205416007246	7.655854514960676e-9	6.903622298083725e-7	upregulated	TRUE	TRUE	TRUE	TRUE	FALSE	both_upregulated
ENSG00000211632	ENSG00000211632	IGKV3D-11	28876	immunoglobulin kappa variable 3D-11	2.9413920402107383	1.9579440899044577e-18	upregulated	3.033635234783071	1.0294191688731937	4.872971591655878e-9	4.876115444295655e-7	upregulated	TRUE	TRUE	TRUE	TRUE	FALSE	both_upregulated
ENSG00000211658	ENSG00000211658	IGLV3-27	28791	immunoglobulin lambda variable 3-27	4.5264573210537025	2.4483075443876817e-18	upregulated	3.9346681312406524	1.8461883233110645	1.3373376726654758e-4	0.001076393736535627	upregulated	TRUE	TRUE	TRUE	TRUE	FALSE	both_upregulated
ENSG00000124575	ENSG00000124575	H1-3	3007	H1.3 linker histone, cluster member	1.3735742525598753	2.5935745926048357e-18	upregulated	1.3768676875393666	4.610931977086005	1.1497289891883898e-10	4.819539627651872e-8	upregulated	TRUE	TRUE	TRUE	TRUE	FALSE	both_upregulated
ENSG00000211637	ENSG00000211637	IGLV4-69	28784	immunoglobulin lambda variable 4-69	3.5092405301626304	2.5935745926048357e-18	upregulated	3.5974345746574423	4.502597701378437	6.15175023758524e-8	3.371506932330285e-6	upregulated	TRUE	TRUE	TRUE	TRUE	FALSE	both_upregulated
ENSG00000211599	ENSG00000211599	IGKV5-2	28907	immunoglobulin kappa variable 5-2	3.2441545986002995	2.928514855893333e-18	upregulated	3.2334395560692593	-0.12438806257366007	5.6833092946778144e-8	3.2004877089182604e-6	upregulated	TRUE	TRUE	TRUE	TRUE	FALSE	both_upregulated
ENSG00000085840	ENSG00000085840	ORC1	4998	origin recognition complex subunit 1	2.4449163695382636	5.256098987108335e-18	upregulated	2.3823026227859385	1.6072516513434034	4.942576978651623e-8	2.8928063750523276e-6	upregulated	TRUE	TRUE	TRUE	TRUE	FALSE	both_upregulated
ENSG00000211653	ENSG00000211653	IGLV1-40	28825	immunoglobulin lambda variable 1-40	2.9409015144057107	6.4927767905199375e-18	upregulated	2.9116385639145292	6.070278356319037	1.3280860265573315e-8	1.0403340541365763e-6	upregulated	TRUE	TRUE	TRUE	TRUE	FALSE	both_upregulated
ENSG00000211668	ENSG00000211668	IGLV2-11	28816	immunoglobulin lambda variable 2-11	3.4956973408469008	7.820054995109108e-18	upregulated	3.5436704399923578	4.615044557489703	9.197243506014669e-7	2.4637175609376082e-5	upregulated	TRUE	TRUE	TRUE	TRUE	FALSE	both_upregulated
ENSG00000108641	ENSG00000108641	B9D1	27077	B9 domain containing 1	1.541490684159279	9.472129168459187e-18	upregulated	1.5823244465836337	0.8327191841606163	2.353612436237165e-10	6.572456125185792e-8	upregulated	TRUE	TRUE	TRUE	TRUE	FALSE	both_upregulated
ENSG00000101412	ENSG00000101412	E2F1	1869	E2F transcription factor 1	2.591029864670946	9.472129168459187e-18	upregulated	2.2136993327917907	3.4340857169991588	1.8477677101006196e-7	7.622041804165056e-6	upregulated	TRUE	TRUE	TRUE	TRUE	FALSE	both_upregulated
ENSG00000123080	ENSG00000123080	CDKN2C	1031	cyclin dependent kinase inhibitor 2C	1.1415437979213767	1.0096858341428244e-17	upregulated	1.1161945668533764	2.8724792337874825	7.505724490083778e-10	1.3858784147761832e-7	upregulated	TRUE	TRUE	TRUE	TRUE	FALSE	both_upregulated
ENSG00000211946	ENSG00000211946	IGHV3-20	28445	immunoglobulin heavy variable 3-20	4.6555261333758065	1.1258591183528241e-17	upregulated	4.3722707714177735	4.011976373234433	1.1916279792476145e-6	2.95714399330088e-5	upregulated	TRUE	TRUE	TRUE	TRUE	FALSE	both_upregulated
ENSG00000180596	ENSG00000180596	H2BC4	8347	H2B clustered histone 4	1.9475745078601476	1.3683195120040219e-17	upregulated	1.8209107486347047	2.6466280000100038	3.7007264642976213e-9	3.9859907959205626e-7	upregulated	TRUE	TRUE	TRUE	TRUE	FALSE	both_upregulated
ENSG00000239672	ENSG00000239672	NME1	4830	NME/NM23 nucleoside diphosphate kinase 1	1.1449034545189454	1.9273511197441325e-17	upregulated	1.140731539378852	3.61382641453968	2.360611662539637e-10	6.572456125185792e-8	upregulated	TRUE	TRUE	TRUE	TRUE	FALSE	both_upregulated
ENSG00000211649	ENSG00000211649	IGLV7-46	28775	immunoglobulin lambda variable 7-46	3.6656383771500702	2.155884508449582e-17	upregulated	3.1501930803035867	2.923384743549528	6.553812321876053e-6	1.0722534716487087e-4	upregulated	TRUE	TRUE	TRUE	TRUE	FALSE	both_upregulated
ENSG00000211677	ENSG00000211677	IGLC2	3538	immunoglobulin lambda constant 2	3.426002510141852	2.1698541781818823e-17	upregulated	3.4175137116982173	8.515788062395776	6.300288176200722e-10	1.2369299950996608e-7	upregulated	TRUE	TRUE	TRUE	TRUE	FALSE	both_upregulated
ENSG00000101187	ENSG00000101187	SLCO4A1	28231	solute carrier organic anion transporter family member 4A1	2.609988248054358	2.36236459810054e-17	upregulated	2.4733768344993896	2.058432140087673	2.2540950051964764e-7	8.806300637430063e-6	upregulated	TRUE	TRUE	TRUE	TRUE	FALSE	both_upregulated
ENSG00000211644	ENSG00000211644	IGLV1-51	28820	immunoglobulin lambda variable 1-51	4.539252042796531	2.3877150994526595e-17	upregulated	3.8554734914712188	1.8590358203808508	2.332353601157833e-6	4.954626706393682e-5	upregulated	TRUE	TRUE	TRUE	TRUE	FALSE	both_upregulated
ENSG00000211941	ENSG00000211941	IGHV3-11	28450	immunoglobulin heavy variable 3-11	2.9551788302450666	2.6854885020318678e-17	upregulated	2.946708851691347	4.207674584660325	1.2582512005837528e-7	5.723013525235778e-6	upregulated	TRUE	TRUE	TRUE	TRUE	FALSE	both_upregulated
ENSG00000129195	ENSG00000129195	PIMREG	54478	PICALM interacting mitotic regulator	2.4643323799278947	6.90295960095828e-17	upregulated	2.426952452032327	-0.26957932066917917	1.905235909871148e-9	2.5042549967882637e-7	upregulated	TRUE	TRUE	TRUE	TRUE	FALSE	both_upregulated
ENSG00000077152	ENSG00000077152	UBE2T	29089	ubiquitin conjugating enzyme E2 T	1.4826307846207645	7.129097807154065e-17	upregulated	1.4258354662851525	2.095228429033393	7.917590908762437e-9	7.057576723845138e-7	upregulated	TRUE	TRUE	TRUE	TRUE	FALSE	both_upregulated
ENSG00000259772	ENSG00000259772	LINC03034	283710	long intergenic non-protein coding RNA 3034	2.138278734626275	7.349186095397267e-17	upregulated	2.1221582931015526	1.1367316169630661	4.3978532045846865e-8	2.6541129651014975e-6	upregulated	TRUE	TRUE	TRUE	TRUE	FALSE	both_upregulated
ENSG00000159189	ENSG00000159189	C1QC	714	complement C1q C chain	3.4041802376835593	8.060580741540692e-17	upregulated	3.099772763323061	1.525145533297119	7.362257263279144e-7	2.1106951969216178e-05	upregulated	TRUE	TRUE	TRUE	TRUE	FALSE	both_upregulated
ENSG00000211897	ENSG00000211897	IGHG3	3502	immunoglobulin heavy constant gamma 3 (G3m marker)	4.027758440631779	8.28844708131185e-17	upregulated	4.086173501289313	7.130858778291337	3.5604451077745757e-10	8.765476765330742e-8	upregulated	TRUE	TRUE	TRUE	TRUE	FALSE	both_upregulated
ENSG00000137812	ENSG00000137812	KNL1	57082	kinetochore scaffold 1	1.935955899758244	8.28844708131185e-17	upregulated	1.9037156930463461	1.9903848259342516	8.251572908750694e-9	7.189994146894566e-7	upregulated	TRUE	TRUE	TRUE	TRUE	FALSE	both_upregulated
ENSG00000173369	ENSG00000173369	C1QB	713	complement C1q B chain	2.770230539942007	1.0202212270663971e-16	upregulated	2.4760666045443083	3.7002354893667015	3.5040222002921747e-7	1.207719651700703e-5	upregulated	TRUE	TRUE	TRUE	TRUE	FALSE	both_upregulated
ENSG00000186185	ENSG00000186185	KIF18B	146909	kinesin family member 18B	2.8420005892419553	1.576765545769801e-16	upregulated	2.881348890789301	0.1910344629151395	6.717273347274794e-9	6.352738391233663e-7	upregulated	TRUE	TRUE	TRUE	TRUE	FALSE	both_upregulated
ENSG00000243290	ENSG00000243290	IGKV1-12	28940	immunoglobulin kappa variable 1-12	3.1894468274061376	2.6865245029860465e-16	upregulated	2.81138930378414	1.8991667498329974	1.2764179400885783e-6	3.107887323512378e-5	upregulated	TRUE	TRUE	TRUE	TRUE	FALSE	both_upregulated
ENSG00000164687	ENSG00000164687	FABP5	2171	fatty acid binding protein 5	1.2249777100504151	3.477172227996919e-16	upregulated	1.2322967653212298	2.731844520553815	6.995219258688343e-10	1.3231201305153194e-7	upregulated	TRUE	TRUE	TRUE	TRUE	FALSE	both_upregulated
ENSG00000119326	ENSG00000119326	CTNNAL1	8727	catenin alpha like 1	2.0616775317787535	3.534878169060218e-16	upregulated	2.0524072896918026	1.9579016250081334	1.12203500550731e-8	9.063939028863739e-7	upregulated	TRUE	TRUE	TRUE	TRUE	FALSE	both_upregulated
ENSG00000211640	ENSG00000211640	IGLV6-57	28778	immunoglobulin lambda variable 6-57	3.905523981909291	4.188323819273611e-16	upregulated	4.180394131190584	4.7989656424141796	3.906774847901079e-8	2.4237631156378295e-6	upregulated	TRUE	TRUE	TRUE	TRUE	FALSE	both_upregulated
ENSG00000282600	ENSG00000282600	IGHV3-69-1	28402	immunoglobulin heavy variable 3-69-1 (pseudogene)	3.2954837107196595	4.3661598593271444e-16	upregulated	2.947960583780678	0.5043353084194552	1.2302967592064424e-6	3.028971806510136e-5	upregulated	TRUE	TRUE	TRUE	TRUE	FALSE	both_upregulated
ENSG00000135916	ENSG00000135916	ITM2C	81618	integral membrane protein 2C	1.6757123204323645	5.916912412815029e-16	upregulated	1.5450658286617776	6.5845554764211665	2.9795587663428795e-9	3.3800467762721276e-7	upregulated	TRUE	TRUE	TRUE	TRUE	FALSE	both_upregulated
ENSG00000180535	ENSG00000180535	BHLHA15	168620	basic helix-loop-helix family member a15	3.421288074782133	7.160913348720129e-16	upregulated	3.673446678717866	0.13850234708010267	8.032540188768394e-8	4.125321136682046e-6	upregulated	TRUE	TRUE	TRUE	TRUE	FALSE	both_upregulated
ENSG00000047597	ENSG00000047597	XK	7504	X-linked Kx blood group antigen, Kell and VPS13A binding protein	3.23681358634405	1.1327328267576638e-15	upregulated	2.675053493615591	1.9926309232825574	1.13716966596491e-5	1.6285385962463617e-4	upregulated	TRUE	TRUE	TRUE	TRUE	FALSE	both_upregulated
ENSG00000211952	ENSG00000211952	IGHV4-28	28400	immunoglobulin heavy variable 4-28	2.9371186867133083	1.2779078637186537e-15	upregulated	2.6960376573138856	1.7197957686389587	3.061842856126887e-5	3.405788450782537e-4	upregulated	TRUE	TRUE	TRUE	TRUE	FALSE	both_upregulated
ENSG00000228716	ENSG00000228716	DHFR	1719	dihydrofolate reductase	1.6556041229952791	1.280573152004997e-15	upregulated	1.5572779960734076	1.5071771988632336	1.3583732383190408e-8	1.0587120063481569e-6	upregulated	TRUE	TRUE	TRUE	TRUE	FALSE	both_upregulated
ENSG00000166562	ENSG00000166562	SEC11C	90701	SEC11 homolog C, signal peptidase complex subunit	1.3096222740460413	1.2872768594706478e-15	upregulated	1.2206099050663033	5.973781103209226	1.5335833660669736e-9	2.1778797066911308e-7	upregulated	TRUE	TRUE	TRUE	TRUE	FALSE	both_upregulated
ENSG00000274997	ENSG00000274997	H2AC12	85235	H2A clustered histone 12	2.5039117419625607	1.4317033461063373e-15	upregulated	2.568919415886234	-0.2499086118217311	3.85728257343586e-9	4.0423278860804177e-7	upregulated	TRUE	TRUE	TRUE	TRUE	FALSE	both_upregulated
ENSG00000168298	ENSG00000168298	H1-4	3008	H1.4 linker histone, cluster member	1.3886418328213457	1.6130482601710138e-15	upregulated	1.4402859500224023	5.200983244477364	1.576075946723234e-10	5.304493265277572e-8	upregulated	TRUE	TRUE	TRUE	TRUE	FALSE	both_upregulated
ENSG00000105974	ENSG00000105974	CAV1	857	caveolin 1	3.1626882722722747	1.6502475243429905e-15	upregulated	3.322059457007628	0.2698415924970015	6.839285807999633e-8	3.658538520390072e-6	upregulated	TRUE	TRUE	TRUE	TRUE	FALSE	both_upregulated
ENSG00000160957	ENSG00000160957	RECQL4	9401	RecQ like helicase 4	1.4911958702031385	1.6502475243429905e-15	upregulated	1.4553254990631848	3.3093500311507036	2.2738385263357643e-8	1.5814903831151435e-6	upregulated	TRUE	TRUE	TRUE	TRUE	FALSE	both_upregulated
ENSG00000140451	ENSG00000140451	PIF1	80119	PIF1 5'-to-3' DNA helicase	1.5671392207868553	2.0014186491561148e-15	upregulated	1.6301299772500681	1.8145207445384202	3.067198909595465e-9	3.4224643948076016e-7	upregulated	TRUE	TRUE	TRUE	TRUE	FALSE	both_upregulated
ENSG00000138778	ENSG00000138778	CENPE	1062	centromere protein E	1.6389113561842978	2.016368204364959e-15	upregulated	1.5709727927848707	2.0625171961020556	8.9720685684213e-9	7.645977115176612e-7	upregulated	TRUE	TRUE	TRUE	TRUE	FALSE	both_upregulated
ENSG00000211934	ENSG00000211934	IGHV1-2	28474	immunoglobulin heavy variable 1-2	3.5155379422898445	2.142599346018492e-15	upregulated	3.4730162296275155	5.816636660475882	1.14434892683157e-7	5.297268383789994e-6	upregulated	TRUE	TRUE	TRUE	TRUE	FALSE	both_upregulated
ENSG00000277224	ENSG00000277224	H2BC7	8343	H2B clustered histone 7	2.2467183956660306	2.410575485238913e-15	upregulated	2.126286933459488	0.03854235073480453	4.381402536263006e-9	4.5003677706913396e-7	upregulated	TRUE	TRUE	TRUE	TRUE	FALSE	both_upregulated
ENSG00000211648	ENSG00000211648	IGLV1-47	28822	immunoglobulin lambda variable 1-47	3.4637508146790386	2.436232276891114e-15	upregulated	3.368763343690053	5.246561312994587	2.2041428593914452e-8	1.5539207158709688e-6	upregulated	TRUE	TRUE	TRUE	TRUE	FALSE	both_upregulated
ENSG00000170439	ENSG00000170439	TMT1B	196410	thiol methyltransferase 1B	5.398210275606632	2.7414953701101077e-15	upregulated	4.003527872029102	0.41311204928247036	9.53137215760828e-5	8.281881353753747e-4	upregulated	TRUE	TRUE	TRUE	TRUE	FALSE	both_upregulated
ENSG00000104738	ENSG00000104738	MCM4	4173	minichromosome maintenance complex component 4	1.537110249945514	3.4068740415874332e-15	upregulated	1.4013432062401403	5.289931628226235	2.577363111239907e-8	1.730515231832509e-6	upregulated	TRUE	TRUE	TRUE	TRUE	FALSE	both_upregulated
ENSG00000128228	ENSG00000128228	SDF2L1	23753	stromal cell derived factor 2 like 1	1.1573374554792346	5.153241895896982e-15	upregulated	1.1465406090370411	5.849995810603986	1.2770052457834293e-9	1.9417991531471559e-7	upregulated	TRUE	TRUE	TRUE	TRUE	FALSE	both_upregulated
ENSG00000165948	ENSG00000165948	IFI27L1	122509	interferon alpha inducible protein 27 like 1	1.3183460326405378	5.2340315874866206e-15	upregulated	1.2639722869802477	2.215524305680055	2.3111211820777644e-8	1.6002450684833093e-6	upregulated	TRUE	TRUE	TRUE	TRUE	FALSE	both_upregulated
ENSG00000029993	ENSG00000029993	HMGB3	3149	high mobility group box 3	1.7584438361507717	5.319809948534181e-15	upregulated	1.677122358326104	2.596730265066541	5.21585607191744e-8	2.996219543534796e-6	upregulated	TRUE	TRUE	TRUE	TRUE	FALSE	both_upregulated
ENSG00000080986	ENSG00000080986	NDC80	10403	NDC80 kinetochore complex component	1.5082476244877454	5.436587308748128e-15	upregulated	1.4546792081920774	2.8390896682415168	4.28100406363884e-8	2.6027116366431953e-6	upregulated	TRUE	TRUE	TRUE	TRUE	FALSE	both_upregulated
ENSG00000120885	ENSG00000120885	CLU	1191	clusterin	3.082921832829282	6.1449407293230626e-15	upregulated	2.5008595588625804	7.160206653294357	9.504422042231636e-8	4.654383350142585e-6	upregulated	TRUE	TRUE	TRUE	TRUE	FALSE	both_upregulated
ENSG00000119333	ENSG00000119333	DYNC2I2	89891	dynein 2 intermediate chain 2	1.1672261967754445	7.197807766505061e-15	upregulated	1.1774678298119916	4.0577617587831085	3.6286977191045326e-9	3.9357413722595315e-7	upregulated	TRUE	TRUE	TRUE	TRUE	FALSE	both_upregulated
ENSG00000211970	ENSG00000211970	IGHV4-61	28391	immunoglobulin heavy variable 4-61	3.394105084666023	1.1984589048094475e-14	upregulated	3.400537740562854	3.3944154117920378	1.0039384193831206e-6	2.6107950751546725e-5	upregulated	TRUE	TRUE	TRUE	TRUE	FALSE	both_upregulated
ENSG00000137198	ENSG00000137198	GMPR	2766	guanosine monophosphate reductase	2.5922192249682214	1.2814322585874763e-14	upregulated	2.137159143195317	4.029926395107283	6.696573493476068e-6	1.0887196528701659e-4	upregulated	TRUE	TRUE	TRUE	TRUE	FALSE	both_upregulated
ENSG00000270550	ENSG00000270550	IGHV3-30	28439	immunoglobulin heavy variable 3-30	2.942043433779484	1.2814322585874763e-14	upregulated	2.8086365602982326	5.71406516803607	2.120592852261254e-7	8.476905963549497e-6	upregulated	TRUE	TRUE	TRUE	TRUE	FALSE	both_upregulated
ENSG00000211669	ENSG00000211669	IGLV3-10	28803	immunoglobulin lambda variable 3-10	4.289621837338793	1.2873324350140667e-14	upregulated	4.709999427763644	4.007796887087156	2.0507365857895724e-7	8.240135866734785e-6	upregulated	TRUE	TRUE	TRUE	TRUE	FALSE	both_upregulated
ENSG00000101335	ENSG00000101335	MYL9	10398	myosin light chain 9	3.5807706662758143	1.8449642690964215e-14	upregulated	2.7244432214066694	3.866220464286897	2.5331687493945204e-5	2.9674809141321006e-4	upregulated	TRUE	TRUE	TRUE	TRUE	FALSE	both_upregulated
ENSG00000240864	ENSG00000240864	IGKV1-16	28938	immunoglobulin kappa variable 1-16	2.7993705156560997	2.5843622402544513e-14	upregulated	2.585149523793845	3.0864919497116436	4.067545483163806e-5	4.291110741221918e-4	upregulated	TRUE	TRUE	TRUE	TRUE	FALSE	both_upregulated
ENSG00000142731	ENSG00000142731	PLK4	10733	polo like kinase 4	1.362673965953252	2.6912318773932815e-14	upregulated	1.3005348533458556	2.395862997482798	2.7441312277536173e-8	1.8034523450194324e-6	upregulated	TRUE	TRUE	TRUE	TRUE	FALSE	both_upregulated
ENSG00000196465	ENSG00000196465	MYL6B	140465	myosin light chain 6B	1.3198716795146328	4.026408679302528e-14	upregulated	1.2718182514688596	1.6202347499639738	1.0267656112680555e-7	4.900041424851551e-6	upregulated	TRUE	TRUE	TRUE	TRUE	FALSE	both_upregulated
ENSG00000211650	ENSG00000211650	IGLV5-45	28781	immunoglobulin lambda variable 5-45	3.74532159532553	4.197907855340111e-14	upregulated	3.189600203480874	2.1299488965654767	1.1086566901329957e-6	2.8051003693250837e-5	upregulated	TRUE	TRUE	TRUE	TRUE	FALSE	both_upregulated
ENSG00000168268	ENSG00000168268	NT5DC2	64943	5'-nucleotidase domain containing 2	2.0642837231870224	4.6429711444873954e-14	upregulated	2.1573293924141934	2.857840835560837	1.1530551467508681e-8	9.266261826997908e-7	upregulated	TRUE	TRUE	TRUE	TRUE	FALSE	both_upregulated
ENSG00000165891	ENSG00000165891	E2F7	144455	E2F transcription factor 7	2.6092766022228484	5.15307838870119e-14	upregulated	2.8057967228557628	-0.5216669090030995	7.202950969303038e-8	3.7870430350471224e-6	upregulated	TRUE	TRUE	TRUE	TRUE	FALSE	both_upregulated
ENSG00000109674	ENSG00000109674	NEIL3	55247	nei like DNA glycosylase 3	2.1122376142465193	5.173460314170227e-14	upregulated	2.2226329088711307	-0.23038244872995656	3.9729641099759114e-8	2.4550069062042383e-6	upregulated	TRUE	TRUE	TRUE	TRUE	FALSE	both_upregulated
ENSG00000203760	ENSG00000203760	CENPW	387103	centromere protein W	1.3738729753225372	5.5921143241453384e-14	upregulated	1.3787816130772506	2.415819202357405	2.985599022239081e-9	3.3800467762721276e-7	upregulated	TRUE	TRUE	TRUE	TRUE	FALSE	both_upregulated
ENSG00000151725	ENSG00000151725	CENPU	79682	centromere protein U	1.834494277680302	5.842799744974159e-14	upregulated	1.766774402964013	2.2865899474318416	2.063982213160567e-8	1.4820538947277961e-6	upregulated	TRUE	TRUE	TRUE	TRUE	FALSE	both_upregulated
ENSG00000243238	ENSG00000243238	IGKV2-30	28919	immunoglobulin kappa variable 2-30	3.658765253678355	7.212970926325394e-14	upregulated	3.173891403680808	3.2940738245726013	2.183868536349528e-5	2.6257210076574555e-4	upregulated	TRUE	TRUE	TRUE	TRUE	FALSE	both_upregulated
ENSG00000183087	ENSG00000183087	GAS6	2621	growth arrest specific 6	1.757125461775891	9.598733406280349e-14	upregulated	1.6090721704667876	4.348734282635781	1.3618352409993611e-7	6.104642944479795e-6	upregulated	TRUE	TRUE	TRUE	TRUE	FALSE	both_upregulated
ENSG00000123473	ENSG00000123473	STIL	6491	STIL centriolar assembly protein	1.6734271247273955	1.035860397618572e-13	upregulated	1.5652681798018206	2.094151492323951	4.370740296219906e-7	1.4152438829722493e-5	upregulated	TRUE	TRUE	TRUE	TRUE	FALSE	both_upregulated
ENSG00000168496	ENSG00000168496	FEN1	2237	flap structure-specific endonuclease 1	1.1054414263305403	1.15075309217959e-13	upregulated	1.077591702424269	4.873907553863456	1.47062229364356e-8	1.1181054791378243e-6	upregulated	TRUE	TRUE	TRUE	TRUE	FALSE	both_upregulated
ENSG00000211890	ENSG00000211890	IGHA2	3494	immunoglobulin heavy constant alpha 2 (A2m marker)	3.24172214489808	1.1549824398907161e-13	upregulated	2.877837985476356	7.247348250763928	6.919853445423469e-7	1.9949242925375096e-5	upregulated	TRUE	TRUE	TRUE	TRUE	FALSE	both_upregulated
ENSG00000149554	ENSG00000149554	CHEK1	1111	checkpoint kinase 1	1.59317748529463	1.342089048790348e-13	upregulated	1.5530095024289863	1.9400413034005808	5.552713909178772e-8	3.166271791594219e-6	upregulated	TRUE	TRUE	TRUE	TRUE	FALSE	both_upregulated
ENSG00000123989	ENSG00000123989	CHPF	79586	chondroitin polymerizing factor	1.430360187207485	1.417296471006727e-13	upregulated	1.3261831170193927	4.471374863772497	2.2993055092953325e-7	8.91555711229265e-6	upregulated	TRUE	TRUE	TRUE	TRUE	FALSE	both_upregulated
ENSG00000100479	ENSG00000100479	POLE2	5427	DNA polymerase epsilon 2, accessory subunit	1.941076390089026	1.55874241858531e-13	upregulated	1.8832581581376044	0.700285754704645	5.613337360329386e-8	3.178037086548817e-6	upregulated	TRUE	TRUE	TRUE	TRUE	FALSE	both_upregulated
ENSG00000184678	ENSG00000184678	H2BC21	8349	H2B clustered histone 21	1.6443421524138966	2.167598905378718e-13	upregulated	1.4922462672119359	5.298753872910258	6.084472855973102e-8	3.3703633570051007e-6	upregulated	TRUE	TRUE	TRUE	TRUE	FALSE	both_upregulated
ENSG00000137807	ENSG00000137807	KIF23	9493	kinesin family member 23	1.6836897296723936	2.355649130553888e-13	upregulated	1.6396196125290807	2.2184354917577274	3.443922046476148e-8	2.207240947968804e-6	upregulated	TRUE	TRUE	TRUE	TRUE	FALSE	both_upregulated
ENSG00000211665	ENSG00000211665	IGLV3-16	28799	immunoglobulin lambda variable 3-16	3.517477342536654	2.506383249853927e-13	upregulated	3.4718685300103997	1.0037660245095503	1.129378033102582e-5	1.6204119605384872e-4	upregulated	TRUE	TRUE	TRUE	TRUE	FALSE	both_upregulated
ENSG00000223609	ENSG00000223609	HBD	3045	hemoglobin subunit delta	6.18338791981717	2.556296886473121e-13	upregulated	5.2727320040549195	1.2464919904857386	0.003582450994715504	0.01395374558715155	upregulated	TRUE	TRUE	TRUE	TRUE	FALSE	both_upregulated
ENSG00000106853	ENSG00000106853	PTGR1	22949	prostaglandin reductase 1	2.6040163434196617	2.655625867678135e-13	upregulated	2.4335985692490794	-0.317630544018404	1.044498922476113e-7	4.909144935637731e-6	upregulated	TRUE	TRUE	TRUE	TRUE	FALSE	both_upregulated
ENSG00000138798	ENSG00000138798	EGF	1950	epidermal growth factor	2.6804697291518655	3.092403493693322e-13	upregulated	2.037890294837301	1.8763704096435418	2.2918794001691862e-5	2.7386016561343666e-4	upregulated	TRUE	TRUE	TRUE	TRUE	FALSE	both_upregulated
ENSG00000146858	ENSG00000146858	ZC3HAV1L	92092	zinc finger CCCH-type containing, antiviral 1 like	2.3772067967874295	3.4263550891043365e-13	upregulated	2.285393068235214	-0.24331117274776226	1.1806928963279302e-8	9.439457124766081e-7	upregulated	TRUE	TRUE	TRUE	TRUE	FALSE	both_upregulated
ENSG00000241294	ENSG00000241294	IGKV2-24	28923	immunoglobulin kappa variable 2-24	3.9495317369789777	4.2272899224746916e-13	upregulated	3.622656769330416	1.4574127300846584	6.184649615183164e-6	1.0270226502300951e-4	upregulated	TRUE	TRUE	TRUE	TRUE	FALSE	both_upregulated
ENSG00000211965	ENSG00000211965	IGHV3-49	28423	immunoglobulin heavy variable 3-49	2.9395338027731492	4.287774164893219e-13	upregulated	3.1084586187637364	3.8749662235364033	1.399045658485819e-7	6.148904853364157e-6	upregulated	TRUE	TRUE	TRUE	TRUE	FALSE	both_upregulated
ENSG00000124721	ENSG00000124721	DNAH8	1769	dynein axonemal heavy chain 8	1.728919959856417	4.3728150376522234e-13	upregulated	1.8045832153965193	-0.3294483900454794	5.945200310750567e-10	1.2132902213123853e-7	upregulated	TRUE	TRUE	TRUE	TRUE	FALSE	both_upregulated
ENSG00000075702	ENSG00000075702	WDR62	284403	WD repeat domain 62	1.2497643352347216	4.550872587755315e-13	upregulated	1.2300712760685113	2.4644427532058613	1.837053406649154e-8	1.3376853679402994e-6	upregulated	TRUE	TRUE	TRUE	TRUE	FALSE	both_upregulated
ENSG00000211972	ENSG00000211972	IGHV3-66	28412	immunoglobulin heavy variable 3-66	2.7885744267356785	5.995508898273154e-13	upregulated	2.964394733519131	1.8425362652121198	9.572765296697979e-7	2.525061050200436e-5	upregulated	TRUE	TRUE	TRUE	TRUE	FALSE	both_upregulated
ENSG00000105011	ENSG00000105011	ASF1B	55723	anti-silencing function 1B histone chaperone	1.1494313087564425	6.511995982661665e-13	upregulated	1.12563154231167	4.088194782079715	2.154864064314285e-8	1.5303414964609263e-6	upregulated	TRUE	TRUE	TRUE	TRUE	FALSE	both_upregulated
ENSG00000166091	ENSG00000166091	CMTM5	116173	CKLF like MARVEL transmembrane domain containing 5	2.670929288197862	6.627728655314108e-13	upregulated	2.0916639435750186	2.672851954163274	4.500174743987908e-5	4.628495376608253e-4	upregulated	TRUE	TRUE	TRUE	TRUE	FALSE	both_upregulated
ENSG00000211651	ENSG00000211651	IGLV1-44	28823	immunoglobulin lambda variable 1-44	3.0559465596058537	6.833003639106845e-13	upregulated	3.020707644957906	5.4361498474052805	7.317703572951512e-7	2.105706538339109e-5	upregulated	TRUE	TRUE	TRUE	TRUE	FALSE	both_upregulated
ENSG00000173210	ENSG00000173210	ABLIM3	22885	actin binding LIM protein family member 3	2.6660432552804	8.29320302416505e-13	upregulated	2.0921633420631247	2.945168736809585	4.3720906672925094e-5	4.5271096808396124e-4	upregulated	TRUE	TRUE	TRUE	TRUE	FALSE	both_upregulated
ENSG00000129173	ENSG00000129173	E2F8	79733	E2F transcription factor 8	2.6728559201691664	8.728394496502246e-13	upregulated	2.8726647495246858	-0.2649250393702032	6.374805566093143e-8	3.469236292284373e-6	upregulated	TRUE	TRUE	TRUE	TRUE	FALSE	both_upregulated
ENSG00000162722	ENSG00000162722	TRIM58	25893	tripartite motif containing 58	2.759735944991054	9.313595106279858e-13	upregulated	2.21945420851464	5.2886353238349395	6.274149370017481e-6	1.0385491646635125e-4	upregulated	TRUE	TRUE	TRUE	TRUE	FALSE	both_upregulated
ENSG00000197903	ENSG00000197903	H2BC12	85236	H2B clustered histone 12	1.2261127020184532	9.360751456781457e-13	upregulated	1.1586194974476047	3.3125220122575376	1.286179173820476e-8	1.0126212683226185e-6	upregulated	TRUE	TRUE	TRUE	TRUE	FALSE	both_upregulated
ENSG00000136010	ENSG00000136010	ALDH1L2	160428	aldehyde dehydrogenase 1 family member L2	1.9854569157184785	1.0561833176829733e-12	upregulated	1.9386723059994744	-0.04091852474918901	5.0444168459140203e-8	2.9413122285761823e-6	upregulated	TRUE	TRUE	TRUE	TRUE	FALSE	both_upregulated
ENSG00000161911	ENSG00000161911	TREML1	340205	triggering receptor expressed on myeloid cells like 1	2.8002929673431822	1.0673851694483072e-12	upregulated	2.3288511766277407	4.8791120423869	4.4093772007407735e-6	8.008131192446066e-5	upregulated	TRUE	TRUE	TRUE	TRUE	FALSE	both_upregulated
ENSG00000211654	ENSG00000211654	IGLV5-37	28783	immunoglobulin lambda variable 5-37	4.4724884004183245	1.0673851694483072e-12	upregulated	3.77495201460419	0.44089241721103284	1.985246269924714e-4	0.001452413662572279	upregulated	TRUE	TRUE	TRUE	TRUE	FALSE	both_upregulated
ENSG00000172889	ENSG00000172889	EGFL7	51162	EGF like domain multiple 7	2.341732268031404	1.1674524515975825e-12	upregulated	1.8900286957375434	1.951552714497918	1.2184741109617401e-5	1.7056438141711724e-4	upregulated	TRUE	TRUE	TRUE	TRUE	FALSE	both_upregulated
ENSG00000105610	ENSG00000105610	KLF1	10661	KLF transcription factor 1	3.102657849350827	1.1674524515975825e-12	upregulated	2.4273205162683764	0.6660065828446051	1.861853004824371e-5	2.3564213909060217e-4	upregulated	TRUE	TRUE	TRUE	TRUE	FALSE	both_upregulated
ENSG00000076382	ENSG00000076382	SPAG5	10615	sperm associated antigen 5	1.597946856051139	1.1775219573265208e-12	upregulated	1.5326417038444675	3.7754797272606453	6.722014491806653e-7	1.962986708250872e-5	upregulated	TRUE	TRUE	TRUE	TRUE	FALSE	both_upregulated
ENSG00000113140	ENSG00000113140	SPARC	6678	secreted protein acidic and cysteine rich	2.4853545789400773	1.376979477850739e-12	upregulated	2.038476725490198	6.940330619803432	1.1757610238549957e-6	2.9224444679472728e-5	upregulated	TRUE	TRUE	TRUE	TRUE	FALSE	both_upregulated
ENSG00000146410	ENSG00000146410	MTFR2	113115	mitochondrial fission regulator 2	1.7304094109926162	1.647480274112552e-12	upregulated	1.7209680076056963	0.3981729514002622	2.967044422595194e-8	1.9254752717343706e-6	upregulated	TRUE	TRUE	TRUE	TRUE	FALSE	both_upregulated
ENSG00000211895	ENSG00000211895	IGHA1	3493	immunoglobulin heavy constant alpha 1	3.1098612894971134	1.99528035725012e-12	upregulated	3.0770355279824084	10.146150307741083	2.4411222133870504e-8	1.6606055056856645e-6	upregulated	TRUE	TRUE	TRUE	TRUE	FALSE	both_upregulated
ENSG00000092621	ENSG00000092621	PHGDH	26227	phosphoglycerate dehydrogenase	1.3728816866174498	2.239483749366727e-12	upregulated	1.442665780862626	3.381044205474533	7.884178573116144e-9	7.057576723845138e-7	upregulated	TRUE	TRUE	TRUE	TRUE	FALSE	both_upregulated
ENSG00000211938	ENSG00000211938	IGHV3-7	28452	immunoglobulin heavy variable 3-7	2.47822338713465	2.239483749366727e-12	upregulated	2.623301261222621	5.268165117137327	3.7439865842815903e-7	1.2651248784794655e-5	upregulated	TRUE	TRUE	TRUE	TRUE	FALSE	both_upregulated
ENSG00000124635	ENSG00000124635	H2BC11	8970	H2B clustered histone 11	2.4073455995545436	2.4407563122362656e-12	upregulated	2.056074342037446	1.3398320324036512	3.1745508456372275e-6	6.248386245664137e-5	upregulated	TRUE	TRUE	TRUE	TRUE	FALSE	both_upregulated
ENSG00000129810	ENSG00000129810	SGO1	151648	shugoshin 1	1.6584035546152982	2.510359440831093e-12	upregulated	1.692150500090587	0.6920083540313906	2.217869302552579e-8	1.5565227548683483e-6	upregulated	TRUE	TRUE	TRUE	TRUE	FALSE	both_upregulated
ENSG00000005961	ENSG00000005961	ITGA2B	3674	integrin subunit alpha 2b	2.942705865235657	2.878777786344618e-12	upregulated	2.324870624239156	7.16233964722578	2.0590219282411236e-6	4.4790224554025e-5	upregulated	TRUE	TRUE	TRUE	TRUE	FALSE	both_upregulated
ENSG00000240671	ENSG00000240671	IGKV1-8	28942	immunoglobulin kappa variable 1-8	2.697491459542104	3.64806717569608e-12	upregulated	2.5611170849452716	2.792361323827614	3.8808071735624173e-5	4.125518797940582e-4	upregulated	TRUE	TRUE	TRUE	TRUE	FALSE	both_upregulated
ENSG00000211625	ENSG00000211625	IGKV3D-20	28874	immunoglobulin kappa variable 3D-20	4.660093731787443	3.653259834480473e-12	upregulated	4.032280027363473	2.1625782126403745	3.346368468031439e-4	0.0021890415410867827	upregulated	TRUE	TRUE	TRUE	TRUE	FALSE	both_upregulated
ENSG00000232216	ENSG00000232216	IGHV3-43	28426	immunoglobulin heavy variable 3-43	3.409990030455253	4.625116939972553e-12	upregulated	3.3999658560484503	2.770628530912242	1.5789462947976328e-6	3.655486637505716e-5	upregulated	TRUE	TRUE	TRUE	TRUE	FALSE	both_upregulated
ENSG00000176055	ENSG00000176055	MBLAC2	153364	metallo-beta-lactamase domain containing 2	-1.0164891795087554	5.044197859519713e-12	downregulated	-1.0563155321636566	1.8730220694243342	1.631236861365754e-8	1.216547465473544e-6	downregulated	TRUE	TRUE	TRUE	FALSE	TRUE	both_downregulated
ENSG00000004468	ENSG00000004468	CD38	952	CD38 molecule	1.5703561447316852	5.349454912236435e-12	upregulated	1.4600178427984103	5.55290963194617	1.867582256590596e-7	7.644657784194916e-6	upregulated	TRUE	TRUE	TRUE	TRUE	FALSE	both_upregulated
ENSG00000164611	ENSG00000164611	PTTG1	9232	PTTG1 regulator of sister chromatid separation, securin	1.4678571543443628	5.73182123755051e-12	upregulated	1.4821622349329937	3.400689792287073	7.045140644519556e-8	3.7421277875513115e-6	upregulated	TRUE	TRUE	TRUE	TRUE	FALSE	both_upregulated
ENSG00000164109	ENSG00000164109	MAD2L1	4085	mitotic arrest deficient 2 like 1	1.347739593775409	5.7724921725296055e-12	upregulated	1.282597294910337	3.30732035710434	2.957884824101046e-7	1.0794908245333846e-5	upregulated	TRUE	TRUE	TRUE	TRUE	FALSE	both_upregulated
ENSG00000152207	ENSG00000152207	CYSLTR2	57105	cysteinyl leukotriene receptor 2	-1.7100947870184962	6.037231710862793e-12	downregulated	-1.6037810622947934	3.217411000792938	8.888811399699408e-7	2.4088771651790592e-5	downregulated	TRUE	TRUE	TRUE	FALSE	TRUE	both_downregulated
ENSG00000132170	ENSG00000132170	PPARG	5468	peroxisome proliferator activated receptor gamma	2.9950689082983364	6.3875309167857335e-12	upregulated	2.439001572111234	0.2680039308290971	8.17680582782683e-6	1.2682225838959413e-4	upregulated	TRUE	TRUE	TRUE	TRUE	FALSE	both_upregulated
ENSG00000087586	ENSG00000087586	AURKA	6790	aurora kinase A	1.293414206363036	6.721287680936513e-12	upregulated	1.22623904019866	2.3635530020485938	4.110429612054542e-7	1.3564417719779989e-5	upregulated	TRUE	TRUE	TRUE	TRUE	FALSE	both_upregulated
ENSG00000163053	ENSG00000163053	SLC16A14	151473	solute carrier family 16 member 14	2.425691505505594	6.856768389684774e-12	upregulated	2.3075430054129518	-0.08322696435207429	1.0024320982322798e-6	2.6107950751546725e-5	upregulated	TRUE	TRUE	TRUE	TRUE	FALSE	both_upregulated
ENSG00000123352	ENSG00000123352	SPATS2	65244	spermatogenesis associated serine rich 2	1.074641905400335	7.2568577239679045e-12	upregulated	1.0386084875820316	2.828741789462016	1.0103451670006623e-7	4.851533603770982e-6	upregulated	TRUE	TRUE	TRUE	TRUE	FALSE	both_upregulated
ENSG00000108950	ENSG00000108950	FAM20A	54757	FAM20A golgi associated secretory pathway pseudokinase	3.1517026139890354	7.405692968494482e-12	upregulated	2.4855774068143437	3.182843138171027	1.6222729624629058e-4	0.0012462334644774476	upregulated	TRUE	TRUE	TRUE	TRUE	FALSE	both_upregulated
ENSG00000145050	ENSG00000145050	MANF	7873	mesencephalic astrocyte derived neurotrophic factor	1.0937905848783598	8.349706180570934e-12	upregulated	1.0598414353415295	4.654499477384595	7.94850028354892e-8	4.104229622064378e-6	upregulated	TRUE	TRUE	TRUE	TRUE	FALSE	both_upregulated
ENSG00000211937	ENSG00000211937	IGHV2-5	28457	immunoglobulin heavy variable 2-5	2.7469694752683385	8.471832665965414e-12	upregulated	2.4997737618473326	4.202587115831633	8.877084297546397e-6	1.3412921528498155e-4	upregulated	TRUE	TRUE	TRUE	TRUE	FALSE	both_upregulated
ENSG00000137941	ENSG00000137941	TTLL7	79739	tubulin tyrosine ligase like 7	2.428111205516215	8.577607394292893e-12	upregulated	2.028405057195024	-0.08310264950483949	3.981034961552462e-6	7.475284776474417e-5	upregulated	TRUE	TRUE	TRUE	TRUE	FALSE	both_upregulated
ENSG00000088826	ENSG00000088826	SMOX	54498	spermine oxidase	2.235102413677123	8.672251566612058e-12	upregulated	1.7732131841768517	4.533504518024267	8.915073460517902e-6	1.34265200537428e-4	upregulated	TRUE	TRUE	TRUE	TRUE	FALSE	both_upregulated
ENSG00000244575	ENSG00000244575	IGKV1-27	28935	immunoglobulin kappa variable 1-27	2.9382708153445978	1.2132048079246283e-11	upregulated	3.2863135569960122	2.353844288503982	7.956457903150995e-7	2.21552355615569e-5	upregulated	TRUE	TRUE	TRUE	TRUE	FALSE	both_upregulated
ENSG00000174175	ENSG00000174175	SELP	6403	selectin P	2.3971927331200296	1.3032422189145314e-11	upregulated	1.8648267698307972	4.519698420212757	5.397653674243541e-5	5.339133194356972e-4	upregulated	TRUE	TRUE	TRUE	TRUE	FALSE	both_upregulated
ENSG00000140682	ENSG00000140682	TGFB1I1	7041	transforming growth factor beta 1 induced transcript 1	2.4921914567387966	1.469696886561864e-11	upregulated	2.0842166034058573	1.2360331333883847	5.793950652206567e-6	9.842735445314771e-5	upregulated	TRUE	TRUE	TRUE	TRUE	FALSE	both_upregulated
ENSG00000078900	ENSG00000078900	TP73	7161	tumor protein p73	2.0697928907240093	1.74614109787887e-11	upregulated	2.134798693458638	0.22255603530411575	9.763817979746827e-7	2.558627583799698e-5	upregulated	TRUE	TRUE	TRUE	TRUE	FALSE	both_upregulated
ENSG00000111247	ENSG00000111247	RAD51AP1	10635	RAD51 associated protein 1	1.398135919440905	1.74614109787887e-11	upregulated	1.380765512410667	1.5470797953789974	5.877573511276356e-8	3.279178602873967e-6	upregulated	TRUE	TRUE	TRUE	TRUE	FALSE	both_upregulated
ENSG00000211663	ENSG00000211663	IGLV3-19	28797	immunoglobulin lambda variable 3-19	3.74131457103514	1.919050591241756e-11	upregulated	4.2385823057683085	5.682788021175117	8.209362933882387e-9	7.189994146894566e-7	upregulated	TRUE	TRUE	TRUE	TRUE	FALSE	both_upregulated
ENSG00000169715	ENSG00000169715	MT1E	4493	metallothionein 1E	1.9049438456914431	2.3070913006783835e-11	upregulated	1.842959239092938	1.4123671439352785	7.598652712458181e-7	2.1506405760990217e-5	upregulated	TRUE	TRUE	TRUE	TRUE	FALSE	both_upregulated
ENSG00000105711	ENSG00000105711	SCN1B	6324	sodium voltage-gated channel beta subunit 1	1.6613283699973251	2.4271139217876823e-11	upregulated	1.4981445520288084	1.5050034152971443	2.6706830501582767e-7	1.0005385050230646e-5	upregulated	TRUE	TRUE	TRUE	TRUE	FALSE	both_upregulated
ENSG00000157445	ENSG00000157445	CACNA2D3	55799	calcium voltage-gated channel auxiliary subunit alpha2delta 3	-1.8623178567293175	2.4394569910548017e-11	downregulated	-2.2395158009268465	2.297473400624187	3.047592892740201e-11	2.544740928077765e-8	downregulated	TRUE	TRUE	TRUE	FALSE	TRUE	both_downregulated
ENSG00000122966	ENSG00000122966	CIT	11113	citron rho-interacting serine/threonine kinase	1.6377547101727747	3.0612329485098e-11	upregulated	1.7057325199459006	1.250948441793682	3.007718897387404e-7	1.0794908245333846e-5	upregulated	TRUE	TRUE	TRUE	TRUE	FALSE	both_upregulated
ENSG00000117632	ENSG00000117632	STMN1	3925	stathmin 1	1.2979402936879474	3.137443753263728e-11	upregulated	1.205721580416525	6.112096877908873	3.211500801182263e-7	1.1243877522875146e-5	upregulated	TRUE	TRUE	TRUE	TRUE	FALSE	both_upregulated
ENSG00000169247	ENSG00000169247	SH3TC2	79628	SH3 domain and tetratricopeptide repeats 2	2.0885819805101766	3.3717794466308046e-11	upregulated	1.76567542037726	1.6417112322617176	3.121342200337649e-6	6.182888573082624e-5	upregulated	TRUE	TRUE	TRUE	TRUE	FALSE	both_upregulated
ENSG00000273802	ENSG00000273802	H2BC8	8339	H2B clustered histone 8	1.8857850876102396	3.4627566165529657e-11	upregulated	1.8211568086312073	1.1935170890350875	5.778397844391241e-7	1.7538737879942888e-5	upregulated	TRUE	TRUE	TRUE	TRUE	FALSE	both_upregulated
ENSG00000167100	ENSG00000167100	SAMD14	201191	sterile alpha motif domain containing 14	3.1302296220623043	4.108380638007467e-11	upregulated	2.2203362930216057	0.20262539272846988	1.6699448231816333e-4	0.0012721436251251048	upregulated	TRUE	TRUE	TRUE	TRUE	FALSE	both_upregulated
ENSG00000204420	ENSG00000204420	MPIG6B	80739	megakaryocyte and platelet inhibitory receptor G6b	2.3240951075023935	4.6715084669106333e-11	upregulated	1.8870586569522025	5.525146432062199	1.9575281092899772e-5	2.438247131094451e-4	upregulated	TRUE	TRUE	TRUE	TRUE	FALSE	both_upregulated
ENSG00000112029	ENSG00000112029	FBXO5	26271	F-box protein 5	1.0474365603460822	4.904477801798187e-11	upregulated	1.0090427000938762	2.9498386859083006	2.2282093829426652e-7	8.740999478707513e-6	upregulated	TRUE	TRUE	TRUE	TRUE	FALSE	both_upregulated
ENSG00000152952	ENSG00000152952	PLOD2	5352	procollagen-lysine,2-oxoglutarate 5-dioxygenase 2	2.4757470124525813	5.319998802272414e-11	upregulated	2.1575053311474828	0.14252840732940555	6.369822218573466e-6	1.0510206660646219e-4	upregulated	TRUE	TRUE	TRUE	TRUE	FALSE	both_upregulated
ENSG00000189057	ENSG00000189057	FAM111B	374393	FAM111 trypsin like peptidase B	1.6534776526357224	5.5714483250782386e-11	upregulated	1.703807842548111	1.890509116226642	3.050500932319771e-7	1.0851667307403587e-5	upregulated	TRUE	TRUE	TRUE	TRUE	FALSE	both_upregulated
ENSG00000100097	ENSG00000100097	LGALS1	3956	galectin 1	1.2099384017559116	5.940323290764876e-11	upregulated	1.156891470734971	7.844896547532322	3.011129180507801e-8	1.9459422329031664e-6	upregulated	TRUE	TRUE	TRUE	TRUE	FALSE	both_upregulated
ENSG00000205639	ENSG00000205639	MFSD2B	388931	MFSD2 lysolipid transporter B, sphingolipid	2.4989780572321085	6.467878163599271e-11	upregulated	1.9795481833636388	1.8865075084022773	8.328667282907134e-5	7.415478160613642e-4	upregulated	TRUE	TRUE	TRUE	TRUE	FALSE	both_upregulated
ENSG00000135069	ENSG00000135069	PSAT1	29968	phosphoserine aminotransferase 1	1.410809313368217	6.739995593657873e-11	upregulated	1.3951708821060098	2.838767943663124	5.109406558589775e-7	1.597719671849343e-5	upregulated	TRUE	TRUE	TRUE	TRUE	FALSE	both_upregulated
ENSG00000131845	ENSG00000131845	ZNF304	57343	zinc finger protein 304	-1.533580455600619	7.241388396172757e-11	downregulated	-1.6318963749835667	2.441985015881788	4.2325469742353106e-8	2.584519825605892e-6	downregulated	TRUE	TRUE	TRUE	FALSE	TRUE	both_downregulated
ENSG00000110492	ENSG00000110492	MDK	4192	midkine	1.513603030063745	7.882948440655273e-11	upregulated	1.4311329937020636	0.07505756863631168	9.906585030472159e-8	4.8015979319569746e-6	upregulated	TRUE	TRUE	TRUE	TRUE	FALSE	both_upregulated
ENSG00000145335	ENSG00000145335	SNCA	6622	synuclein alpha	2.3676302417900663	7.897256641466628e-11	upregulated	1.760684862062746	4.457085355703941	8.479424880943768e-5	7.528098448966105e-4	upregulated	TRUE	TRUE	TRUE	TRUE	FALSE	both_upregulated
ENSG00000259719	ENSG00000259719	ENSG00000259719	NA	NA	2.423213236249008	8.471280863492588e-11	upregulated	1.9900648982785203	1.0607191583167845	1.1736021453605754e-5	1.6608183644655587e-4	upregulated	TRUE	TRUE	TRUE	TRUE	FALSE	both_upregulated
ENSG00000211662	ENSG00000211662	IGLV3-21	28796	immunoglobulin lambda variable 3-21	2.7463471208693355	8.471280863492588e-11	upregulated	2.9557044508760635	5.696073873146099	2.813829962243214e-7	1.0391072074855298e-5	upregulated	TRUE	TRUE	TRUE	TRUE	FALSE	both_upregulated
ENSG00000065485	ENSG00000065485	PDIA5	10954	protein disulfide isomerase family A member 5	1.142495918989986	9.951681828604484e-11	upregulated	1.0982288593171585	3.626602782853748	2.564413923392788e-7	9.730570481574635e-6	upregulated	TRUE	TRUE	TRUE	TRUE	FALSE	both_upregulated
ENSG00000118496	ENSG00000118496	FBXO30	84085	F-box protein 30	-1.1199376873321398	1.0636903759011848e-10	downregulated	-1.2012378176906933	3.1843524555521583	9.463073856379301e-9	7.933636514186106e-7	downregulated	TRUE	TRUE	TRUE	FALSE	TRUE	both_downregulated
ENSG00000143776	ENSG00000143776	CDC42BPA	8476	CDC42 binding protein kinase alpha	1.763027885163505	1.1436934532064848e-10	upregulated	1.6384004912135552	1.3345807983732536	2.564146405913735e-6	5.267537848440004e-5	upregulated	TRUE	TRUE	TRUE	TRUE	FALSE	both_upregulated
ENSG00000158406	ENSG00000158406	H4C8	8365	H4 clustered histone 8	2.3569223357275293	1.20431316803018e-10	upregulated	1.7532003723331604	1.967760365785999	3.3459052486668806e-5	3.6545767892129095e-4	upregulated	TRUE	TRUE	TRUE	TRUE	FALSE	both_upregulated
ENSG00000105048	ENSG00000105048	TNNT1	7138	troponin T1, slow skeletal type	2.874392774500621	1.2879154712833154e-10	upregulated	2.8465659069947074	2.5726878657078087	1.9340826302835702e-6	4.279261283266501e-5	upregulated	TRUE	TRUE	TRUE	TRUE	FALSE	both_upregulated
ENSG00000211933	ENSG00000211933	IGHV6-1	28385	immunoglobulin heavy variable 6-1	2.4736656080539787	1.5024371933590075e-10	upregulated	2.397453831959691	2.8621392501563707	1.9247348931990097e-5	2.409413897781811e-4	upregulated	TRUE	TRUE	TRUE	TRUE	FALSE	both_upregulated
ENSG00000136982	ENSG00000136982	DSCC1	79075	DNA replication and sister chromatid cohesion 1	2.0351789812173706	1.8817535259727075e-10	upregulated	2.074227135017149	-0.17049903176046013	2.785920855387394e-7	1.0337232647621648e-5	upregulated	TRUE	TRUE	TRUE	TRUE	FALSE	both_upregulated
ENSG00000148346	ENSG00000148346	LCN2	3934	lipocalin 2	2.561541802273742	2.1394145585566663e-10	upregulated	2.08894033034511	0.9941678559226721	3.296920807682179e-5	3.6163537289356863e-4	upregulated	TRUE	TRUE	TRUE	TRUE	FALSE	both_upregulated
ENSG00000102145	ENSG00000102145	GATA1	2623	GATA binding protein 1	2.435489456650909	2.3190045844821915e-10	upregulated	1.8965611082648248	1.6060602061920228	9.371739379795435e-5	8.175234970788933e-4	upregulated	TRUE	TRUE	TRUE	TRUE	FALSE	both_upregulated
ENSG00000079931	ENSG00000079931	MOXD1	26002	monooxygenase DBH like 1	1.6432394332843363	2.3402345421802136e-10	upregulated	1.7012697167629225	0.4445187677510849	3.5825352582813395e-7	1.2320426132138266e-5	upregulated	TRUE	TRUE	TRUE	TRUE	FALSE	both_upregulated
ENSG00000239855	ENSG00000239855	IGKV1-6	28943	immunoglobulin kappa variable 1-6	2.7640310834651753	2.3916385398601987e-10	upregulated	2.9602033071493863	2.1739101427961063	4.267387564035159e-7	1.3904869982812042e-5	upregulated	TRUE	TRUE	TRUE	TRUE	FALSE	both_upregulated
ENSG00000105971	ENSG00000105971	CAV2	858	caveolin 2	2.6398734236835364	2.484484055299879e-10	upregulated	2.1240549149729624	0.001767399620423712	2.0742522596544082e-5	2.527397191042917e-4	upregulated	TRUE	TRUE	TRUE	TRUE	FALSE	both_upregulated
ENSG00000105136	ENSG00000105136	ZNF419	79744	zinc finger protein 419	-1.0614703747507237	2.57368306062801e-10	downregulated	-1.1697573114420876	2.4130928106844096	1.0337539165537164e-8	8.483345632670974e-7	downregulated	TRUE	TRUE	TRUE	FALSE	TRUE	both_downregulated
ENSG00000179750	ENSG00000179750	APOBEC3B	9582	apolipoprotein B mRNA editing enzyme catalytic subunit 3B	2.104380639985156	2.6402650448325123e-10	upregulated	2.376810592913271	1.7596152425669043	1.8422058334209682e-7	7.619363327029124e-6	upregulated	TRUE	TRUE	TRUE	TRUE	FALSE	both_upregulated
ENSG00000070182	ENSG00000070182	SPTB	6710	spectrin beta, erythrocytic	2.8043631176569956	3.548214505957809e-10	upregulated	2.1258374253945496	2.0647955718729625	1.4838021106694966e-4	0.0011688050145497151	upregulated	TRUE	TRUE	TRUE	TRUE	FALSE	both_upregulated
ENSG00000278828	ENSG00000278828	H3C10	8357	H3 clustered histone 10	2.215929277682511	3.6122738261769237e-10	upregulated	1.9001717526187085	4.550124286388001	9.821793948395382e-6	1.4480610659658972e-4	upregulated	TRUE	TRUE	TRUE	TRUE	FALSE	both_upregulated
ENSG00000029153	ENSG00000029153	BMAL2	56938	basic helix-loop-helix ARNT like 2	1.9280089586636984	3.83708418710977e-10	upregulated	1.8412088980555996	1.211581678573508	2.179220182975531e-5	2.6233093996028356e-4	upregulated	TRUE	TRUE	TRUE	TRUE	FALSE	both_upregulated
ENSG00000153162	ENSG00000153162	BMP6	654	bone morphogenetic protein 6	1.737801234021149	4.049714304023186e-10	upregulated	1.649190655422489	3.1039601056015864	6.507250131885958e-6	1.0689949779301336e-4	upregulated	TRUE	TRUE	TRUE	TRUE	FALSE	both_upregulated
ENSG00000127423	ENSG00000127423	AUNIP	79000	aurora kinase A and ninein interacting protein	1.7241032090916073	4.82371380447861e-10	upregulated	1.6430335461640346	-0.3959300603285639	2.569320972459496e-7	9.730570481574635e-6	upregulated	TRUE	TRUE	TRUE	TRUE	FALSE	both_upregulated
ENSG00000180573	ENSG00000180573	H2AC6	8334	H2A clustered histone 6	1.8438876010303535	4.973950019949675e-10	upregulated	1.544440619434428	6.660440369669909	3.261617556552233e-6	6.40350484837027e-5	upregulated	TRUE	TRUE	TRUE	TRUE	FALSE	both_upregulated
ENSG00000188130	ENSG00000188130	MAPK12	6300	mitogen-activated protein kinase 12	1.718390340195652	5.4304573924177e-10	upregulated	1.6845729856999672	-0.26451286548860076	2.882073929159309e-7	1.0617806803149854e-5	upregulated	TRUE	TRUE	TRUE	TRUE	FALSE	both_upregulated
ENSG00000188672	ENSG00000188672	RHCE	6006	Rh blood group CcEe antigens	2.070864194466659	5.437530881244376e-10	upregulated	1.712874400465371	0.04746290110754309	4.769275994654007e-6	8.473249791189421e-5	upregulated	TRUE	TRUE	TRUE	TRUE	FALSE	both_upregulated
ENSG00000231475	ENSG00000231475	IGHV4-30-2	28398	immunoglobulin heavy variable 4-30-2	2.6330849754342056	6.614206859475801e-10	upregulated	2.0072150368605275	3.1563814143599243	0.0025915409256001974	0.01083417783182185	upregulated	TRUE	TRUE	TRUE	TRUE	FALSE	both_upregulated
ENSG00000211943	ENSG00000211943	IGHV3-15	28448	immunoglobulin heavy variable 3-15	2.4394894842876775	7.43391435508308e-10	upregulated	2.4539889772507313	4.605334168983281	4.7106630227702e-6	8.407639065956939e-5	upregulated	TRUE	TRUE	TRUE	TRUE	FALSE	both_upregulated
ENSG00000275063	ENSG00000275063	LOC102723407	102723407	immunoglobulin heavy variable 4-38-2-like	3.4415480738260564	7.855466769692622e-10	upregulated	3.8695909424995487	4.751152910027254	5.081976001033087e-6	8.886296254343087e-5	upregulated	TRUE	TRUE	TRUE	TRUE	FALSE	both_upregulated
ENSG00000185480	ENSG00000185480	PARPBP	55010	PARP1 binding protein	1.2088690936073678	7.855997245255332e-10	upregulated	1.194191160786743	1.741797918598307	4.881119137310385e-7	1.5418769413377612e-5	upregulated	TRUE	TRUE	TRUE	TRUE	FALSE	both_upregulated
ENSG00000196787	ENSG00000196787	H2AC11	8969	H2A clustered histone 11	1.5510468818036531	8.91427466736327e-10	upregulated	1.4299469838381493	2.907150891222087	3.1742810866898842e-6	6.248386245664137e-5	upregulated	TRUE	TRUE	TRUE	TRUE	FALSE	both_upregulated
ENSG00000196550	ENSG00000196550	FAM72A	729533	family with sequence similarity 72 member A	1.6646609701116504	9.098225256970827e-10	upregulated	1.7117030038708703	-0.7829052371907443	2.315858870979501e-6	4.933924600122536e-5	upregulated	TRUE	TRUE	TRUE	TRUE	FALSE	both_upregulated
ENSG00000198182	ENSG00000198182	ZNF607	84775	zinc finger protein 607	-1.2411171447750264	9.098225256970827e-10	downregulated	-1.3471461600038597	1.887319940858199	1.5840591167704216e-7	6.7682525898372556e-6	downregulated	TRUE	TRUE	TRUE	FALSE	TRUE	both_downregulated
ENSG00000012048	ENSG00000012048	BRCA1	672	BRCA1 DNA repair associated	1.0514543738435158	9.202356140213307e-10	upregulated	1.064144238302088	2.6675178926967233	1.7121515342768828e-7	7.196604416432101e-6	upregulated	TRUE	TRUE	TRUE	TRUE	FALSE	both_upregulated
ENSG00000186603	ENSG00000186603	HPDL	84842	4-hydroxyphenylpyruvate dioxygenase like	1.6772241676453816	9.5323369698523e-10	upregulated	1.7036253910551666	-0.13110033750841055	1.9008873993889204e-7	7.758621990663726e-6	upregulated	TRUE	TRUE	TRUE	TRUE	FALSE	both_upregulated
ENSG00000169385	ENSG00000169385	RNASE2	6036	ribonuclease A family member 2	2.381289384816047	1.0138339078075628e-9	upregulated	1.90623110072388	5.556484020347792	1.8626515959063717e-5	2.3564213909060217e-4	upregulated	TRUE	TRUE	TRUE	TRUE	FALSE	both_upregulated
ENSG00000241244	ENSG00000241244	IGKV1D-16	28901	immunoglobulin kappa variable 1D-16	3.4690701825749506	1.0223179559504584e-9	upregulated	2.7986421680380205	0.09870669745533499	1.317622984503094e-4	0.0010664434795247268	upregulated	TRUE	TRUE	TRUE	TRUE	FALSE	both_upregulated
ENSG00000211951	ENSG00000211951	IGHV2-26	28455	immunoglobulin heavy variable 2-26	5.196052680118512	1.0223179559504584e-9	upregulated	2.4885459250429918	2.4450680751273532	0.0028456754827733384	0.01165779892705084	upregulated	TRUE	TRUE	TRUE	TRUE	FALSE	both_upregulated
ENSG00000211964	ENSG00000211964	IGHV3-48	28424	immunoglobulin heavy variable 3-48	2.816244049037721	1.1061858499850783e-9	upregulated	2.9060069282209846	5.108958964296833	3.7096153348074656e-7	1.2562474638179867e-5	upregulated	TRUE	TRUE	TRUE	TRUE	FALSE	both_upregulated
ENSG00000163736	ENSG00000163736	PPBP	5473	pro-platelet basic protein	2.1362934238793825	1.1696045424796858e-9	upregulated	1.7559355566084838	7.527116692390755	1.5708752176364812e-5	2.0647690360628664e-4	upregulated	TRUE	TRUE	TRUE	TRUE	FALSE	both_upregulated
ENSG00000186026	ENSG00000186026	ZNF284	342909	zinc finger protein 284	-1.0401460970902348	1.189093811426804e-9	downregulated	-1.1249421977484497	0.7533950049996199	9.877577578113426e-8	4.8015979319569746e-6	downregulated	TRUE	TRUE	TRUE	FALSE	TRUE	both_downregulated
ENSG00000135404	ENSG00000135404	CD63	967	CD63 molecule	1.225578933858906	1.2532347841982061e-9	upregulated	1.1355744758777027	8.257416576775622	2.957944009052864e-7	1.0794908245333846e-5	upregulated	TRUE	TRUE	TRUE	TRUE	FALSE	both_upregulated
ENSG00000163737	ENSG00000163737	PF4	5196	platelet factor 4	1.94649045961343	1.3601351921773781e-9	upregulated	1.6514196377008572	5.599999757488358	1.0089793092343927e-5	1.4800216302674347e-4	upregulated	TRUE	TRUE	TRUE	TRUE	FALSE	both_upregulated
ENSG00000003436	ENSG00000003436	TFPI	7035	tissue factor pathway inhibitor	2.322462371050782	1.4003229383089288e-9	upregulated	1.9107705936283157	0.8491185844528726	5.4347694817104093e-5	5.365580818671447e-4	upregulated	TRUE	TRUE	TRUE	TRUE	FALSE	both_upregulated
ENSG00000169704	ENSG00000169704	GP9	2815	glycoprotein IX platelet	2.011389617750879	1.446057595595609e-9	upregulated	1.5864410302615815	4.406474688435351	1.2484582472451465e-4	0.0010223646998295788	upregulated	TRUE	TRUE	TRUE	TRUE	FALSE	both_upregulated
ENSG00000117400	ENSG00000117400	MPL	4352	MPL proto-oncogene, thrombopoietin receptor	2.1092849847396726	1.463595594972912e-9	upregulated	1.6763635616161536	0.9435194934877513	5.290582011908703e-4	0.003137932199032657	upregulated	TRUE	TRUE	TRUE	TRUE	FALSE	both_upregulated
ENSG00000150967	ENSG00000150967	ABCB9	23457	ATP binding cassette subfamily B member 9	1.327057577493978	1.469208346108046e-9	upregulated	1.24713406077534	2.4483927505502923	5.244065597565268e-6	9.118324822672343e-5	upregulated	TRUE	TRUE	TRUE	TRUE	FALSE	both_upregulated
ENSG00000211959	ENSG00000211959	IGHV4-39	28394	immunoglobulin heavy variable 4-39	3.1777412539033034	1.4972642185803687e-9	upregulated	3.447313431089555	5.292561034400432	2.3105352090388377e-4	0.0016371128868064126	upregulated	TRUE	TRUE	TRUE	TRUE	FALSE	both_upregulated
ENSG00000186642	ENSG00000186642	PDE2A	5138	phosphodiesterase 2A	2.018837031633288	1.5048938228879063e-9	upregulated	1.6883533003707953	1.235804084735556	2.735416805843721e-5	3.133405809352741e-4	upregulated	TRUE	TRUE	TRUE	TRUE	FALSE	both_upregulated
ENSG00000174099	ENSG00000174099	MSRB3	253827	methionine sulfoxide reductase B3	1.64366984613832	1.5373846570936482e-9	upregulated	1.4793118923298858	1.8149978150474317	4.25399975154567e-6	7.767947225714616e-5	upregulated	TRUE	TRUE	TRUE	TRUE	FALSE	both_upregulated
ENSG00000205309	ENSG00000205309	NT5M	56953	5',3'-nucleotidase, mitochondrial	1.9683826172475525	1.544206332907321e-9	upregulated	1.6228191406965646	2.6727843625095553	4.227520204543338e-5	4.40354858109249e-4	upregulated	TRUE	TRUE	TRUE	TRUE	FALSE	both_upregulated
ENSG00000249096	ENSG00000249096	ENSG00000249096	NA	NA	1.7638890747773115	1.734098584221337e-9	upregulated	1.7586394705769002	-0.03366975361084328	7.657365591466187e-7	2.1633103884087535e-5	upregulated	TRUE	TRUE	TRUE	TRUE	FALSE	both_upregulated
ENSG00000131711	ENSG00000131711	MAP1B	4131	microtubule associated protein 1B	1.4995224067652038	1.770224687405717e-9	upregulated	1.4474993985106928	1.1696912740681704	5.091974514497397e-7	1.595485347875851e-5	upregulated	TRUE	TRUE	TRUE	TRUE	FALSE	both_upregulated
ENSG00000277075	ENSG00000277075	H2AC8	3012	H2A clustered histone 8	1.9441535266383911	1.7985303950839224e-9	upregulated	1.7266522476498949	0.6220127355654312	1.127623519090712e-6	2.8308251774350867e-5	upregulated	TRUE	TRUE	TRUE	TRUE	FALSE	both_upregulated
ENSG00000115290	ENSG00000115290	GRB14	2888	growth factor receptor bound protein 14	2.6556440219676674	1.8118915926706743e-9	upregulated	2.331123749474196	-0.7088367568603109	1.0297141188164533e-5	1.5052654083735334e-4	upregulated	TRUE	TRUE	TRUE	TRUE	FALSE	both_upregulated
ENSG00000184792	ENSG00000184792	OSBP2	23762	oxysterol binding protein 2	2.939611564344438	1.8997147241207555e-9	upregulated	1.898226009443337	3.4427971291621424	0.002151983997910087	0.009428607855250128	upregulated	TRUE	TRUE	TRUE	TRUE	FALSE	both_upregulated
ENSG00000213809	ENSG00000213809	KLRC4-KLRK1	100528032	KLRC4-KLRK1 readthrough	-1.6454965624417144	1.912714244175405e-9	downregulated	-1.8941553707966117	1.733285236803994	6.523355173795441e-8	3.537665690404451e-6	downregulated	TRUE	TRUE	TRUE	FALSE	TRUE	both_downregulated
ENSG00000204103	ENSG00000204103	MAFB	9935	MAF bZIP transcription factor B	1.4520990061145314	1.978629048176795e-9	upregulated	1.297800711792794	8.202634775980707	5.95442002967352e-6	9.973332036742581e-5	upregulated	TRUE	TRUE	TRUE	TRUE	FALSE	both_upregulated
ENSG00000164181	ENSG00000164181	ELOVL7	79993	ELOVL fatty acid elongase 7	2.0830458209875147	2.007235167981218e-9	upregulated	1.7005844056287849	2.693273042460448	1.4829948267227022e-4	0.0011687626911823735	upregulated	TRUE	TRUE	TRUE	TRUE	FALSE	both_upregulated
ENSG00000276180	ENSG00000276180	H4C9	8294	H4 clustered histone 9	1.1154436870998337	2.0265041642646276e-9	upregulated	1.0550774387671773	1.97045162576895	1.476446180340911e-6	3.469648523801141e-5	upregulated	TRUE	TRUE	TRUE	TRUE	FALSE	both_upregulated
ENSG00000236279	ENSG00000236279	CLEC2L	154790	C-type lectin domain family 2 member L	2.980375769002172	2.035763581584427e-9	upregulated	2.7127868830593735	-0.3785435513246049	9.739585937117845e-6	1.439261926447219e-4	upregulated	TRUE	TRUE	TRUE	TRUE	FALSE	both_upregulated
ENSG00000213949	ENSG00000213949	ITGA1	3672	integrin subunit alpha 1	1.9618619211956632	2.238344452181661e-9	upregulated	1.6068567155759315	2.5230687208054445	5.234527254656034e-5	5.207666306588524e-4	upregulated	TRUE	TRUE	TRUE	TRUE	FALSE	both_upregulated
ENSG00000117411	ENSG00000117411	B4GALT2	8704	beta-1,4-galactosyltransferase 2	1.196592965593267	2.352012357557365e-9	upregulated	1.227574191174888	2.0865779999733705	4.78581330167548e-7	1.5210648423972683e-5	upregulated	TRUE	TRUE	TRUE	TRUE	FALSE	both_upregulated
ENSG00000274213	ENSG00000274213	ENSG00000274213	NA	NA	1.289699758906297	2.476587883519588e-9	upregulated	1.2232610677817293	2.5564465910141116	1.6914030134394911e-6	3.84377692810422e-5	upregulated	TRUE	TRUE	TRUE	TRUE	FALSE	both_upregulated
ENSG00000165914	ENSG00000165914	TTC7B	145567	tetratricopeptide repeat domain 7B	1.790496865620631	2.622360130243292e-9	upregulated	1.448065036941569	2.9100894769717494	6.49667968231576e-5	6.204649130093438e-4	upregulated	TRUE	TRUE	TRUE	TRUE	FALSE	both_upregulated
ENSG00000254395	ENSG00000254395	IGHV4-55	28393	immunoglobulin heavy variable 4-55 (pseudogene)	2.4731448654915704	2.688342637972061e-9	upregulated	1.9930057463470245	1.347325658896148	0.001212669385329218	0.005957713704927516	upregulated	TRUE	TRUE	TRUE	TRUE	FALSE	both_upregulated
ENSG00000128578	ENSG00000128578	STRIP2	57464	striatin interacting protein 2	1.6983532213955923	2.7917780296283678e-9	upregulated	1.6333719014551475	0.42466313449605236	1.5806279652755954e-6	3.655486637505716e-5	upregulated	TRUE	TRUE	TRUE	TRUE	FALSE	both_upregulated
ENSG00000205038	ENSG00000205038	PKHD1L1	93035	PKHD1 like 1	1.696095747774475	2.835521849066402e-9	upregulated	1.577854842867398	1.5740897926830328	9.44017075160606e-6	1.405254718530666e-4	upregulated	TRUE	TRUE	TRUE	TRUE	FALSE	both_upregulated
ENSG00000109272	ENSG00000109272	PF4V1	5197	platelet factor 4 variant 1	2.7644529145009424	3.039016985174989e-9	upregulated	2.6051003089428297	2.7464665104482213	4.5792425339982966e-5	4.688056217974494e-4	upregulated	TRUE	TRUE	TRUE	TRUE	FALSE	both_upregulated
ENSG00000091651	ENSG00000091651	ORC6	23594	origin recognition complex subunit 6	1.2098191303871793	3.058156324014222e-9	upregulated	1.235657784541305	1.4121266548820626	3.011869457895929e-7	1.0794908245333846e-5	upregulated	TRUE	TRUE	TRUE	TRUE	FALSE	both_upregulated
ENSG00000249992	ENSG00000249992	TMEM158	25907	transmembrane protein 158	1.9570255267365209	3.289224900361312e-9	upregulated	1.7620398311297207	1.8952697267561949	3.475386473617326e-5	3.7694576367695615e-4	upregulated	TRUE	TRUE	TRUE	TRUE	FALSE	both_upregulated
ENSG00000277856	ENSG00000277856	ENSG00000277856	NA	NA	4.341284838557555	3.291963277281956e-9	upregulated	4.242441044918152	2.7108672984162854	1.534419826838641e-5	2.0323528193225726e-4	upregulated	TRUE	TRUE	TRUE	TRUE	FALSE	both_upregulated
ENSG00000158578	ENSG00000158578	ALAS2	212	5'-aminolevulinate synthase 2	5.980363121809042	3.920757449435825e-9	upregulated	5.975205762792404	1.9194242166351487	0.014689378859686518	0.04212874743227402	upregulated	TRUE	TRUE	TRUE	TRUE	FALSE	both_upregulated
ENSG00000144290	ENSG00000144290	SLC4A10	57282	solute carrier family 4 member 10	-2.445488075824051	4.095650811609035e-9	downregulated	-2.3076076465635005	0.9670180845933684	2.7382527715584835e-4	0.0018627324774943893	downregulated	TRUE	TRUE	TRUE	FALSE	TRUE	both_downregulated
ENSG00000183160	ENSG00000183160	TMEM119	338773	transmembrane protein 119	1.8763573022579672	4.174252980864952e-9	upregulated	1.8620208645543443	0.9611625609341459	1.1286686036848115e-5	1.6204119605384872e-4	upregulated	TRUE	TRUE	TRUE	TRUE	FALSE	both_upregulated
ENSG00000245648	ENSG00000245648	KLRK1-AS1	101928100	KLRK1 antisense RNA 1	-1.202053226538681	4.284633730953368e-9	downregulated	-1.272031723540312	2.2895788307793308	1.5330293975438752e-6	3.58631764040807e-5	downregulated	TRUE	TRUE	TRUE	FALSE	TRUE	both_downregulated
ENSG00000213557	ENSG00000213557	RPL31P43	392382	ribosomal protein L31 pseudogene 43	-1.8848372931605384	4.297425907842682e-9	downregulated	-2.134014156370486	-0.2144591465996348	3.642927047227289e-7	1.2461035531388604e-5	downregulated	TRUE	TRUE	TRUE	FALSE	TRUE	both_downregulated
ENSG00000222037	ENSG00000222037	IGLC6	3542	immunoglobulin lambda constant 6	2.755295251050213	4.405679703496503e-9	upregulated	2.6791477268055335	-0.053250245607714485	7.688519420639334e-5	7.018771996122194e-4	upregulated	TRUE	TRUE	TRUE	TRUE	FALSE	both_upregulated
ENSG00000154146	ENSG00000154146	NRGN	4900	neurogranin	1.7482894325208576	5.021991987340987e-9	upregulated	1.4173327225485943	6.4967087536894965	2.0363502728326953e-5	2.4967425084296524e-4	upregulated	TRUE	TRUE	TRUE	TRUE	FALSE	both_upregulated
ENSG00000100162	ENSG00000100162	CENPM	79019	centromere protein M	1.106560059339439	5.383678725635195e-9	upregulated	1.1231149572209094	3.5691699967568553	9.718845167823665e-7	2.554903195812628e-5	upregulated	TRUE	TRUE	TRUE	TRUE	FALSE	both_upregulated
ENSG00000146054	ENSG00000146054	TRIM7	81786	tripartite motif containing 7	1.46665503595482	6.080642579766294e-9	upregulated	1.2902206343167917	2.595701500481396	2.9247955332426058e-5	3.2967717093454084e-4	upregulated	TRUE	TRUE	TRUE	TRUE	FALSE	both_upregulated
ENSG00000211967	ENSG00000211967	IGHV3-53	28420	immunoglobulin heavy variable 3-53	2.375714537563447	6.309142102368367e-9	upregulated	2.217674568840659	3.2848376998470417	2.7644704398799215e-4	0.0018780962121129033	upregulated	TRUE	TRUE	TRUE	TRUE	FALSE	both_upregulated
ENSG00000275713	ENSG00000275713	H2BC9	8345	H2B clustered histone 9	2.2614826961156225	6.757877736874385e-9	upregulated	1.9712294890519233	1.5283282664504307	2.0949022443336224e-5	2.546923615413031e-4	upregulated	TRUE	TRUE	TRUE	TRUE	FALSE	both_upregulated
ENSG00000125148	ENSG00000125148	MT2A	4502	metallothionein 2A	1.2880618555585877	6.980776894004927e-9	upregulated	1.1733638906205268	5.6806608690113976	5.4024451716950776e-6	9.330949288751742e-5	upregulated	TRUE	TRUE	TRUE	TRUE	FALSE	both_upregulated
ENSG00000143942	ENSG00000143942	CHAC2	494143	ChaC glutathione specific gamma-glutamylcyclotransferase 2	1.3215618307596313	7.378090705345316e-9	upregulated	1.308497175252585	1.2278380245057652	1.5932398592556825e-6	3.671790522593705e-5	upregulated	TRUE	TRUE	TRUE	TRUE	FALSE	both_upregulated
ENSG00000138722	ENSG00000138722	MMRN1	22915	multimerin 1	2.0984969910400273	7.526136137725998e-9	upregulated	1.5676129514963835	3.2190928165121173	6.616934288398221e-4	0.003710991522534577	upregulated	TRUE	TRUE	TRUE	TRUE	FALSE	both_upregulated
ENSG00000158373	ENSG00000158373	H2BC5	3017	H2B clustered histone 5	1.9309119973225877	7.948848711163995e-9	upregulated	1.5275558018238131	1.657264855009638	1.826399990969651e-5	2.3162276255060741e-4	upregulated	TRUE	TRUE	TRUE	TRUE	FALSE	both_upregulated
ENSG00000072422	ENSG00000072422	RHOBTB1	9886	Rho related BTB domain containing 1	2.0345265474862995	8.743976170575393e-9	upregulated	1.5439142702296573	2.8748570045609996	3.6044810944664877e-4	0.002308237067513428	upregulated	TRUE	TRUE	TRUE	TRUE	FALSE	both_upregulated
ENSG00000011105	ENSG00000011105	TSPAN9	10867	tetraspanin 9	2.1034808428758245	8.902493299066268e-9	upregulated	1.831472536255641	0.06838775810341524	2.1277754802591018e-5	2.5782654452202085e-4	upregulated	TRUE	TRUE	TRUE	TRUE	FALSE	both_upregulated
ENSG00000224650	ENSG00000224650	IGHV3-74	28408	immunoglobulin heavy variable 3-74	2.4621369486575952	8.902493299066268e-9	upregulated	2.6347825493536496	4.694479830043939	4.308234924574016e-6	7.842807943678755e-5	upregulated	TRUE	TRUE	TRUE	TRUE	FALSE	both_upregulated
ENSG00000087589	ENSG00000087589	CASS4	57091	Cas scaffold protein family member 4	-1.011673992874659	9.117109973737608e-9	downregulated	-1.013984807397672	3.589311870893226	7.380384841384352e-7	2.1119883559016843e-5	downregulated	TRUE	TRUE	TRUE	FALSE	TRUE	both_downregulated
ENSG00000104341	ENSG00000104341	LAPTM4B	55353	lysosomal protein transmembrane 4 beta	1.2592786619296017	9.405380141072217e-9	upregulated	1.1368151560129083	2.6332927465621507	8.797006985795483e-6	1.336352383444544e-4	upregulated	TRUE	TRUE	TRUE	TRUE	FALSE	both_upregulated
ENSG00000142089	ENSG00000142089	IFITM3	10410	interferon induced transmembrane protein 3	1.995089945822187	9.433647799708696e-9	upregulated	1.7284107079655255	8.043708622708394	1.7830131055163446e-5	2.2798461060641803e-4	upregulated	TRUE	TRUE	TRUE	TRUE	FALSE	both_upregulated
ENSG00000196141	ENSG00000196141	SPATS2L	26010	spermatogenesis associated serine rich 2 like	1.409254356709228	9.517404936294214e-9	upregulated	1.231710968851873	3.5431818315815833	6.663186160351592e-6	1.0844283037466233e-4	upregulated	TRUE	TRUE	TRUE	TRUE	FALSE	both_upregulated
ENSG00000187800	ENSG00000187800	PEAR1	375033	platelet endothelial aggregation receptor 1	2.0298524329912575	9.658963497655994e-9	upregulated	1.6594060223899358	3.460117354922283	2.655720226033182e-4	0.0018161472974327448	upregulated	TRUE	TRUE	TRUE	TRUE	FALSE	both_upregulated
ENSG00000136231	ENSG00000136231	IGF2BP3	10643	insulin like growth factor 2 mRNA binding protein 3	1.6612756467366274	1.0373845134931036e-8	upregulated	1.3731051949162965	1.1908714699433545	2.1490018387819654e-5	2.595873716472608e-4	upregulated	TRUE	TRUE	TRUE	TRUE	FALSE	both_upregulated
ENSG00000221955	ENSG00000221955	SLC12A8	84561	solute carrier family 12 member 8	1.8413669991499395	1.0896132221506166e-8	upregulated	1.6767202089257678	-0.5368504460335235	1.0979083245104613e-6	2.7869980545265555e-5	upregulated	TRUE	TRUE	TRUE	TRUE	FALSE	both_upregulated
ENSG00000082781	ENSG00000082781	ITGB5	3693	integrin subunit beta 5	1.9882768253310752	1.1353165826281344e-8	upregulated	1.5047291320474296	4.569620961631994	3.440972224058637e-4	0.002233032602307509	upregulated	TRUE	TRUE	TRUE	TRUE	FALSE	both_upregulated
ENSG00000005249	ENSG00000005249	PRKAR2B	5577	protein kinase cAMP-dependent type II regulatory subunit beta	1.823240189214099	1.1652317735149809e-8	upregulated	1.4425796678834546	5.7660490373302515	7.661322689538884e-5	6.998063304755482e-4	upregulated	TRUE	TRUE	TRUE	TRUE	FALSE	both_upregulated
ENSG00000088053	ENSG00000088053	GP6	51206	glycoprotein VI platelet	1.998742064968505	1.2352994970511021e-8	upregulated	1.541779314819438	3.112753929675894	5.562168836336497e-4	0.0032640650265448002	upregulated	TRUE	TRUE	TRUE	TRUE	FALSE	both_upregulated
ENSG00000259207	ENSG00000259207	ITGB3	3690	integrin subunit beta 3	2.3554980388859743	1.3055099402349026e-8	upregulated	1.8387086145197777	5.711689997490929	1.2780055722316473e-4	0.0010416114779460246	upregulated	TRUE	TRUE	TRUE	TRUE	FALSE	both_upregulated
ENSG00000204323	ENSG00000204323	SMIM5	643008	small integral membrane protein 5	2.063038158758756	1.5588752504190653e-8	upregulated	1.4925247680955176	2.3092614679997685	7.787303390539337e-4	0.004211334574172424	upregulated	TRUE	TRUE	TRUE	TRUE	FALSE	both_upregulated
ENSG00000142583	ENSG00000142583	SLC2A5	6518	solute carrier family 2 member 5	1.66947921088574	1.5892225033947224e-8	upregulated	1.5679000660857723	2.2853746185494677	4.698791862876501e-5	4.785178056021965e-4	upregulated	TRUE	TRUE	TRUE	TRUE	FALSE	both_upregulated
ENSG00000135862	ENSG00000135862	LAMC1	3915	laminin subunit gamma 1	1.5423115362517987	1.6342033659280298e-8	upregulated	1.4855937806763255	3.4985542855684146	4.436238626888343e-5	4.5779149103817825e-4	upregulated	TRUE	TRUE	TRUE	TRUE	FALSE	both_upregulated
ENSG00000149564	ENSG00000149564	ESAM	90952	endothelial cell adhesion molecule	1.9009922729530015	1.6505783920128062e-8	upregulated	1.4423800360814547	4.5830808935614344	3.264787460070447e-4	0.00214744925808705	upregulated	TRUE	TRUE	TRUE	TRUE	FALSE	both_upregulated
ENSG00000130821	ENSG00000130821	SLC6A8	6535	solute carrier family 6 member 8	2.4280941029496694	1.6699724930176443e-8	upregulated	1.54226087601492	1.3325590190374113	0.0024640798401777833	0.010436340338928842	upregulated	TRUE	TRUE	TRUE	TRUE	FALSE	both_upregulated
ENSG00000143546	ENSG00000143546	S100A8	6279	S100 calcium binding protein A8	1.8229645740535296	1.6864914293783562e-8	upregulated	1.5084607965251244	10.810420114399628	2.3336370825637424e-5	2.775668033018684e-4	upregulated	TRUE	TRUE	TRUE	TRUE	FALSE	both_upregulated
ENSG00000088726	ENSG00000088726	TMEM40	55287	transmembrane protein 40	1.999513629392344	1.759546334755959e-8	upregulated	1.6319364229539808	2.952656127011294	1.5425293589565377e-4	0.0012046641670400754	upregulated	TRUE	TRUE	TRUE	TRUE	FALSE	both_upregulated
ENSG00000140479	ENSG00000140479	PCSK6	5046	proprotein convertase subtilisin/kexin type 6	2.160093494201886	1.8231763890690724e-8	upregulated	1.5123324839156864	3.0084140617261412	0.0011799879096743477	0.0058341129993781105	upregulated	TRUE	TRUE	TRUE	TRUE	FALSE	both_upregulated
ENSG00000068137	ENSG00000068137	PLEKHH3	79990	pleckstrin homology, MyTH4 and FERM domain containing H3	1.0980121949585742	1.9548867220498147e-8	upregulated	1.1093462694181855	0.594317657203402	4.647256038584047e-7	1.4861637352255376e-5	upregulated	TRUE	TRUE	TRUE	TRUE	FALSE	both_upregulated
ENSG00000127920	ENSG00000127920	GNG11	2791	G protein subunit gamma 11	1.678714842065201	1.9963776379995425e-8	upregulated	1.4203558952074742	4.737234384928373	6.745389001627528e-5	6.356074326563972e-4	upregulated	TRUE	TRUE	TRUE	TRUE	FALSE	both_upregulated
ENSG00000186193	ENSG00000186193	SAPCD2	89958	suppressor APC domain containing 2	1.556506482775834	2.1105179044765056e-8	upregulated	1.3936919130460144	2.771109948328948	2.1671055833817112e-5	2.6116400620241134e-4	upregulated	TRUE	TRUE	TRUE	TRUE	FALSE	both_upregulated
ENSG00000170271	ENSG00000170271	FAXDC2	10826	fatty acid hydroxylase domain containing 2	1.895321101182093	2.1457048155107985e-8	upregulated	1.3963398347728013	4.311677524815558	7.394575381021676e-4	0.004044071373753392	upregulated	TRUE	TRUE	TRUE	TRUE	FALSE	both_upregulated
ENSG00000065534	ENSG00000065534	MYLK	4638	myosin light chain kinase	1.9766832701838473	2.343170838774925e-8	upregulated	1.4856939793232526	4.329415749306827	2.3665356084385397e-4	0.001667649581412165	upregulated	TRUE	TRUE	TRUE	TRUE	FALSE	both_upregulated
ENSG00000133069	ENSG00000133069	TMCC2	9911	transmembrane and coiled-coil domain family 2	1.9220028175363644	2.494934876488543e-8	upregulated	1.4342951997997342	3.3149103066094803	0.0016903091084188996	0.007754124303926984	upregulated	TRUE	TRUE	TRUE	TRUE	FALSE	both_upregulated
ENSG00000243264	ENSG00000243264	IGKV2D-29	28882	immunoglobulin kappa variable 2D-29	4.36766608120815	2.6224595715849866e-8	upregulated	2.9936761800074385	2.0388405569475587	0.002154777428971965	0.009438083355566144	upregulated	TRUE	TRUE	TRUE	TRUE	FALSE	both_upregulated
ENSG00000274576	ENSG00000274576	IGHV2-70	28454	immunoglobulin heavy variable 2-70	3.722800212502372	2.6224595715849866e-8	upregulated	2.7079906264772804	1.3058406968504688	0.017227929091324992	0.04753694719915507	upregulated	TRUE	TRUE	TRUE	TRUE	FALSE	both_upregulated
ENSG00000175643	ENSG00000175643	RMI2	116028	RecQ mediated genome instability 2	1.2256429357222165	2.6224595715849866e-8	upregulated	1.1077075214935461	2.1499961339423868	2.5187891818338458e-5	2.9554693867180927e-4	upregulated	TRUE	TRUE	TRUE	TRUE	FALSE	both_upregulated
ENSG00000211639	ENSG00000211639	IGLV4-60	28785	immunoglobulin lambda variable 4-60	2.6689056131202387	2.6450971540159436e-8	upregulated	2.90259265495786	1.859060784841659	1.7095820791355006e-5	2.2041245259677152e-4	upregulated	TRUE	TRUE	TRUE	TRUE	FALSE	both_upregulated
ENSG00000211670	ENSG00000211670	IGLV3-9	28804	immunoglobulin lambda variable 3-9	2.708366395576163	2.974584215705008e-8	upregulated	2.6790328334258886	1.935107200216666	1.6004259127281155e-4	0.0012354120374617947	upregulated	TRUE	TRUE	TRUE	TRUE	FALSE	both_upregulated
ENSG00000047648	ENSG00000047648	ARHGAP6	395	Rho GTPase activating protein 6	1.9401293042848993	3.120072102916349e-8	upregulated	1.6043934334587016	1.9144969221574575	8.556414493429874e-5	7.587763796060455e-4	upregulated	TRUE	TRUE	TRUE	TRUE	FALSE	both_upregulated
ENSG00000111452	ENSG00000111452	ADGRD1	283383	adhesion G protein-coupled receptor D1	-1.2527620878693968	3.1685726261112195e-8	downregulated	-1.467368338318557	2.0201241995030097	1.725308619546975e-7	7.232307213290158e-6	downregulated	TRUE	TRUE	TRUE	FALSE	TRUE	both_downregulated
ENSG00000088340	ENSG00000088340	FER1L4	80307	fer-1 like family member 4 (pseudogene)	2.5268899199103765	3.4655039276724146e-8	upregulated	2.69330121002678	-0.516087342742906	7.498907368673285e-6	1.1819924114646612e-4	upregulated	TRUE	TRUE	TRUE	TRUE	FALSE	both_upregulated
ENSG00000234456	ENSG00000234456	MAGI2-AS3	100505881	MAGI2 antisense RNA 3	2.3428824202568697	3.7014661144791354e-8	upregulated	1.837867926600514	0.31630204753143465	3.9400698267579856e-4	0.0024761135742713274	upregulated	TRUE	TRUE	TRUE	TRUE	FALSE	both_upregulated
ENSG00000163221	ENSG00000163221	S100A12	6283	S100 calcium binding protein A12	2.3781151479434026	3.7351923854529256e-8	upregulated	1.7755381890175572	6.871574704565448	1.6377021462425312e-4	0.0012562233168830505	upregulated	TRUE	TRUE	TRUE	TRUE	FALSE	both_upregulated
ENSG00000182732	ENSG00000182732	RGS6	9628	regulator of G protein signaling 6	1.8217846281343728	3.803964008442368e-8	upregulated	1.5278501010558796	1.5175468454155743	1.770326637290125e-4	0.0013303181271497014	upregulated	TRUE	TRUE	TRUE	TRUE	FALSE	both_upregulated
ENSG00000184497	ENSG00000184497	TMEM255B	348013	transmembrane protein 255B	1.517907943741992	3.837981910964715e-8	upregulated	1.525742513824549	0.9258678406314363	2.8487580054819526e-6	5.7085577086595714e-5	upregulated	TRUE	TRUE	TRUE	TRUE	FALSE	both_upregulated
ENSG00000136842	ENSG00000136842	TMOD1	7111	tropomodulin 1	2.1910954411591783	4.643569205222934e-8	upregulated	1.6452469647502426	0.9809512755585892	2.7752425506471254e-4	0.0018829401557540208	upregulated	TRUE	TRUE	TRUE	TRUE	FALSE	both_upregulated
ENSG00000144354	ENSG00000144354	CDCA7	83879	cell division cycle associated 7	1.3938073382067502	4.994295385052746e-8	upregulated	1.279282959444214	3.1968276121540415	3.3143069584345025e-5	3.6277276588086895e-4	upregulated	TRUE	TRUE	TRUE	TRUE	FALSE	both_upregulated
ENSG00000168758	ENSG00000168758	SEMA4C	54910	semaphorin 4C	-1.0121807720596885	5.0187724724296024e-8	downregulated	-1.1643457588731252	4.030236953583753	1.0429060589247167e-7	4.909144935637731e-6	downregulated	TRUE	TRUE	TRUE	FALSE	TRUE	both_downregulated
ENSG00000254614	ENSG00000254614	CAPN1-AS1	728975	CAPN1 antisense RNA 1	1.736995968618187	5.547160670381025e-8	upregulated	1.6154827544660866	2.0649322296896475	5.228614227150894e-5	5.207201709835406e-4	upregulated	TRUE	TRUE	TRUE	TRUE	FALSE	both_upregulated
ENSG00000085733	ENSG00000085733	CTTN	2017	cortactin	1.7261922512878871	5.6788669092879396e-8	upregulated	1.4166038330392077	3.358123954085343	1.8299960503442037e-4	0.0013645787856172403	upregulated	TRUE	TRUE	TRUE	TRUE	FALSE	both_upregulated
ENSG00000122786	ENSG00000122786	CALD1	800	caldesmon 1	2.0144862392086686	6.10792196800239e-8	upregulated	1.4370648943152458	1.356267742424288	7.93824586247123e-4	0.0042795340051070135	upregulated	TRUE	TRUE	TRUE	TRUE	FALSE	both_upregulated
ENSG00000253234	ENSG00000253234	ENSG00000253234	NA	NA	1.9212577299264668	6.19898155668752e-8	upregulated	2.1156293585605255	0.5153239233435306	1.6752883720028434e-5	2.175742534241889e-4	upregulated	TRUE	TRUE	TRUE	TRUE	FALSE	both_upregulated
ENSG00000166341	ENSG00000166341	DCHS1	8642	dachsous cadherin-related 1	-1.2217742734439347	6.537031431890438e-8	downregulated	-1.2455644547087432	2.377643797496264	8.471506932632328e-6	1.2996347430774225e-4	downregulated	TRUE	TRUE	TRUE	FALSE	TRUE	both_downregulated
ENSG00000111644	ENSG00000111644	ACRBP	84519	acrosin binding protein	1.4850697283328214	6.66056583564324e-8	upregulated	1.1900332363705033	4.981492439531935	8.109748857514655e-5	7.279062776623397e-4	upregulated	TRUE	TRUE	TRUE	TRUE	FALSE	both_upregulated
ENSG00000239951	ENSG00000239951	IGKV3-20	28912	immunoglobulin kappa variable 3-20	2.310188030535402	6.791878931225003e-8	upregulated	2.7991608538411032	6.67320085003636	4.7794668336477425e-8	2.8402118999952675e-6	upregulated	TRUE	TRUE	TRUE	TRUE	FALSE	both_upregulated
ENSG00000280011	ENSG00000280011	ENSG00000280011	NA	NA	1.110870610151829	6.792445403614387e-8	upregulated	1.0654197489064219	0.2085836198783582	2.3037954661971466e-6	4.914974921694326e-5	upregulated	TRUE	TRUE	TRUE	TRUE	FALSE	both_upregulated
ENSG00000211935	ENSG00000211935	IGHV1-3	28473	immunoglobulin heavy variable 1-3	2.936335195121539	6.830288541167529e-8	upregulated	3.0840802605596	2.6391716451751317	3.63939398206689e-4	0.002327711367499277	upregulated	TRUE	TRUE	TRUE	TRUE	FALSE	both_upregulated
ENSG00000240505	ENSG00000240505	TNFRSF13B	23495	TNF receptor superfamily member 13B	1.4433167129027438	6.911671027057029e-8	upregulated	1.5521790939944942	3.5871682137578023	2.4454910151024197e-6	5.104921351849061e-5	upregulated	TRUE	TRUE	TRUE	TRUE	FALSE	both_upregulated
ENSG00000101003	ENSG00000101003	GINS1	9837	GINS complex subunit 1	1.5259377125087197	6.956492820176713e-8	upregulated	1.5262854341880405	0.6581017868031682	1.1362276415440047e-5	1.6285385962463617e-4	upregulated	TRUE	TRUE	TRUE	TRUE	FALSE	both_upregulated
ENSG00000238243	ENSG00000238243	OR2W3	343171	olfactory receptor family 2 subfamily W member 3	2.445360658587895	7.618900609120716e-8	upregulated	1.5999941338666164	0.8944672364204381	0.0060548383336485306	0.021151023097947908	upregulated	TRUE	TRUE	TRUE	TRUE	FALSE	both_upregulated
ENSG00000167553	ENSG00000167553	TUBA1C	84790	tubulin alpha 1c	1.1181612691560034	7.695643705333495e-8	upregulated	1.0069994630737806	3.668398668225054	8.518591742899447e-6	1.3013652836426915e-4	upregulated	TRUE	TRUE	TRUE	TRUE	FALSE	both_upregulated
ENSG00000110079	ENSG00000110079	MS4A4A	51338	membrane spanning 4-domains A4A	1.6564212711768014	8.270446048513563e-8	upregulated	1.3801491263991803	4.923481998068919	2.0871696687629678e-4	0.0015141254238780933	upregulated	TRUE	TRUE	TRUE	TRUE	FALSE	both_upregulated
ENSG00000211942	ENSG00000211942	IGHV3-13	28449	immunoglobulin heavy variable 3-13	3.1545478943529304	8.314328781818929e-8	upregulated	2.2046961185918836	2.2706650944552806	0.007107588408583508	0.023892218512598658	upregulated	TRUE	TRUE	TRUE	TRUE	FALSE	both_upregulated
ENSG00000185052	ENSG00000185052	SLC24A3	57419	solute carrier family 24 member 3	2.179767594767917	8.472009206560227e-8	upregulated	2.099601267674663	0.8963397494709543	4.431213729262848e-5	4.5757739641056434e-4	upregulated	TRUE	TRUE	TRUE	TRUE	FALSE	both_upregulated
ENSG00000278196	ENSG00000278196	IGLV2-8	28817	immunoglobulin lambda variable 2-8	2.225885615160128	8.921060480487885e-8	upregulated	2.207267801766146	4.165879527865935	3.601056968953841e-5	3.892152863308298e-4	upregulated	TRUE	TRUE	TRUE	TRUE	FALSE	both_upregulated
ENSG00000042062	ENSG00000042062	RIPOR3	140876	RIPOR family member 3	1.4174646639042665	9.000232404283911e-8	upregulated	1.232092222058372	1.9473182362907664	8.014581202399114e-5	7.227102002861061e-4	upregulated	TRUE	TRUE	TRUE	TRUE	FALSE	both_upregulated
ENSG00000006327	ENSG00000006327	TNFRSF12A	51330	TNF receptor superfamily member 12A	2.064305933112869	9.51335625785668e-8	upregulated	1.72129514188521	1.6948041135137883	2.041056933245093e-4	0.0014862557854056493	upregulated	TRUE	TRUE	TRUE	TRUE	FALSE	both_upregulated
ENSG00000124191	ENSG00000124191	TOX2	84969	TOX high mobility group box family member 2	1.1659746709355367	1.0004532863544036e-7	upregulated	1.1334538463005255	2.0627158471485645	1.1509638078225434e-5	1.6407581488352618e-4	upregulated	TRUE	TRUE	TRUE	TRUE	FALSE	both_upregulated
ENSG00000163606	ENSG00000163606	CD200R1	131450	CD200 receptor 1	-1.139827835706475	1.05244752970846e-7	downregulated	-1.3133678599512235	3.569466864372777	2.1867122235557763e-7	8.652016986568901e-6	downregulated	TRUE	TRUE	TRUE	FALSE	TRUE	both_downregulated
ENSG00000239819	ENSG00000239819	IGKV1D-8	28904	immunoglobulin kappa variable 1D-8	2.2250563339003544	1.0542098111702841e-7	upregulated	2.5341154609491476	1.414682803772232	1.0830481513901491e-5	1.568447883105622e-4	upregulated	TRUE	TRUE	TRUE	TRUE	FALSE	both_upregulated
ENSG00000086506	ENSG00000086506	HBQ1	3049	hemoglobin subunit theta 1	2.6521479909930323	1.0577190301630226e-7	upregulated	2.4567788178239827	-0.41425326300501175	1.6652714365090945e-5	2.1649924543383112e-4	upregulated	TRUE	TRUE	TRUE	TRUE	FALSE	both_upregulated
ENSG00000178229	ENSG00000178229	ZNF543	125919	zinc finger protein 543	-1.027321450856676	1.1208370986266564e-7	downregulated	-1.0946824966760937	2.4113302766506095	8.344339063253115e-7	2.3008877159255248e-5	downregulated	TRUE	TRUE	TRUE	FALSE	TRUE	both_downregulated
ENSG00000079308	ENSG00000079308	TNS1	7145	tensin 1	2.213914395873974	1.1495227344379164e-7	upregulated	1.5087466729374701	3.2715343737731604	0.0022733035287168086	0.009825375567050607	upregulated	TRUE	TRUE	TRUE	TRUE	FALSE	both_upregulated
ENSG00000049323	ENSG00000049323	LTBP1	4052	latent transforming growth factor beta binding protein 1	1.8570205648624023	1.195665127506831e-7	upregulated	1.4723127294572969	3.961438096452562	6.816505753013667e-4	0.0038016542333420343	upregulated	TRUE	TRUE	TRUE	TRUE	FALSE	both_upregulated
ENSG00000134668	ENSG00000134668	SPOCD1	90853	SPOC domain containing 1	2.0473487428575856	1.3116952625348986e-7	upregulated	1.7433284077401803	1.5817918181562909	3.4146172621817516e-4	0.002222438679665924	upregulated	TRUE	TRUE	TRUE	TRUE	FALSE	both_upregulated
ENSG00000163430	ENSG00000163430	FSTL1	11167	follistatin like 1	2.0257381769325873	1.3269804178333517e-7	upregulated	1.5066674596565635	1.9910622814079053	0.0011723375045357214	0.00580368806107534	upregulated	TRUE	TRUE	TRUE	TRUE	FALSE	both_upregulated
ENSG00000163220	ENSG00000163220	S100A9	6280	S100 calcium binding protein A9	1.586274459104548	1.343819139848913e-7	upregulated	1.3283082329242646	11.705279109929867	5.769209398079675e-5	5.627700488315457e-4	upregulated	TRUE	TRUE	TRUE	TRUE	FALSE	both_upregulated
ENSG00000115155	ENSG00000115155	OTOF	9381	otoferlin	2.7047488468093897	1.343819139848913e-7	upregulated	1.8348050512409868	1.8307751248422512	0.0035336629064754857	0.013816606629254533	upregulated	TRUE	TRUE	TRUE	TRUE	FALSE	both_upregulated
ENSG00000118985	ENSG00000118985	ELL2	22936	elongation factor for RNA polymerase II 2	1.2760790749012771	1.4508080206385196e-7	upregulated	1.3596778047017715	4.992195867397724	2.3943468482486815e-6	5.0388493373591655e-5	upregulated	TRUE	TRUE	TRUE	TRUE	FALSE	both_upregulated
ENSG00000185245	ENSG00000185245	GP1BA	2811	glycoprotein Ib platelet subunit alpha	1.8046478357491371	1.4603083117850384e-7	upregulated	1.3886375343904338	3.655249020062155	0.001071216215003652	0.005403110079579396	upregulated	TRUE	TRUE	TRUE	TRUE	FALSE	both_upregulated
ENSG00000115641	ENSG00000115641	FHL2	2274	four and a half LIM domains 2	1.838957792931378	1.491241673426635e-7	upregulated	1.379974488833533	1.415634236393114	4.529244552920962e-4	0.0027763293468185163	upregulated	TRUE	TRUE	TRUE	TRUE	FALSE	both_upregulated
ENSG00000211899	ENSG00000211899	IGHM	3507	immunoglobulin heavy constant mu	1.4482067314357343	1.5184616786757457e-7	upregulated	1.4638858986637793	10.660021306683205	2.0689122175711342e-5	2.5252901901955333e-4	upregulated	TRUE	TRUE	TRUE	TRUE	FALSE	both_upregulated
ENSG00000187699	ENSG00000187699	C2orf88	84281	chromosome 2 open reading frame 88	1.633577110167352	1.5485271727836808e-7	upregulated	1.2799386193121478	3.8255102153154943	5.256148763443207e-4	0.0031234815065518825	upregulated	TRUE	TRUE	TRUE	TRUE	FALSE	both_upregulated
ENSG00000236008	ENSG00000236008	LINC01814	101929567	long intergenic non-protein coding RNA 1814	1.1571469068623528	1.5533910919198794e-7	upregulated	1.2090644071215984	0.3367422147110463	2.719000196215225e-6	5.5054429560441435e-5	upregulated	TRUE	TRUE	TRUE	TRUE	FALSE	both_upregulated
ENSG00000116133	ENSG00000116133	DHCR24	1718	24-dehydrocholesterol reductase	1.2438114747890472	1.577600959850828e-7	upregulated	1.1666509267145786	4.8985809485738185	3.130800204966605e-5	3.4660036530358347e-4	upregulated	TRUE	TRUE	TRUE	TRUE	FALSE	both_upregulated
ENSG00000112290	ENSG00000112290	WASF1	8936	WASP family member 1	1.3624335982258755	1.5999581437316776e-7	upregulated	1.1302128268675118	2.4976910666474312	1.779190630173322e-4	0.00133365154000298	upregulated	TRUE	TRUE	TRUE	TRUE	FALSE	both_upregulated
ENSG00000279278	ENSG00000279278	ENSG00000279278	NA	NA	-1.4151727653683996	1.656682632555858e-7	downregulated	-1.6175251061270053	-0.3011112671494823	2.0346901748294844e-5	2.4966807445890273e-4	downregulated	TRUE	TRUE	TRUE	FALSE	TRUE	both_downregulated
ENSG00000177469	ENSG00000177469	CAVIN1	284119	caveolae associated protein 1	1.719181964017385	1.81606690328152e-7	upregulated	1.5847384543717729	-0.16822481995622104	1.4639221679591352e-5	1.9692482935859657e-4	upregulated	TRUE	TRUE	TRUE	TRUE	FALSE	both_upregulated
ENSG00000211638	ENSG00000211638	IGLV8-61	28774	immunoglobulin lambda variable 8-61	2.686137898387126	1.904399796430179e-7	upregulated	3.4400528918525604	3.172301194972748	7.471839612684743e-6	1.178924032479556e-4	upregulated	TRUE	TRUE	TRUE	TRUE	FALSE	both_upregulated
ENSG00000211713	ENSG00000211713	TRBV6-4	28603	T cell receptor beta variable 6-4	-1.4983788114629744	2.0301549024274845e-7	downregulated	-1.465937817866731	-0.4012208013480532	1.5928534580863728e-5	2.081457697054409e-4	downregulated	TRUE	TRUE	TRUE	FALSE	TRUE	both_downregulated
ENSG00000085741	ENSG00000085741	WNT11	7481	Wnt family member 11	2.0759347537499293	2.0332171223456882e-7	upregulated	1.6018316049594237	0.21575504927810057	6.875691721089322e-4	0.0038250351002186295	upregulated	TRUE	TRUE	TRUE	TRUE	FALSE	both_upregulated
ENSG00000134508	ENSG00000134508	CABLES1	91768	Cdk5 and Abl enzyme substrate 1	1.4762528961369252	2.0903615247920033e-7	upregulated	1.4450411166303567	0.35112577962468855	1.103677774053096e-5	1.5953441076946428e-4	upregulated	TRUE	TRUE	TRUE	TRUE	FALSE	both_upregulated
ENSG00000134548	ENSG00000134548	SPX	80763	spexin hormone	1.8502029652845855	2.216457110171654e-7	upregulated	1.4677524147701804	1.7388315375035308	5.156069791774135e-4	0.003082908345043054	upregulated	TRUE	TRUE	TRUE	TRUE	FALSE	both_upregulated
ENSG00000223648	ENSG00000223648	IGHV3-64	28414	immunoglobulin heavy variable 3-64	3.2909079048121943	2.2461348898218917e-7	upregulated	3.95775120532603	0.6544563554564595	3.453495393751117e-5	3.750960333128839e-4	upregulated	TRUE	TRUE	TRUE	TRUE	FALSE	both_upregulated
ENSG00000211655	ENSG00000211655	IGLV1-36	28826	immunoglobulin lambda variable 1-36	2.7467099035408693	2.495128131634942e-7	upregulated	2.163362217776692	0.8200182982349071	0.005473309824763177	0.01953314205754185	upregulated	TRUE	TRUE	TRUE	TRUE	FALSE	both_upregulated
ENSG00000171611	ENSG00000171611	PTCRA	171558	pre T cell antigen receptor alpha	1.5735010954017583	2.531740221347757e-7	upregulated	1.199269296954157	2.824032487912735	0.001015628356555063	0.005172355930846986	upregulated	TRUE	TRUE	TRUE	TRUE	FALSE	both_upregulated
ENSG00000166681	ENSG00000166681	BEX3	27018	brain expressed X-linked 3	1.2363010191123411	2.5419535673546153e-7	upregulated	1.0622718857476894	4.323087960705625	6.658797090794617e-5	6.316693754019847e-4	upregulated	TRUE	TRUE	TRUE	TRUE	FALSE	both_upregulated
ENSG00000143369	ENSG00000143369	ECM1	1893	extracellular matrix protein 1	1.8873348903584688	2.602928573592717e-7	upregulated	1.76651399590612	-0.33468138258966135	4.264240807721221e-5	4.4328669522624754e-4	upregulated	TRUE	TRUE	TRUE	TRUE	FALSE	both_upregulated
ENSG00000184500	ENSG00000184500	PROS1	5627	protein S	2.0523789023267165	2.802005153118297e-7	upregulated	1.588889679491836	2.3784097164070093	0.0017635571969387507	0.008033119566672547	upregulated	TRUE	TRUE	TRUE	TRUE	FALSE	both_upregulated
ENSG00000144395	ENSG00000144395	CCDC150	284992	coiled-coil domain containing 150	1.4002701600244665	2.850772018096948e-7	upregulated	1.6157772978855705	-0.24083666428547387	8.245352852966481e-7	2.2877535375583206e-5	upregulated	TRUE	TRUE	TRUE	TRUE	FALSE	both_upregulated
ENSG00000211594	ENSG00000211594	IGKJ4	28947	immunoglobulin kappa joining 4	1.6275899419088826	2.875820962622574e-7	upregulated	1.4893022771168383	-0.22191858971157594	1.1539015898223003e-4	9.596253972195108e-4	upregulated	TRUE	TRUE	TRUE	TRUE	FALSE	both_upregulated
ENSG00000165702	ENSG00000165702	GFI1B	8328	growth factor independent 1B transcriptional repressor	1.6259203351930074	2.9008032469340036e-7	upregulated	1.2947738601037848	3.6488535949349794	7.502017399512265e-4	0.00408267683741878	upregulated	TRUE	TRUE	TRUE	TRUE	FALSE	both_upregulated
ENSG00000156381	ENSG00000156381	ANKRD9	122416	ankyrin repeat domain 9	1.4460003839197983	3.263397984693249e-7	upregulated	1.231180013556509	3.4713005132660832	8.14011061918685e-5	7.297916476977947e-4	upregulated	TRUE	TRUE	TRUE	TRUE	FALSE	both_upregulated
ENSG00000180914	ENSG00000180914	OXTR	5021	oxytocin receptor	1.9201088330245284	3.309047395691869e-7	upregulated	2.1108882018766617	-0.6272005400113169	2.4675315370270615e-6	5.144007276786253e-5	upregulated	TRUE	TRUE	TRUE	TRUE	FALSE	both_upregulated
ENSG00000148926	ENSG00000148926	ADM	133	adrenomedullin	2.088636049353043	3.438151446847407e-7	upregulated	2.015535808466928	4.910738932615241	3.4563135397905033e-5	3.7513941918929816e-4	upregulated	TRUE	TRUE	TRUE	TRUE	FALSE	both_upregulated
ENSG00000259630	ENSG00000259630	ENSG00000259630	NA	NA	1.5852418467177565	3.441462002584725e-7	upregulated	1.6113102130884174	-0.13269888150255604	5.033219714667887e-6	8.82093082197728e-5	upregulated	TRUE	TRUE	TRUE	TRUE	FALSE	both_upregulated
ENSG00000161640	ENSG00000161640	SIGLEC11	114132	sialic acid binding Ig like lectin 11	2.193973336615424	3.4833904973481225e-7	upregulated	1.9642070594106196	0.34829353625178205	6.071624233938582e-4	0.0034800773048184555	upregulated	TRUE	TRUE	TRUE	TRUE	FALSE	both_upregulated
ENSG00000135424	ENSG00000135424	ITGA7	3679	integrin subunit alpha 7	1.6866625418080814	3.520661244591348e-7	upregulated	1.3319546487577987	1.0635340568276175	4.7290808776359546e-4	0.002873013882183065	upregulated	TRUE	TRUE	TRUE	TRUE	FALSE	both_upregulated
ENSG00000147036	ENSG00000147036	LANCL3	347404	LanC like family member 3	1.5728826149016568	3.651601464033306e-7	upregulated	1.4383100787651086	0.9626728249505933	8.163877449874863e-5	7.306505438405027e-4	upregulated	TRUE	TRUE	TRUE	TRUE	FALSE	both_upregulated
ENSG00000175305	ENSG00000175305	CCNE2	9134	cyclin E2	1.214754003570669	3.721117241139504e-7	upregulated	1.2386918747698965	0.8291596207548452	5.930994897958418e-6	9.951231698176208e-5	upregulated	TRUE	TRUE	TRUE	TRUE	FALSE	both_upregulated
ENSG00000275210	ENSG00000275210	ENSG00000275210	NA	NA	1.5356550166861735	4.22615237472129e-7	upregulated	1.4580524668800052	-0.2385775444180854	1.9640238316643483e-5	2.438247131094451e-4	upregulated	TRUE	TRUE	TRUE	TRUE	FALSE	both_upregulated
ENSG00000142303	ENSG00000142303	ADAMTS10	81794	ADAM metallopeptidase with thrombospondin type 1 motif 10	-1.040850117020318	4.356904033810094e-7	downregulated	-1.2141063966908834	3.7270848929789224	6.739665016107354e-7	1.962986708250872e-5	downregulated	TRUE	TRUE	TRUE	FALSE	TRUE	both_downregulated
ENSG00000173372	ENSG00000173372	C1QA	712	complement C1q A chain	1.560620907197034	4.444954397157743e-7	upregulated	1.4196514714928887	4.1563749543359485	9.052887330533591e-5	7.959766581438547e-4	upregulated	TRUE	TRUE	TRUE	TRUE	FALSE	both_upregulated
ENSG00000168497	ENSG00000168497	CAVIN2	8436	caveolae associated protein 2	1.5279493399251194	4.538955501214464e-7	upregulated	1.282777785453769	6.609055811803989	9.387770162435284e-5	8.184615807721823e-4	upregulated	TRUE	TRUE	TRUE	TRUE	FALSE	both_upregulated
ENSG00000135253	ENSG00000135253	KCP	375616	kielin cysteine rich BMP regulator	1.2185952554935136	4.597854857172402e-7	upregulated	1.2899489555167098	0.3564417789488843	5.275174078377099e-6	9.16214445191812e-5	upregulated	TRUE	TRUE	TRUE	TRUE	FALSE	both_upregulated
ENSG00000170858	ENSG00000170858	LILRP2	79166	leukocyte immunoglobulin-like receptor pseudogene 2	2.0689492093085415	4.627289844685806e-7	upregulated	1.8640150762623815	-0.39594089500952423	7.456944599596685e-5	6.859858288241079e-4	upregulated	TRUE	TRUE	TRUE	TRUE	FALSE	both_upregulated
ENSG00000112312	ENSG00000112312	GMNN	51053	geminin DNA replication inhibitor	1.0492916720713272	4.649525199579004e-7	upregulated	1.0386964016131799	3.1024860214863232	3.1808930148196324e-5	3.5139352321832265e-4	upregulated	TRUE	TRUE	TRUE	TRUE	FALSE	both_upregulated
ENSG00000050767	ENSG00000050767	COL23A1	91522	collagen type XXIII alpha 1 chain	1.6719607833750745	4.6844741043433114e-7	upregulated	1.5111224683536248	-0.2742623722355284	1.0937530153818045e-4	9.22463799269809e-4	upregulated	TRUE	TRUE	TRUE	TRUE	FALSE	both_upregulated
ENSG00000147454	ENSG00000147454	SLC25A37	51312	solute carrier family 25 member 37	1.3708221279907935	4.794028922570757e-7	upregulated	1.042871932842882	5.8000701178750385	9.952633795409056e-5	8.566334637446974e-4	upregulated	TRUE	TRUE	TRUE	TRUE	FALSE	both_upregulated
ENSG00000198478	ENSG00000198478	SH3BGRL2	83699	SH3 domain binding glutamate rich protein like 2	1.6284653882584312	5.459351602153921e-7	upregulated	1.2499405732292193	4.648526223301605	8.58074123586192e-4	0.00453460674917263	upregulated	TRUE	TRUE	TRUE	TRUE	FALSE	both_upregulated
ENSG00000165682	ENSG00000165682	CLEC1B	51266	C-type lectin domain family 1 member B	1.7473123352658004	5.463627742232284e-7	upregulated	1.2111033965724998	2.7584768502548904	0.001747629881071748	0.007981666506308247	upregulated	TRUE	TRUE	TRUE	TRUE	FALSE	both_upregulated
ENSG00000242472	ENSG00000242472	IGHJ5	28476	immunoglobulin heavy joining 5	1.5823965901757	5.506628126233003e-7	upregulated	1.7071495269960861	0.1030122344726305	1.896760440470114e-5	2.388305065825918e-4	upregulated	TRUE	TRUE	TRUE	TRUE	FALSE	both_upregulated
ENSG00000108960	ENSG00000108960	MMD	23531	monocyte to macrophage differentiation associated	1.4246645471287789	5.545480743298998e-7	upregulated	1.1630443783678848	5.484409741886313	1.7409193124358796e-4	0.0013145890231684757	upregulated	TRUE	TRUE	TRUE	TRUE	FALSE	both_upregulated
ENSG00000102230	ENSG00000102230	PCYT1B	9468	phosphate cytidylyltransferase 1B, choline	2.2936395280283146	6.100696408496994e-7	upregulated	1.7223395966557646	0.6618844803741994	0.0035799196787691966	0.013947388650517518	upregulated	TRUE	TRUE	TRUE	TRUE	FALSE	both_upregulated
ENSG00000177301	ENSG00000177301	KCNA2	3737	potassium voltage-gated channel subfamily A member 2	1.1385707412048065	6.298140195819892e-7	upregulated	1.2268545610005486	-0.025711109072497046	1.5669078885644545e-6	3.643589408041183e-5	upregulated	TRUE	TRUE	TRUE	TRUE	FALSE	both_upregulated
ENSG00000143995	ENSG00000143995	MEIS1	4211	Meis homeobox 1	1.414962065635849	6.462971455708971e-7	upregulated	1.1916053121986507	2.5339754757719097	1.422073942930731e-4	0.001129936826580719	upregulated	TRUE	TRUE	TRUE	TRUE	FALSE	both_upregulated
ENSG00000115414	ENSG00000115414	FN1	2335	fibronectin 1	2.6029344471083857	6.462971455708971e-7	upregulated	2.0469813940592436	2.0954392260641286	0.0011598771076760182	0.005751180927127571	upregulated	TRUE	TRUE	TRUE	TRUE	FALSE	both_upregulated
ENSG00000100678	ENSG00000100678	SLC8A3	6547	solute carrier family 8 member A3	2.045530967788601	6.596076821166753e-7	upregulated	1.5850295112034407	-0.15347087499503265	8.44612491063661e-4	0.0044878176554975615	upregulated	TRUE	TRUE	TRUE	TRUE	FALSE	both_upregulated
ENSG00000148498	ENSG00000148498	PARD3	56288	par-3 family cell polarity regulator	1.6183238923544996	6.727629658958825e-7	upregulated	1.333768949230104	2.1393011141148093	3.499489520416785e-4	0.0022540316636903792	upregulated	TRUE	TRUE	TRUE	TRUE	FALSE	both_upregulated
ENSG00000211652	ENSG00000211652	IGLV7-43	28776	immunoglobulin lambda variable 7-43	2.1303545839884293	6.863314066349982e-7	upregulated	2.3153835440471355	2.4818081181581424	6.914840830456081e-5	6.480313068300533e-4	upregulated	TRUE	TRUE	TRUE	TRUE	FALSE	both_upregulated
ENSG00000166823	ENSG00000166823	MESP1	55897	mesoderm posterior bHLH transcription factor 1	1.3936261314148102	6.910852597723497e-7	upregulated	1.5739707000964849	-0.7945152129736196	8.367476750898948e-7	2.3010561064972106e-5	upregulated	TRUE	TRUE	TRUE	TRUE	FALSE	both_upregulated
ENSG00000241755	ENSG00000241755	IGKV1-9	28941	immunoglobulin kappa variable 1-9	2.6097264312541353	7.0054649145125e-7	upregulated	3.4205603138219343	4.514394584014653	1.1305241059981578e-7	5.265594259468898e-6	upregulated	TRUE	TRUE	TRUE	TRUE	FALSE	both_upregulated
ENSG00000054356	ENSG00000054356	PTPRN	5798	protein tyrosine phosphatase receptor type N	1.914602134745051	7.42268693795572e-7	upregulated	1.6153066234729019	-0.07027171066086182	4.525461187696496e-4	0.0027754014638660595	upregulated	TRUE	TRUE	TRUE	TRUE	FALSE	both_upregulated
ENSG00000211973	ENSG00000211973	IGHV1-69	28461	immunoglobulin heavy variable 1-69	2.626463551536	7.42268693795572e-7	upregulated	2.9095532849233896	2.6691486002640743	1.9138893049811328e-4	0.0014142173949622378	upregulated	TRUE	TRUE	TRUE	TRUE	FALSE	both_upregulated
ENSG00000253239	ENSG00000253239	IGLVI-70	28763	immunoglobulin lambda variable (I)-70 (pseudogene)	3.812095868514151	7.697131554235167e-7	upregulated	3.470342474883182	-0.3421700625413732	8.490459475064751e-6	1.3012552021566629e-4	upregulated	TRUE	TRUE	TRUE	TRUE	FALSE	both_upregulated
ENSG00000197561	ENSG00000197561	ELANE	1991	elastase, neutrophil expressed	2.6137778642295295	7.85962157534729e-7	upregulated	2.0595302751915723	-0.08288027299424175	0.0011573019241904018	0.005748017133400618	upregulated	TRUE	TRUE	TRUE	TRUE	FALSE	both_upregulated
ENSG00000259448	ENSG00000259448	ENSG00000259448	NA	NA	1.027980035858532	7.914599032931427e-7	upregulated	1.0231901896499807	0.41647378494766213	8.501209434473187e-6	1.3013652836426915e-4	upregulated	TRUE	TRUE	TRUE	TRUE	FALSE	both_upregulated
ENSG00000108839	ENSG00000108839	ALOX12	239	arachidonate 12-lipoxygenase, 12S type	1.3811442897019195	8.272150952251568e-7	upregulated	1.06193164198493	3.6297020894031644	8.415640418719585e-4	0.004473152258202219	upregulated	TRUE	TRUE	TRUE	TRUE	FALSE	both_upregulated
ENSG00000211968	ENSG00000211968	IGHV1-58	28464	immunoglobulin heavy variable 1-58	2.2622740526543255	8.910438859705647e-7	upregulated	1.6573251671141258	0.6400977642358887	0.011474178548258478	0.03485399711780043	upregulated	TRUE	TRUE	TRUE	TRUE	FALSE	both_upregulated
ENSG00000156535	ENSG00000156535	CD109	135228	CD109 molecule	1.3564550290346271	9.209503219881582e-7	upregulated	1.4632588148511831	1.3167505315575847	9.110035882130804e-6	1.3678282336093784e-4	upregulated	TRUE	TRUE	TRUE	TRUE	FALSE	both_upregulated
ENSG00000088836	ENSG00000088836	SLC4A11	83959	solute carrier family 4 member 11	1.60519546530013	9.667686732932186e-7	upregulated	1.4945049670139594	-0.20887577723908834	1.1123120021717871e-4	9.340530131935255e-4	upregulated	TRUE	TRUE	TRUE	TRUE	FALSE	both_upregulated
ENSG00000204424	ENSG00000204424	LY6G6F	259215	lymphocyte antigen 6 family member G6F	1.816216541203116	1.014627291240659e-6	upregulated	1.65633512946602	-0.4716187993067549	1.162550376672225e-4	9.638606763857354e-4	upregulated	TRUE	TRUE	TRUE	TRUE	FALSE	both_upregulated
ENSG00000277301	ENSG00000277301	LOC101929698	101929698	uncharacterized LOC101929698	-1.6922460263216166	1.0200819755823088e-6	downregulated	-1.9208805313394774	-0.12080761150805899	6.2839166589023605e-6	1.0390570083110408e-4	downregulated	TRUE	TRUE	TRUE	FALSE	TRUE	both_downregulated
ENSG00000013016	ENSG00000013016	EHD3	30845	EH domain containing 3	1.4175085532378553	1.0425670210956083e-6	upregulated	1.0866608484712819	5.229777811528939	3.462976341590961e-4	0.0022404385309642712	upregulated	TRUE	TRUE	TRUE	TRUE	FALSE	both_upregulated
ENSG00000147889	ENSG00000147889	CDKN2A	1029	cyclin dependent kinase inhibitor 2A	1.0780702605736383	1.087538200841637e-6	upregulated	1.0929588261188137	1.212186233970742	1.80295061515937e-5	2.2961048639143537e-4	upregulated	TRUE	TRUE	TRUE	TRUE	FALSE	both_upregulated
ENSG00000264548	ENSG00000264548	ENSG00000264548	NA	NA	1.298335908325144	1.088427215132348e-6	upregulated	1.3797446129508	-0.6047881198678106	1.452650033947148e-5	1.9574806278471128e-4	upregulated	TRUE	TRUE	TRUE	TRUE	FALSE	both_upregulated
ENSG00000211900	ENSG00000211900	IGHJ6	28475	immunoglobulin heavy joining 6	1.4910082861467686	1.152874261001991e-6	upregulated	1.3631131270950778	-0.08741924870606033	3.336815323477067e-4	0.0021837133192881566	upregulated	TRUE	TRUE	TRUE	TRUE	FALSE	both_upregulated
ENSG00000253394	ENSG00000253394	ENSG00000253394	NA	NA	1.9152163699732452	1.1596293801160055e-6	upregulated	1.7655141871139948	-0.3144932403781284	9.451446454573609e-5	8.226258951202956e-4	upregulated	TRUE	TRUE	TRUE	TRUE	FALSE	both_upregulated
ENSG00000106976	ENSG00000106976	DNM1	1759	dynamin 1	1.4444908345894016	1.1702202226179198e-6	upregulated	1.27074114524898	1.520894857643856	9.553684176300815e-5	8.291977704220797e-4	upregulated	TRUE	TRUE	TRUE	TRUE	FALSE	both_upregulated
ENSG00000237111	ENSG00000237111	IGHJ3P	28478	immunoglobulin heavy joining 3P (pseudogene)	1.456973565742473	1.1727630234780527e-6	upregulated	1.5056134057663213	0.5970655175958325	5.193484685449657e-5	5.190138367997692e-4	upregulated	TRUE	TRUE	TRUE	TRUE	FALSE	both_upregulated
ENSG00000087237	ENSG00000087237	CETP	1071	cholesteryl ester transfer protein	1.7023291551405595	1.2548699492399329e-6	upregulated	1.3849588857929624	0.8729353837466549	7.767063412886985e-4	0.0042018539774634515	upregulated	TRUE	TRUE	TRUE	TRUE	FALSE	both_upregulated
ENSG00000170819	ENSG00000170819	BFSP2	8419	beaded filament structural protein 2	1.5100350485537102	1.322610424577095e-6	upregulated	1.756424607910733	-0.6324756646885256	1.985459595226655e-6	4.380437883636617e-5	upregulated	TRUE	TRUE	TRUE	TRUE	FALSE	both_upregulated
ENSG00000241743	ENSG00000241743	ENSG00000241743	NA	NA	1.791132877925108	1.3587579354979188e-6	upregulated	1.9822353620873672	0.8334981358022384	8.397260713475237e-6	1.2920785085912792e-4	upregulated	TRUE	TRUE	TRUE	TRUE	FALSE	both_upregulated
ENSG00000255552	ENSG00000255552	ENSG00000255552	NA	NA	2.0264015808413904	1.3687314433552612e-6	upregulated	1.5967570671720606	-0.2647745560019004	0.0011791934686587683	0.0058330462402051446	upregulated	TRUE	TRUE	TRUE	TRUE	FALSE	both_upregulated
ENSG00000154736	ENSG00000154736	ADAMTS5	11096	ADAM metallopeptidase with thrombospondin type 1 motif 5	-2.0677617715508143	1.4093385796278302e-6	downregulated	-2.435037876104249	-0.3605954353976974	4.210090143172218e-6	7.728736660939187e-5	downregulated	TRUE	TRUE	TRUE	FALSE	TRUE	both_downregulated
ENSG00000109339	ENSG00000109339	MAPK10	5602	mitogen-activated protein kinase 10	1.5034518731405868	1.431274363678709e-6	upregulated	1.3997087152626533	-0.2730118182062975	2.896950267676388e-5	3.274871616616511e-4	upregulated	TRUE	TRUE	TRUE	TRUE	FALSE	both_upregulated
ENSG00000241163	ENSG00000241163	LINC00877	285286	long intergenic non-protein coding RNA 877	-1.0655512821768316	1.433925383106869e-6	downregulated	-1.2234887627858226	6.057735547272784	1.8337520869383394e-7	7.604677772303113e-6	downregulated	TRUE	TRUE	TRUE	FALSE	TRUE	both_downregulated
ENSG00000276775	ENSG00000276775	IGHV4-4	28401	immunoglobulin heavy variable 4-4	3.539925746275853	1.4643715716347703e-6	upregulated	4.1688392320871905	1.5642081805919918	0.001680577554021579	0.007724346823914748	upregulated	TRUE	TRUE	TRUE	TRUE	FALSE	both_upregulated
ENSG00000101162	ENSG00000101162	TUBB1	81027	tubulin beta 1 class VI	1.539221818620886	1.4685363126691884e-6	upregulated	1.2920646840514394	7.552070637398343	3.047714791676739e-4	0.0020296288715717574	upregulated	TRUE	TRUE	TRUE	TRUE	FALSE	both_upregulated
ENSG00000105173	ENSG00000105173	CCNE1	898	cyclin E1	1.013519721857108	1.495802259743518e-6	upregulated	1.0620750951697406	2.758310470516492	1.536620116582956e-5	2.0335305467748848e-4	upregulated	TRUE	TRUE	TRUE	TRUE	FALSE	both_upregulated
ENSG00000115129	ENSG00000115129	TP53I3	9540	tumor protein p53 inducible protein 3	1.076084846775073	1.5391246711728994e-6	upregulated	1.0279236280143196	3.6975074095401514	3.786895932396559e-5	4.05346831687168e-4	upregulated	TRUE	TRUE	TRUE	TRUE	FALSE	both_upregulated
ENSG00000277836	ENSG00000277836	ENSG00000277836	NA	NA	2.857556203632353	1.570823439558481e-6	upregulated	3.8274777018288813	0.1230162085178891	2.6738134019477015e-6	5.4352353688347115e-5	upregulated	TRUE	TRUE	TRUE	TRUE	FALSE	both_upregulated
ENSG00000183484	ENSG00000183484	GPR132	29933	G protein-coupled receptor 132	-1.04564759077349	1.6477182615904794e-6	downregulated	-1.0718530869203589	5.704258035112515	6.636626529823412e-6	1.0812403096382471e-4	downregulated	TRUE	TRUE	TRUE	FALSE	TRUE	both_downregulated
ENSG00000127533	ENSG00000127533	F2RL3	9002	F2R like thrombin or trypsin receptor 3	1.6309120691010757	1.6556036260874222e-6	upregulated	1.3339799765878488	1.1346983261908727	7.152057519224056e-4	0.003956077465162807	upregulated	TRUE	TRUE	TRUE	TRUE	FALSE	both_upregulated
ENSG00000164691	ENSG00000164691	TAGAP	117289	T cell activation RhoGTPase activating protein	-1.4926442898280494	1.7245643389536437e-6	downregulated	-1.698627364632328	7.861114905477045	1.1232073788391752e-6	2.8308251774350867e-5	downregulated	TRUE	TRUE	TRUE	FALSE	TRUE	both_downregulated
ENSG00000180354	ENSG00000180354	MTURN	222166	maturin, neural progenitor differentiation regulator homolog	1.26745011161137	1.7764534298769103e-6	upregulated	1.0012994618638977	3.903880894399274	4.976075350836043e-4	0.0029937520826790937	upregulated	TRUE	TRUE	TRUE	TRUE	FALSE	both_upregulated
ENSG00000110777	ENSG00000110777	POU2AF1	5450	POU class 2 homeobox associating factor 1	1.11694835011243	1.905641916156328e-6	upregulated	1.1939660860540435	4.292966373441804	3.0036403511783887e-5	0.00033612165834615303	upregulated	TRUE	TRUE	TRUE	TRUE	FALSE	both_upregulated
ENSG00000106070	ENSG00000106070	GRB10	2887	growth factor receptor bound protein 10	1.4926877395319038	1.9112209182884747e-6	upregulated	1.0298499252737408	3.080674329277589	0.003755020531992013	0.014478519886921773	upregulated	TRUE	TRUE	TRUE	TRUE	FALSE	both_upregulated
ENSG00000099194	ENSG00000099194	SCD	6319	stearoyl-CoA desaturase	1.0566177909652763	1.919064926353773e-6	upregulated	1.0742545735394446	3.6201208648375642	4.1691149275697256e-5	4.355076624425089e-4	upregulated	TRUE	TRUE	TRUE	TRUE	FALSE	both_upregulated
ENSG00000198753	ENSG00000198753	PLXNB3	5365	plexin B3	2.793588218572313	2.037810483138986e-6	upregulated	1.9536663945578092	0.3131186937941155	0.010418209400671409	0.03240802803939301	upregulated	TRUE	TRUE	TRUE	TRUE	FALSE	both_upregulated
ENSG00000254554	ENSG00000254554	ENSG00000254554	NA	NA	1.1370215289316818	2.0805232164135026e-6	upregulated	1.2250908898912405	1.142009357126609	2.692718145063454e-5	3.103660324031326e-4	upregulated	TRUE	TRUE	TRUE	TRUE	FALSE	both_upregulated
ENSG00000196793	ENSG00000196793	ZNF239	8187	zinc finger protein 239	-1.061900805308385	2.15815042631595e-6	downregulated	-1.1745552625235942	0.2636846950247989	6.520111212907199e-6	1.0689949779301336e-4	downregulated	TRUE	TRUE	TRUE	FALSE	TRUE	both_downregulated
ENSG00000124491	ENSG00000124491	F13A1	2162	coagulation factor XIII A chain	1.37476021932825	2.175969101124547e-6	upregulated	1.2369502577708502	8.79300680200414	1.742534529211273e-4	0.0013151683964996031	upregulated	TRUE	TRUE	TRUE	TRUE	FALSE	both_upregulated
ENSG00000272506	ENSG00000272506	ENSG00000272506	NA	NA	1.3464143906454282	2.1955571005592916e-6	upregulated	1.7503476212558895	-0.13348440669984024	2.43414102734324e-7	9.321858601010777e-6	upregulated	TRUE	TRUE	TRUE	TRUE	FALSE	both_upregulated
ENSG00000152128	ENSG00000152128	TMEM163	81615	transmembrane protein 163	1.13716560589179	2.1955571005592916e-6	upregulated	1.2140602680912427	-0.147893018670264	5.865774716004011e-6	9.89969160448555e-5	upregulated	TRUE	TRUE	TRUE	TRUE	FALSE	both_upregulated
ENSG00000182809	ENSG00000182809	CRIP2	1397	cysteine rich protein 2	-1.2701750594755783	2.2006233219284963e-6	downregulated	-1.514255594534061	4.181044214707528	2.0373344060460304e-6	4.463143592905922e-5	downregulated	TRUE	TRUE	TRUE	FALSE	TRUE	both_downregulated
ENSG00000167476	ENSG00000167476	JSRP1	126306	junctional sarcoplasmic reticulum protein 1	1.5971324603527388	2.4426606437649275e-6	upregulated	1.4149473694270154	-0.22174317587976763	3.062454515636689e-4	0.0020376949608547855	upregulated	TRUE	TRUE	TRUE	TRUE	FALSE	both_upregulated
ENSG00000281344	ENSG00000281344	ENSG00000281344	NA	NA	1.660427704722596	2.454135715466707e-6	upregulated	1.9211382571282725	0.6350074965791501	3.4239891636749797e-6	6.638258991074867e-5	upregulated	TRUE	TRUE	TRUE	TRUE	FALSE	both_upregulated
ENSG00000105246	ENSG00000105246	EBI3	10148	Epstein-Barr virus induced 3	1.173588895235475	2.462718268499051e-6	upregulated	1.261414896277733	0.36971716023069306	6.154745298531158e-6	1.0253501566081445e-4	upregulated	TRUE	TRUE	TRUE	TRUE	FALSE	both_upregulated
ENSG00000137571	ENSG00000137571	SLCO5A1	81796	solute carrier organic anion transporter family member 5A1	1.2991848781451174	2.4832845088503895e-6	upregulated	1.446617998205265	-0.3742147021822197	1.1446339252078751e-5	1.6347396114156667e-4	upregulated	TRUE	TRUE	TRUE	TRUE	FALSE	both_upregulated
ENSG00000211893	ENSG00000211893	IGHG2	3501	immunoglobulin heavy constant gamma 2 (G2m marker)	1.9932879242095496	2.504554931573316e-6	upregulated	2.506060695573856	7.468913635971035	1.4182200283057972e-5	1.9227790768376675e-4	upregulated	TRUE	TRUE	TRUE	TRUE	FALSE	both_upregulated
ENSG00000095303	ENSG00000095303	PTGS1	5742	prostaglandin-endoperoxide synthase 1	1.3333837882614443	2.646495509007047e-6	upregulated	1.008601377298211	6.8094604122446345	7.339259453863005e-4	0.004018069683353873	upregulated	TRUE	TRUE	TRUE	TRUE	FALSE	both_upregulated
ENSG00000238000	ENSG00000238000	PSME2P1	257093	proteasome activator subunit 2 pseudogene 1	1.1619210395811748	2.882355633358157e-6	upregulated	1.3574569564957524	1.1710069024640724	6.4534552977160716e-6	1.0614325733571184e-4	upregulated	TRUE	TRUE	TRUE	TRUE	FALSE	both_upregulated
ENSG00000268758	ENSG00000268758	ENSG00000268758	NA	NA	-1.28042997621784	2.9795564817713834e-6	downregulated	-1.6476389295314888	0.9525695995780195	3.052734224449223e-5	3.4014301595695006e-4	downregulated	TRUE	TRUE	TRUE	FALSE	TRUE	both_downregulated
ENSG00000103316	ENSG00000103316	CRYM	1428	crystallin mu	1.871160914075703	3.081944950476934e-6	upregulated	1.2911000715985228	-0.14392989175507168	0.002291275619431031	0.009872606515182418	upregulated	TRUE	TRUE	TRUE	TRUE	FALSE	both_upregulated
ENSG00000225936	ENSG00000225936	SLC18A2-AS1	105378500	SLC18A2 antisense RNA 1	1.4444098231215847	3.280935265097559e-6	upregulated	1.3725398611868402	1.3571129074289456	1.8851510319691203e-4	0.0013963081425903082	upregulated	TRUE	TRUE	TRUE	TRUE	FALSE	both_upregulated
ENSG00000214274	ENSG00000214274	ANG	283	angiogenin	1.2940010246417857	3.3680946666205583e-6	upregulated	1.2240579134721634	1.1431700126548674	6.958566783252027e-5	6.517353309676265e-4	upregulated	TRUE	TRUE	TRUE	TRUE	FALSE	both_upregulated
ENSG00000143595	ENSG00000143595	AQP10	89872	aquaporin 10	1.7486558735122892	3.462297678962209e-6	upregulated	1.3980605288736032	1.5191717670567624	0.0012321126730446058	0.006032218295114216	upregulated	TRUE	TRUE	TRUE	TRUE	FALSE	both_upregulated
ENSG00000189013	ENSG00000189013	KIR2DL4	3805	killer cell immunoglobulin like receptor, two Ig domains and long cytoplasmic tail 4	1.2791278769619532	3.5697675845904153e-6	upregulated	1.1963323699778377	2.169781943699157	2.9476653742646413e-4	0.001974223009830813	upregulated	TRUE	TRUE	TRUE	TRUE	FALSE	both_upregulated
ENSG00000233968	ENSG00000233968	LOC101928834	101928834	uncharacterized LOC101928834	1.7683130408431813	4.388581524132208e-6	upregulated	1.7225632566752234	0.09353738525851067	8.904290559082511e-5	7.855334681299532e-4	upregulated	TRUE	TRUE	TRUE	TRUE	FALSE	both_upregulated
ENSG00000124772	ENSG00000124772	CPNE5	57699	copine 5	1.0081497343332486	4.541404868979754e-6	upregulated	1.0532531619301952	5.075679087955024	2.4215480310536716e-5	2.8670389283696525e-4	upregulated	TRUE	TRUE	TRUE	TRUE	FALSE	both_upregulated
ENSG00000244734	ENSG00000244734	HBB	3043	hemoglobin subunit beta	4.447339170107575	4.552639723716969e-6	upregulated	4.875364382756465	7.611458079543307	0.0010578132960138262	0.0053424566008383086	upregulated	TRUE	TRUE	TRUE	TRUE	FALSE	both_upregulated
ENSG00000236304	ENSG00000236304	ENSG00000236304	NA	NA	1.6191815035401678	4.580200315763168e-6	upregulated	1.5197951034418073	2.7550494233121445	2.494603505480275e-4	0.0017381536554357173	upregulated	TRUE	TRUE	TRUE	TRUE	FALSE	both_upregulated
ENSG00000102362	ENSG00000102362	SYTL4	94121	synaptotagmin like 4	1.8423115791593137	4.638157114933162e-6	upregulated	1.5043979882280125	0.8673791991840119	0.001627959005262889	0.00752373187473999	upregulated	TRUE	TRUE	TRUE	TRUE	FALSE	both_upregulated
ENSG00000197415	ENSG00000197415	VEPH1	79674	ventricular zone expressed PH domain containing 1	1.6299654187591568	4.782962911692625e-6	upregulated	1.2928432281842068	0.7530570912133427	0.0010846145932137542	0.005456494434234618	upregulated	TRUE	TRUE	TRUE	TRUE	FALSE	both_upregulated
ENSG00000163735	ENSG00000163735	CXCL5	6374	C-X-C motif chemokine ligand 5	1.886421941422335	4.991825746782945e-6	upregulated	1.2885283834492143	1.809370513988753	0.005483375863215066	0.019564563984004066	upregulated	TRUE	TRUE	TRUE	TRUE	FALSE	both_upregulated
ENSG00000142675	ENSG00000142675	CNKSR1	10256	connector enhancer of kinase suppressor of Ras 1	1.2158455090864742	5.065155699041828e-6	upregulated	1.4150647759228336	1.6208443854137746	9.475855594597092e-6	1.4077636041398553e-4	upregulated	TRUE	TRUE	TRUE	TRUE	FALSE	both_upregulated
ENSG00000171817	ENSG00000171817	ZNF540	163255	zinc finger protein 540	-1.0466475122883183	5.159842753115718e-6	downregulated	-1.1100234486626042	1.797842650434822	7.720203524369826e-5	7.03114249342196e-4	downregulated	TRUE	TRUE	TRUE	FALSE	TRUE	both_downregulated
ENSG00000185339	ENSG00000185339	TCN2	6948	transcobalamin 2	1.3525254145122103	5.1819340214226906e-6	upregulated	1.0643307929215569	5.679215050970979	8.247809564723567e-4	0.004402134305173095	upregulated	TRUE	TRUE	TRUE	TRUE	FALSE	both_upregulated
ENSG00000128383	ENSG00000128383	APOBEC3A	200315	apolipoprotein B mRNA editing enzyme catalytic subunit 3A	1.207555321978773	5.2219847315033365e-6	upregulated	1.041365247918728	7.320279863747123	2.6253415407261326e-4	0.0018033236180984198	upregulated	TRUE	TRUE	TRUE	TRUE	FALSE	both_upregulated
ENSG00000102384	ENSG00000102384	CENPI	2491	centromere protein I	1.3622206688553342	5.430693888367711e-6	upregulated	1.5013118194866542	-0.576633551580793	1.4654616559400356e-5	1.9696109431221797e-4	upregulated	TRUE	TRUE	TRUE	TRUE	FALSE	both_upregulated
ENSG00000029534	ENSG00000029534	ANK1	286	ankyrin 1	1.6788497844104218	5.5304257147218384e-6	upregulated	1.2675776780129198	4.076869951234373	0.0035143454831774927	0.013767996575923949	upregulated	TRUE	TRUE	TRUE	TRUE	FALSE	both_upregulated
ENSG00000211892	ENSG00000211892	IGHG4	3503	immunoglobulin heavy constant gamma 4 (G4m marker)	2.366437621748245	5.532066720079516e-6	upregulated	2.888011924652671	5.403551429184851	4.999342709508304e-6	8.791361159237391e-5	upregulated	TRUE	TRUE	TRUE	TRUE	FALSE	both_upregulated
ENSG00000140022	ENSG00000140022	STON2	85439	stonin 2	1.5649510121385417	5.584203349328299e-6	upregulated	1.0541835271945965	3.0098304197859505	0.006077245656522351	0.021212073075111637	upregulated	TRUE	TRUE	TRUE	TRUE	FALSE	both_upregulated
ENSG00000102024	ENSG00000102024	PLS3	5358	plastin 3	1.5155650041271358	6.116306304789305e-6	upregulated	1.375787129431484	0.12633615975418888	1.1594503499365006e-4	9.632070127217528e-4	upregulated	TRUE	TRUE	TRUE	TRUE	FALSE	both_upregulated
ENSG00000255491	ENSG00000255491	LOC105375743	105375743	uncharacterized LOC105375743	1.322240710934107	6.377119334986232e-6	upregulated	1.6440024529426018	-0.7101986509683957	5.9443404291516924e-5	5.776736845622979e-4	upregulated	TRUE	TRUE	TRUE	TRUE	FALSE	both_upregulated
ENSG00000104970	ENSG00000104970	ENSG00000104970	NA	NA	1.365956896737336	6.456430198847243e-6	upregulated	1.34186088223713	0.9659677235865232	2.788582022654595e-5	3.1802137626009387e-4	upregulated	TRUE	TRUE	TRUE	TRUE	FALSE	both_upregulated
ENSG00000125245	ENSG00000125245	GPR18	2841	G protein-coupled receptor 18	-1.3414910250343224	6.578593206956635e-6	downregulated	-1.1618493155169074	4.129258811037049	7.428520238482108e-4	0.004056913693621743	downregulated	TRUE	TRUE	TRUE	FALSE	TRUE	both_downregulated
ENSG00000184113	ENSG00000184113	CLDN5	7122	claudin 5	1.546729832579238	6.854439690875495e-6	upregulated	1.199632001572669	3.782514162422954	0.0024957869170798355	0.010530374070704094	upregulated	TRUE	TRUE	TRUE	TRUE	FALSE	both_upregulated
ENSG00000276566	ENSG00000276566	IGKV1D-13	28902	immunoglobulin kappa variable 1D-13	3.731407599293364	6.957723628455672e-6	upregulated	4.783949753310344	0.8595723269300111	9.065247266688208e-4	0.0047166046664318725	upregulated	TRUE	TRUE	TRUE	TRUE	FALSE	both_upregulated
ENSG00000139970	ENSG00000139970	RTN1	6252	reticulon 1	-1.1597339486614515	6.957723628455672e-6	downregulated	-1.4851481278995378	5.8288276409187825	7.446301134942579e-7	2.1210516031067624e-5	downregulated	TRUE	TRUE	TRUE	FALSE	TRUE	both_downregulated
ENSG00000162594	ENSG00000162594	IL23R	149233	interleukin 23 receptor	-1.689106803447694	7.248484899042766e-6	downregulated	-1.4138613086838627	-0.03950564180039865	0.0023888604024405505	0.01020976159874702	downregulated	TRUE	TRUE	TRUE	FALSE	TRUE	both_downregulated
ENSG00000267279	ENSG00000267279	ENSG00000267279	NA	NA	1.7211595378532083	7.664789253497723e-6	upregulated	1.364599845128899	0.33829251813279	0.0029542372233403785	0.011991542057207285	upregulated	TRUE	TRUE	TRUE	TRUE	FALSE	both_upregulated
ENSG00000011590	ENSG00000011590	ZBTB32	27033	zinc finger and BTB domain containing 32	1.4172322830883488	8.011201044916163e-6	upregulated	1.712209514499608	3.1913393231214	1.657467365967094e-6	3.7804880656102397e-5	upregulated	TRUE	TRUE	TRUE	TRUE	FALSE	both_upregulated
ENSG00000235641	ENSG00000235641	ENSG00000235641	NA	NA	1.6358363870490011	8.030002768333278e-6	upregulated	1.847966633544436	-0.7759100185002752	8.564660281359199e-4	0.004530623498085988	upregulated	TRUE	TRUE	TRUE	TRUE	FALSE	both_upregulated
ENSG00000235257	ENSG00000235257	ITGA9-AS1	101928153	ITGA9 antisense RNA 1	1.379903444939406	8.052159274201021e-6	upregulated	1.5929463834394033	-0.6639934433824304	4.082171464774468e-5	4.2983353305262734e-4	upregulated	TRUE	TRUE	TRUE	TRUE	FALSE	both_upregulated
ENSG00000079215	ENSG00000079215	SLC1A3	6507	solute carrier family 1 member 3	1.7931098281763325	8.175164728108496e-6	upregulated	1.1634301724384137	1.06892171992805	0.004663767409371024	0.01712467775449509	upregulated	TRUE	TRUE	TRUE	TRUE	FALSE	both_upregulated
ENSG00000144677	ENSG00000144677	CTDSPL	10217	CTD small phosphatase like	1.3514574526671903	8.21322476394721e-6	upregulated	1.1280310147139976	3.273256365092524	5.30594265223605e-4	0.0031457513768319233	upregulated	TRUE	TRUE	TRUE	TRUE	FALSE	both_upregulated
ENSG00000226321	ENSG00000226321	CROCC2	728763	ciliary rootlet coiled-coil, rootletin family member 2	-1.8364733242987952	8.291880394033745e-6	downregulated	-2.7411864209038836	0.8100291504992269	3.8813944079698554e-7	1.2931218533997173e-5	downregulated	TRUE	TRUE	TRUE	FALSE	TRUE	both_downregulated
ENSG00000259781	ENSG00000259781	ENSG00000259781	NA	NA	2.212610529243327	9.092048567394473e-6	upregulated	2.325874885138924	0.8317399783238604	1.9724522869854486e-4	0.001445737436941037	upregulated	TRUE	TRUE	TRUE	TRUE	FALSE	both_upregulated
ENSG00000146700	ENSG00000146700	SSC4D	136853	scavenger receptor cysteine rich family member with 4 domains	1.327682205827318	9.150327848017664e-6	upregulated	1.3933086085850268	-0.21399327241009872	4.344948515890313e-5	4.5046892701509857e-4	upregulated	TRUE	TRUE	TRUE	TRUE	FALSE	both_upregulated
ENSG00000150337	ENSG00000150337	FCGR1A	2209	Fc gamma receptor Ia	1.4113380016556036	9.297799698214955e-6	upregulated	1.289070718483333	3.8036042019921052	7.576373642900652e-4	0.004113040084052821	upregulated	TRUE	TRUE	TRUE	TRUE	FALSE	both_upregulated
ENSG00000078053	ENSG00000078053	AMPH	273	amphiphysin	1.6404879986463927	9.30018244173167e-6	upregulated	1.2499969490707716	0.693637418444065	0.0013572060369750566	0.0065090493610028225	upregulated	TRUE	TRUE	TRUE	TRUE	FALSE	both_upregulated
ENSG00000126262	ENSG00000126262	FFAR2	2867	free fatty acid receptor 2	1.2256229286992932	9.328748604067027e-6	upregulated	1.058763348909996	3.9855886034214545	8.409363067928059e-4	0.004471348000807823	upregulated	TRUE	TRUE	TRUE	TRUE	FALSE	both_upregulated
ENSG00000136630	ENSG00000136630	HLX	3142	H2.0 like homeobox	1.3633651293449804	9.334052594444664e-6	upregulated	1.0544842387232984	3.2737958409390417	0.0024186263685356635	0.010296916023729603	upregulated	TRUE	TRUE	TRUE	TRUE	FALSE	both_upregulated
ENSG00000150760	ENSG00000150760	DOCK1	1793	dedicator of cytokinesis 1	1.2073260957222738	9.96266411914505e-6	upregulated	1.1616553958921345	0.8156525408510396	1.8660020498475084e-4	0.0013860963502459222	upregulated	TRUE	TRUE	TRUE	TRUE	FALSE	both_upregulated
ENSG00000211593	ENSG00000211593	IGKJ5	28946	immunoglobulin kappa joining 5	1.5093555912885677	1.0740506949367822e-5	upregulated	1.235821884628713	-0.02271206085365626	0.0023591726111753895	0.010105573784241546	upregulated	TRUE	TRUE	TRUE	TRUE	FALSE	both_upregulated
ENSG00000162367	ENSG00000162367	TAL1	6886	TAL bHLH transcription factor 1, erythroid differentiation factor	1.4385279856730826	1.168432722659436e-5	upregulated	1.011957383953695	2.0064414958470875	0.006707581091914075	0.022834631855923465	upregulated	TRUE	TRUE	TRUE	TRUE	FALSE	both_upregulated
ENSG00000211976	ENSG00000211976	IGHV3-73	28409	immunoglobulin heavy variable 3-73	3.2379684836776157	1.170867911797049e-5	upregulated	2.0598232073040146	2.341427898958962	0.0034276712418711028	0.013500045952620823	upregulated	TRUE	TRUE	TRUE	TRUE	FALSE	both_upregulated
ENSG00000206172	ENSG00000206172	HBA1	3039	hemoglobin subunit alpha 1	4.201346054688103	1.2080256818575517e-5	upregulated	5.0675781842925565	2.164669837452369	0.006597296710555703	0.022533378546733967	upregulated	TRUE	TRUE	TRUE	TRUE	FALSE	both_upregulated
ENSG00000136929	ENSG00000136929	HEMGN	55363	hemogen	1.4943894004423464	1.2886453005094868e-5	upregulated	1.0286743349549161	2.2262929718159103	0.007884198974995725	0.025924088637308395	upregulated	TRUE	TRUE	TRUE	TRUE	FALSE	both_upregulated
ENSG00000168306	ENSG00000168306	ACOX2	8309	acyl-CoA oxidase 2	1.6993320823350004	1.2899250042110064e-5	upregulated	1.3250419874900459	0.32656436960082524	7.681716944106209e-4	0.004160035956811707	upregulated	TRUE	TRUE	TRUE	TRUE	FALSE	both_upregulated
ENSG00000281106	ENSG00000281106	TMEM272	283521	transmembrane protein 272	-1.2530608024232563	1.2971652680469433e-5	downregulated	-1.3929973223560919	0.05195367467636527	3.857267507261647e-5	4.1061234754720757e-4	downregulated	TRUE	TRUE	TRUE	FALSE	TRUE	both_downregulated
ENSG00000276903	ENSG00000276903	H2AC16	8332	H2A clustered histone 16	1.2809975173836967	1.3186788744335431e-5	upregulated	1.4580810238088422	-0.6042993926384295	9.308186951701783e-6	1.3935326218233074e-4	upregulated	TRUE	TRUE	TRUE	TRUE	FALSE	both_upregulated
ENSG00000232807	ENSG00000232807	ENSG00000232807	NA	NA	1.1090200693503152	1.4069370372810656e-5	upregulated	1.1626402650229413	0.5879030102303341	1.7330706765834107e-4	0.0013092998633126498	upregulated	TRUE	TRUE	TRUE	TRUE	FALSE	both_upregulated
ENSG00000142949	ENSG00000142949	PTPRF	5792	protein tyrosine phosphatase receptor type F	1.8098399341069344	1.4086557637667317e-5	upregulated	1.3848027109973118	-0.039480796353940355	0.0028909644121356695	0.011799699482164274	upregulated	TRUE	TRUE	TRUE	TRUE	FALSE	both_upregulated
ENSG00000183762	ENSG00000183762	KREMEN1	83999	kringle containing transmembrane protein 1	1.707148074228697	1.4757684777339013e-5	upregulated	1.7479910880236216	0.4238809403520599	1.8776217263224672e-4	0.0013919004726537006	upregulated	TRUE	TRUE	TRUE	TRUE	FALSE	both_upregulated
ENSG00000110799	ENSG00000110799	VWF	7450	von Willebrand factor	1.5406342872950871	1.4868209606350975e-5	upregulated	1.0862418025224114	2.4698377890486825	0.011192976794454022	0.034207501493986575	upregulated	TRUE	TRUE	TRUE	TRUE	FALSE	both_upregulated
ENSG00000254709	ENSG00000254709	IGLL5	100423062	immunoglobulin lambda like polypeptide 5	1.3768156088588817	1.4868209606350975e-5	upregulated	1.7190581320919458	3.21567419389359	3.693640730052617e-6	7.046539695340232e-5	upregulated	TRUE	TRUE	TRUE	TRUE	FALSE	both_upregulated
ENSG00000169397	ENSG00000169397	RNASE3	6037	ribonuclease A family member 3	2.463602916342946	1.5076028836849896e-5	upregulated	1.8162533242464747	0.4823279688061663	0.004980619594142267	0.018082727037721572	upregulated	TRUE	TRUE	TRUE	TRUE	FALSE	both_upregulated
ENSG00000174307	ENSG00000174307	PHLDA3	23612	pleckstrin homology like domain family A member 3	1.309535636798459	1.547679645246026e-5	upregulated	1.8874921586251379	0.23365123001629412	7.030752528782109e-6	1.1311926527117274e-4	upregulated	TRUE	TRUE	TRUE	TRUE	FALSE	both_upregulated
ENSG00000103184	ENSG00000103184	SEC14L5	9717	SEC14 like lipid binding 5	1.834749132148657	1.547679645246026e-5	upregulated	1.3564038401524616	1.1539705875209838	0.005967475903564213	0.02090233768389362	upregulated	TRUE	TRUE	TRUE	TRUE	FALSE	both_upregulated
ENSG00000100095	ENSG00000100095	SEZ6L	23544	seizure related 6 homolog like	-1.1325458575284069	1.551211749590772e-5	downregulated	-1.4993521623567498	1.8324378930447447	4.176549925466222e-7	1.3724213844063794e-5	downregulated	TRUE	TRUE	TRUE	FALSE	TRUE	both_downregulated
ENSG00000197980	ENSG00000197980	LEKR1	389170	leucine, glutamate and lysine rich 1	-1.0485013075279852	1.5612381233710723e-5	downregulated	-1.1303343978609242	1.3605878213602212	4.0724990345512586e-5	4.291110741221918e-4	downregulated	TRUE	TRUE	TRUE	FALSE	TRUE	both_downregulated
ENSG00000198795	ENSG00000198795	ZNF521	25925	zinc finger protein 521	1.6429681341561593	1.6048475010366374e-5	upregulated	1.3434310481443208	0.013655103214376678	0.002705267944569761	0.011233215472515313	upregulated	TRUE	TRUE	TRUE	TRUE	FALSE	both_upregulated
ENSG00000118402	ENSG00000118402	ELOVL4	6785	ELOVL fatty acid elongase 4	-1.3696239622735256	1.619181569121722e-5	downregulated	-1.4119702660115256	0.04427246628589058	3.015513124690418e-4	0.002014238094915951	downregulated	TRUE	TRUE	TRUE	FALSE	TRUE	both_downregulated
ENSG00000182782	ENSG00000182782	HCAR2	338442	hydroxycarboxylic acid receptor 2	-1.374872263991323	1.6941571129029614e-5	downregulated	-1.2512270925043492	4.470779553226042	0.0016371092181084682	0.007552581205248818	downregulated	TRUE	TRUE	TRUE	FALSE	TRUE	both_downregulated
ENSG00000268555	ENSG00000268555	ENSG00000268555	NA	NA	1.781050488658618	1.6962933534446023e-5	upregulated	1.9720102625997333	1.6649052095490384	4.6977718327963046e-4	0.002857350632418458	upregulated	TRUE	TRUE	TRUE	TRUE	FALSE	both_upregulated
ENSG00000110944	ENSG00000110944	IL23A	51561	interleukin 23 subunit alpha	-1.2593926951268528	1.7343295316447355e-5	downregulated	-1.391988603458278	2.764960267110656	7.333886176975463e-5	6.782860739707182e-4	downregulated	TRUE	TRUE	TRUE	FALSE	TRUE	both_downregulated
ENSG00000279164	ENSG00000279164	ENSG00000279164	NA	NA	1.2782138350208525	1.951213342982061e-5	upregulated	1.5005697117790624	0.6270563362843468	2.4057765870547696e-5	2.852547855108081e-4	upregulated	TRUE	TRUE	TRUE	TRUE	FALSE	both_upregulated
ENSG00000134901	ENSG00000134901	POGLUT2	79070	protein O-glucosyltransferase 2	1.1321843501872988	2.0112635791817153e-5	upregulated	1.0161291694452506	-0.006593477946765438	6.354470512221871e-4	0.0035930673585330376	upregulated	TRUE	TRUE	TRUE	TRUE	FALSE	both_upregulated
ENSG00000140284	ENSG00000140284	SLC27A2	11001	solute carrier family 27 member 2	1.370377281835342	2.014051332738915e-5	upregulated	1.3972556253191546	0.5438722561996548	1.3317406676761074e-4	0.001073560174410417	upregulated	TRUE	TRUE	TRUE	TRUE	FALSE	both_upregulated
ENSG00000086289	ENSG00000086289	EPDR1	54749	ependymin related 1	1.0974444247491684	2.046021185827691e-5	upregulated	1.0456743423683057	1.7214708786722066	3.490115847267264e-4	0.0022498627095226625	upregulated	TRUE	TRUE	TRUE	TRUE	FALSE	both_upregulated
ENSG00000236320	ENSG00000236320	SLFN14	342618	schlafen family member 14	1.3013295404994334	2.1492616769994225e-5	upregulated	1.0648132847071508	1.0889649599431903	0.0022920780333582375	0.009872606515182418	upregulated	TRUE	TRUE	TRUE	TRUE	FALSE	both_upregulated
ENSG00000198626	ENSG00000198626	RYR2	6262	ryanodine receptor 2	1.631342310487769	2.292597457036278e-5	upregulated	1.5779960481327822	-0.028661152655551272	6.328038504493916e-4	0.0035820393140401693	upregulated	TRUE	TRUE	TRUE	TRUE	FALSE	both_upregulated
ENSG00000123095	ENSG00000123095	BHLHE41	79365	basic helix-loop-helix family member e41	1.168173767478262	2.292597457036278e-5	upregulated	1.150674238026171	0.7845276704730297	6.282084519769704e-4	0.0035625276380851227	upregulated	TRUE	TRUE	TRUE	TRUE	FALSE	both_upregulated
ENSG00000144668	ENSG00000144668	ITGA9	3680	integrin subunit alpha 9	1.568129815623292	2.2995232620584127e-5	upregulated	1.3617885610273706	0.28512839638770776	0.004158271128617323	0.015626871874040486	upregulated	TRUE	TRUE	TRUE	TRUE	FALSE	both_upregulated
ENSG00000275832	ENSG00000275832	ARHGAP23	57636	Rho GTPase activating protein 23	1.0293924385005182	2.349502876114688e-5	upregulated	1.10422874049121	-0.3102645178018392	1.707905602989169e-5	2.203795000196507e-4	upregulated	TRUE	TRUE	TRUE	TRUE	FALSE	both_upregulated
ENSG00000133216	ENSG00000133216	EPHB2	2048	EPH receptor B2	1.292332467685287	2.476208470301506e-5	upregulated	1.271665741944446	2.9866381167462253	3.1341950187855776e-4	0.002072979306667988	upregulated	TRUE	TRUE	TRUE	TRUE	FALSE	both_upregulated
ENSG00000188596	ENSG00000188596	CFAP54	144535	cilia and flagella associated protein 54	1.1996500844496285	2.5052353161441805e-5	upregulated	1.383295450650872	-0.4598806526154408	1.9335019014969348e-5	2.416248299687609e-4	upregulated	TRUE	TRUE	TRUE	TRUE	FALSE	both_upregulated
ENSG00000101470	ENSG00000101470	TNNC2	7125	troponin C2, fast skeletal type	1.1720431524086992	2.5102468401944257e-5	upregulated	1.0276556459318273	-0.08273061157735574	3.824581038814715e-4	0.002417247429177515	upregulated	TRUE	TRUE	TRUE	TRUE	FALSE	both_upregulated
ENSG00000108576	ENSG00000108576	SLC6A4	6532	solute carrier family 6 member 4	1.328299803695932	2.536814645470101e-5	upregulated	1.191871182708313	1.0353606345339177	7.922207489811004e-4	0.0042723726761811085	upregulated	TRUE	TRUE	TRUE	TRUE	FALSE	both_upregulated
ENSG00000254639	ENSG00000254639	ENSG00000254639	NA	NA	1.1100336421391732	2.581670150795415e-5	upregulated	1.1291089788382214	-0.42694354486443187	4.6537370535117487e-5	4.747576461374594e-4	upregulated	TRUE	TRUE	TRUE	TRUE	FALSE	both_upregulated
ENSG00000108387	ENSG00000108387	SEPTIN4	5414	septin 4	1.2304151666163126	2.880007825048308e-5	upregulated	1.0037057719389735	1.8264039627762017	0.001365837726856177	0.006540334406773481	upregulated	TRUE	TRUE	TRUE	TRUE	FALSE	both_upregulated
ENSG00000132967	ENSG00000132967	HMGB1P5	10354	high mobility group box 1 pseudogene 5	1.2202737948603537	3.320646930739442e-5	upregulated	1.4097877834415793	2.585210749507093	1.1706147667161842e-5	1.6581036558692254e-4	upregulated	TRUE	TRUE	TRUE	TRUE	FALSE	both_upregulated
ENSG00000198959	ENSG00000198959	TGM2	7052	transglutaminase 2	1.077014932369314	3.477299212111823e-5	upregulated	1.1348053806536238	2.8297807684477547	8.94023642655961e-5	7.874109425095943e-4	upregulated	TRUE	TRUE	TRUE	TRUE	FALSE	both_upregulated
ENSG00000253998	ENSG00000253998	IGKV2-29	28920	immunoglobulin kappa variable 2-29	2.555375671081458	3.5513811249176075e-5	upregulated	2.8865969644792786	1.8145222878893694	0.001628586400692324	0.007524389357979727	upregulated	TRUE	TRUE	TRUE	TRUE	FALSE	both_upregulated
ENSG00000115607	ENSG00000115607	IL18RAP	8807	interleukin 18 receptor accessory protein	-1.015576463739464	3.692959081708962e-5	downregulated	-1.126107182055109	4.91843582033835	7.147333594122567e-5	6.642009828929958e-4	downregulated	TRUE	TRUE	TRUE	FALSE	TRUE	both_downregulated
ENSG00000156206	ENSG00000156206	CFAP161	161502	cilia and flagella associated protein 161	1.5280248972590575	3.78199532079496e-5	upregulated	1.4169745063756287	-0.14301753247887927	0.0012090211913646733	0.005943555840908425	upregulated	TRUE	TRUE	TRUE	TRUE	FALSE	both_upregulated
ENSG00000269970	ENSG00000269970	ENSG00000269970	NA	NA	1.318301700838425	4.225141544030602e-5	upregulated	1.1738661826299208	0.46865056483521506	6.508376193235472e-4	0.003666724110319004	upregulated	TRUE	TRUE	TRUE	TRUE	FALSE	both_upregulated
ENSG00000196584	ENSG00000196584	XRCC2	7516	X-ray repair cross complementing 2	1.1810826149241762	4.3427645308311814e-5	upregulated	1.208638059801736	0.09781016039782373	1.279500782844305e-4	0.0010422824129157128	upregulated	TRUE	TRUE	TRUE	TRUE	FALSE	both_upregulated
ENSG00000224746	ENSG00000224746	ENSG00000224746	NA	NA	1.0345265729141957	4.4114384350148826e-5	upregulated	1.1783446490132539	-0.45827193417502765	2.9500848493468342e-5	3.3156388415485073e-4	upregulated	TRUE	TRUE	TRUE	TRUE	FALSE	both_upregulated
ENSG00000180066	ENSG00000180066	ENSG00000180066	NA	NA	1.1478824359199704	4.41671249942583e-5	upregulated	1.4451860299517016	-0.5066875441973658	3.915827968195092e-6	7.379646632649559e-5	upregulated	TRUE	TRUE	TRUE	TRUE	FALSE	both_upregulated
ENSG00000211974	ENSG00000211974	IGHV2-70D	102723168	immunoglobulin heavy variable 2-70D	3.0145981555643373	4.519208070709788e-5	upregulated	2.8150659328191088	0.37511696319366244	0.007439768918574243	0.024740740979220948	upregulated	TRUE	TRUE	TRUE	TRUE	FALSE	both_upregulated
ENSG00000126709	ENSG00000126709	IFI6	2537	interferon alpha inducible protein 6	1.7937006564208164	4.782524017446743e-5	upregulated	1.0474723129174341	6.5477364517803345	0.014460391566199889	0.04164141722832534	upregulated	TRUE	TRUE	TRUE	TRUE	FALSE	both_upregulated
ENSG00000173114	ENSG00000173114	LRRN3	54674	leucine rich repeat neuronal 3	-1.3808775672233689	5.0222849530055414e-5	downregulated	-1.528387372864895	3.632777067627343	8.234737647604833e-4	0.004401129597324293	downregulated	TRUE	TRUE	TRUE	FALSE	TRUE	both_downregulated
ENSG00000063660	ENSG00000063660	GPC1	2817	glypican 1	1.0425041100785597	5.3655936536646215e-5	upregulated	1.0520541825171605	0.7032261013704884	6.164687421097084e-4	0.0035126488575024165	upregulated	TRUE	TRUE	TRUE	TRUE	FALSE	both_upregulated
ENSG00000237973	ENSG00000237973	MTCO1P12	107075141	MT-CO1 pseudogene 12	2.3544978874648774	5.544658412271364e-5	upregulated	1.6438249513313172	2.1054042332454825	0.013293934208005264	0.03903498144806995	upregulated	TRUE	TRUE	TRUE	TRUE	FALSE	both_upregulated
ENSG00000183691	ENSG00000183691	NOG	9241	noggin	-1.5953426103430666	5.726195141553777e-5	downregulated	-2.300427565905199	0.7937686308319032	1.4246823081470834e-5	1.9281695112880682e-4	downregulated	TRUE	TRUE	TRUE	FALSE	TRUE	both_downregulated
ENSG00000112053	ENSG00000112053	SLC26A8	116369	solute carrier family 26 member 8	1.555994452128901	6.136543473689684e-5	upregulated	1.3596862745922258	-0.1442903398580237	0.00219599037356525	0.009564675847794728	upregulated	TRUE	TRUE	TRUE	TRUE	FALSE	both_upregulated
ENSG00000156265	ENSG00000156265	MAP3K7CL	56911	MAP3K7 C-terminal like	1.1431257558203878	6.231817785822704e-5	upregulated	1.0103569858217423	5.085475092247992	6.01099376564635e-4	0.003455541634735911	upregulated	TRUE	TRUE	TRUE	TRUE	FALSE	both_upregulated
ENSG00000170837	ENSG00000170837	GPR27	2850	G protein-coupled receptor 27	1.1537973154292285	6.383919351301515e-5	upregulated	1.023449357924462	3.361726982750355	0.002371656249809422	0.010150217559200921	upregulated	TRUE	TRUE	TRUE	TRUE	FALSE	both_upregulated
ENSG00000197093	ENSG00000197093	GAL3ST4	79690	galactose-3-O-sulfotransferase 4	-1.0321278034148451	6.50824171196868e-5	downregulated	-1.2655022050463147	1.6298610381652368	3.546700677891002e-5	3.8360758378026106e-4	downregulated	TRUE	TRUE	TRUE	FALSE	TRUE	both_downregulated
ENSG00000166033	ENSG00000166033	HTRA1	5654	HtrA serine peptidase 1	1.622481856544172	6.672487817490802e-5	upregulated	1.5772684653028728	1.1542751636546371	0.0024902574664190063	0.010518489461916882	upregulated	TRUE	TRUE	TRUE	TRUE	FALSE	both_upregulated
ENSG00000136315	ENSG00000136315	ENSG00000136315	NA	NA	1.8509923114535347	6.6841056779598e-5	upregulated	1.9120944995839753	0.677553775574473	0.0022379791704893064	0.0097066714022061365	upregulated	TRUE	TRUE	TRUE	TRUE	FALSE	both_upregulated
ENSG00000127831	ENSG00000127831	VIL1	7429	villin 1	1.4148640544960789	6.750242325287767e-5	upregulated	1.2618779724258509	1.6712929650878214	0.003502062509574406	0.01373722547382373	upregulated	TRUE	TRUE	TRUE	TRUE	FALSE	both_upregulated
ENSG00000225698	ENSG00000225698	IGHV3-72	28410	immunoglobulin heavy variable 3-72	2.0932531135475045	6.834989078144158e-5	upregulated	2.1769650119339934	2.082418514551922	0.004180840676235163	0.015697128755363686	upregulated	TRUE	TRUE	TRUE	TRUE	FALSE	both_upregulated
ENSG00000131355	ENSG00000131355	ADGRE3	84658	adhesion G protein-coupled receptor E3	-1.2423527488662214	6.873983641534463e-5	downregulated	-1.7330133756941457	3.13744640147201	2.5106667355065847e-6	5.192058809027617e-5	downregulated	TRUE	TRUE	TRUE	FALSE	TRUE	both_downregulated
ENSG00000172382	ENSG00000172382	PRSS27	83886	serine protease 27	1.1392851914441051	7.368238858238504e-5	upregulated	1.2493613257633265	-0.78619246617651	1.3497732383708534e-4	0.001084714141302173	upregulated	TRUE	TRUE	TRUE	TRUE	FALSE	both_upregulated
ENSG00000135960	ENSG00000135960	EDAR	10913	ectodysplasin A receptor	-1.102860094075138	7.426780928079213e-5	downregulated	-1.3379649111643288	2.7938329125767103	3.7862747870278826e-5	4.05346831687168e-4	downregulated	TRUE	TRUE	TRUE	FALSE	TRUE	both_downregulated
ENSG00000155659	ENSG00000155659	VSIG4	11326	V-set and immunoglobulin domain containing 4	1.6836222229291198	7.478328111461246e-5	upregulated	1.245595916259103	4.129323641142171	0.009307767275772398	0.02963733739421677	upregulated	TRUE	TRUE	TRUE	TRUE	FALSE	both_upregulated
ENSG00000166963	ENSG00000166963	MAP1A	4130	microtubule associated protein 1A	1.2417034627903558	7.524999160143072e-5	upregulated	1.004256064324788	3.9333277291180915	0.003463695472893463	0.013621175655318866	upregulated	TRUE	TRUE	TRUE	TRUE	FALSE	both_upregulated
ENSG00000198829	ENSG00000198829	SUCNR1	56670	succinate receptor 1	1.5376759140145402	7.775476809992512e-5	upregulated	1.4667789385647254	0.2734113456461132	0.0013484211495459377	0.006476931566880612	upregulated	TRUE	TRUE	TRUE	TRUE	FALSE	both_upregulated
ENSG00000103089	ENSG00000103089	FA2H	79152	fatty acid 2-hydroxylase	1.34319386056323	8.077660685853547e-5	upregulated	1.4432032938861579	-0.38508042239141405	6.205390709638542e-4	0.003526316920339843	upregulated	TRUE	TRUE	TRUE	TRUE	FALSE	both_upregulated
ENSG00000165092	ENSG00000165092	ALDH1A1	216	aldehyde dehydrogenase 1 family member A1	-1.1204064293792566	8.166564024733487e-5	downregulated	-1.5759052904162347	4.459949622594898	1.8427704981082363e-6	4.118353087270713e-5	downregulated	TRUE	TRUE	TRUE	FALSE	TRUE	both_downregulated
ENSG00000185222	ENSG00000185222	TCEAL9	51186	transcription elongation factor A like 9	1.1057092260805652	8.185585114341636e-5	upregulated	1.1480994738806354	0.08209380664696478	2.526713923477551e-4	0.001755008193154358	upregulated	TRUE	TRUE	TRUE	TRUE	FALSE	both_upregulated
ENSG00000255398	ENSG00000255398	HCAR3	8843	hydroxycarboxylic acid receptor 3	-1.0645125167229814	8.232429039408311e-5	downregulated	-1.120915483728174	4.107360182755051	5.633073348189139e-4	0.003291973158644067	downregulated	TRUE	TRUE	TRUE	FALSE	TRUE	both_downregulated
ENSG00000164171	ENSG00000164171	ITGA2	3673	integrin subunit alpha 2	1.2505028694511056	8.562011758870366e-5	upregulated	1.3907742981934597	-0.3249939597664793	1.4142816427928256e-4	0.0011243212854800987	upregulated	TRUE	TRUE	TRUE	TRUE	FALSE	both_upregulated
ENSG00000261253	ENSG00000261253	ENSG00000261253	NA	NA	1.6135472268084825	8.705164577453292e-5	upregulated	1.3993602211726812	1.2374479279655182	0.0027744416887727436	0.011438741170514452	upregulated	TRUE	TRUE	TRUE	TRUE	FALSE	both_upregulated
ENSG00000267767	ENSG00000267767	LINC01801	400685	long intergenic non-protein coding RNA 1801	-1.0975332111616694	8.798773768485779e-5	downregulated	-1.3834758175111181	0.11905392013643983	1.8564399761577044e-4	0.0013803156294441993	downregulated	TRUE	TRUE	TRUE	FALSE	TRUE	both_downregulated
ENSG00000101188	ENSG00000101188	NTSR1	4923	neurotensin receptor 1	1.8033692380512132	8.870699562131479e-5	upregulated	1.7421264827117373	0.2434311806522232	0.008295314408280413	0.02700111783261893	upregulated	TRUE	TRUE	TRUE	TRUE	FALSE	both_upregulated
ENSG00000277435	ENSG00000277435	ENSG00000277435	NA	NA	1.4300188257642912	1.0537243373509184e-4	upregulated	1.3614090119626794	-0.23951000943714687	0.0011808622444580373	0.005836575338286857	upregulated	TRUE	TRUE	TRUE	TRUE	FALSE	both_upregulated
ENSG00000249138	ENSG00000249138	SLED1	643036	proteoglycan 3, pro eosinophil major basic protein 2 pseudogene	1.4486915403230674	1.0736918568865709e-4	upregulated	1.2815605520855096	-0.05594952469459016	0.0035347707997989675	0.013816606629254533	upregulated	TRUE	TRUE	TRUE	TRUE	FALSE	both_upregulated
ENSG00000117479	ENSG00000117479	SLC19A2	10560	solute carrier family 19 member 2	-1.0955751661945423	1.0919147195116878e-4	downregulated	-1.016640136113727	2.0707273749147412	0.0013491908338554013	0.006478622239349001	downregulated	TRUE	TRUE	TRUE	FALSE	TRUE	both_downregulated
ENSG00000248905	ENSG00000248905	FMN1	342184	formin 1	1.2375742958029912	1.1909335040159558e-4	upregulated	1.10087500251363	2.5745354579497746	0.003785907859898518	0.014568731291610352	upregulated	TRUE	TRUE	TRUE	TRUE	FALSE	both_upregulated
ENSG00000156510	ENSG00000156510	HKDC1	80201	hexokinase domain containing 1	-1.026279816289312	1.276156580834153e-4	downregulated	-1.1571014013478467	1.540368510878697	5.202477703828013e-4	0.00310109258979141	downregulated	TRUE	TRUE	TRUE	FALSE	TRUE	both_downregulated
ENSG00000168386	ENSG00000168386	FILIP1L	11259	filamin A interacting protein 1 like	-1.415095980709304	1.3801081326417222e-4	downregulated	-1.3094648502373147	0.6825893512390846	0.002828164000347436	0.011601381551279748	downregulated	TRUE	TRUE	TRUE	FALSE	TRUE	both_downregulated
ENSG00000211642	ENSG00000211642	IGLV10-54	28772	immunoglobulin lambda variable 10-54	2.18863682635866	1.4128584394930562e-4	upregulated	2.7903881606836105	1.8585029909928987	1.3296721950000552e-4	0.001073008103249264	upregulated	TRUE	TRUE	TRUE	TRUE	FALSE	both_upregulated
ENSG00000164047	ENSG00000164047	CAMP	820	cathelicidin antimicrobial peptide	1.1253619427902115	1.5116143768636702e-4	upregulated	1.042855645633416	-0.606616558695564	8.82459991492689e-4	0.004623218315129464	upregulated	TRUE	TRUE	TRUE	TRUE	FALSE	both_upregulated
ENSG00000197461	ENSG00000197461	PDGFA	5154	platelet derived growth factor subunit A	1.5587918240922674	1.5519084602424343e-4	upregulated	1.2006516538138534	-0.06747829886933766	0.011573266772189743	0.03509999367161966	upregulated	TRUE	TRUE	TRUE	TRUE	FALSE	both_upregulated
ENSG00000110436	ENSG00000110436	SLC1A2	6506	solute carrier family 1 member 2	1.0920261185131457	1.5815169341333154e-4	upregulated	1.1992539394481427	-0.3874368661954771	1.723355377339989e-4	0.0013057763508814474	upregulated	TRUE	TRUE	TRUE	TRUE	FALSE	both_upregulated
ENSG00000090659	ENSG00000090659	CD209	30835	CD209 molecule	-1.0813524623125308	1.5882573923775963e-4	downregulated	-1.4344193708611035	0.3887928719158647	8.649285454099958e-6	1.3164908478222802e-4	downregulated	TRUE	TRUE	TRUE	FALSE	TRUE	both_downregulated
ENSG00000186152	ENSG00000186152	ENSG00000186152	NA	NA	1.4428600736997823	1.5882573923775963e-4	upregulated	1.6839083969711652	-0.664084309176898	1.0606170721595336e-4	9.013792213257187e-4	upregulated	TRUE	TRUE	TRUE	TRUE	FALSE	both_upregulated
ENSG00000166147	ENSG00000166147	FBN1	2200	fibrillin 1	1.2896914967677957	1.820296264981171e-4	upregulated	1.1786890496845792	-0.6811270319113275	0.007631835552445049	0.025227998597276792	upregulated	TRUE	TRUE	TRUE	TRUE	FALSE	both_upregulated
ENSG00000169439	ENSG00000169439	SDC2	6383	syndecan 2	1.430913944868689	1.838229997657423e-4	upregulated	1.4989612581762353	0.3213222473474321	0.001269132338640636	0.006162881206110289	upregulated	TRUE	TRUE	TRUE	TRUE	FALSE	both_upregulated
ENSG00000287789	ENSG00000287789	ENSG00000287789	NA	NA	-1.1367390071285934	1.8505576579790528e-4	downregulated	-1.4164833576179197	0.6831780570839525	1.1154236095185706e-4	9.356527952208237e-4	downregulated	TRUE	TRUE	TRUE	FALSE	TRUE	both_downregulated
ENSG00000183625	ENSG00000183625	CCR3	1232	C-C motif chemokine receptor 3	1.0046588260827645	1.9912809736024828e-4	upregulated	1.0258604937623401	-0.085306422221745	5.096528987892771e-4	0.003053192916269482	upregulated	TRUE	TRUE	TRUE	TRUE	FALSE	both_upregulated
ENSG00000170955	ENSG00000170955	CAVIN3	112464	caveolae associated protein 3	1.6664549552280672	2.070806002510239e-4	upregulated	1.405000841985287	0.7170348965967802	0.007260500567492376	0.024282978548998236	upregulated	TRUE	TRUE	TRUE	TRUE	FALSE	both_upregulated
ENSG00000091986	ENSG00000091986	CCDC80	151887	coiled-coil domain containing 80	1.04888041498945	2.0936837212894033e-4	upregulated	1.0706225560506228	-0.499313834862392	3.585578349920783e-4	0.0022999305296638275	upregulated	TRUE	TRUE	TRUE	TRUE	FALSE	both_upregulated
ENSG00000259161	ENSG00000259161	ENSG00000259161	NA	NA	-1.3834979394982905	2.2543091861442207e-4	downregulated	-1.2129700555129088	-0.5301724814074649	0.0039960182436900495	0.015172714695870648	downregulated	TRUE	TRUE	TRUE	FALSE	TRUE	both_downregulated
ENSG00000220412	ENSG00000220412	ENSG00000220412	NA	NA	-1.491911027318659	2.263460517963139e-4	downregulated	-1.8425698164526585	0.6122694075626608	2.6830394454156124e-4	0.0018319434733569072	downregulated	TRUE	TRUE	TRUE	FALSE	TRUE	both_downregulated
ENSG00000117525	ENSG00000117525	F3	2152	coagulation factor III, tissue factor	1.665334222644922	2.3017506176236844e-4	upregulated	1.7478008760392416	-0.410318858952803	0.002189265314367729	0.009540743193549726	upregulated	TRUE	TRUE	TRUE	TRUE	FALSE	both_upregulated
ENSG00000174059	ENSG00000174059	CD34	947	CD34 molecule	1.5499657658537185	2.3468408780521335e-4	upregulated	1.2290475560362193	0.3402545661539177	0.012292929756502983	0.036801773444984746	upregulated	TRUE	TRUE	TRUE	TRUE	FALSE	both_upregulated
ENSG00000184106	ENSG00000184106	ENSG00000184106	NA	NA	1.2156445161445315	2.3660442779322233e-4	upregulated	1.159427072708489	0.21510643614408062	0.0028746302018156453	0.011754683477500834	upregulated	TRUE	TRUE	TRUE	TRUE	FALSE	both_upregulated
ENSG00000182175	ENSG00000182175	RGMA	56963	repulsive guidance molecule BMP co-receptor a	1.3191569956018223	2.462389344564841e-4	upregulated	1.5888034074996171	-0.46913098984549695	1.165126700872301e-4	9.648219503753012e-4	upregulated	TRUE	TRUE	TRUE	TRUE	FALSE	both_upregulated
ENSG00000125968	ENSG00000125968	ID1	3397	inhibitor of DNA binding 1	1.0147463275750517	2.472367586496888e-4	upregulated	1.20143315851506	4.365861163762436	5.287153261006766e-4	0.003137098204981444	upregulated	TRUE	TRUE	TRUE	TRUE	FALSE	both_upregulated
ENSG00000134531	ENSG00000134531	EMP1	2012	epithelial membrane protein 1	1.4721277041123515	2.682658847015699e-4	upregulated	1.5856740601011037	3.482464568382388	8.636253324419492e-4	0.0045509079510028935	upregulated	TRUE	TRUE	TRUE	TRUE	FALSE	both_upregulated
ENSG00000211821	ENSG00000211821	TRDV2	28517	T cell receptor delta variable 2	-2.143599798323343	2.9249876744831137e-4	downregulated	-2.1106869498000007	1.12091227943404	0.00903939790908892	0.028931296238128176	downregulated	TRUE	TRUE	TRUE	FALSE	TRUE	both_downregulated
ENSG00000151012	ENSG00000151012	SLC7A11	23657	solute carrier family 7 member 11	1.2342951134733315	3.0832827125543404e-4	upregulated	1.409566204376408	-0.6571444429656261	4.327915156832519e-4	0.0026764738469885314	upregulated	TRUE	TRUE	TRUE	TRUE	FALSE	both_upregulated
ENSG00000286010	ENSG00000286010	LOC105375754	105375754	uncharacterized LOC105375754	-1.247697580360571	3.2953225346454336e-4	downregulated	-1.499000605567364	-0.22183408131939422	2.0205892514035527e-4	0.001474098743615668	downregulated	TRUE	TRUE	TRUE	FALSE	TRUE	both_downregulated
ENSG00000105855	ENSG00000105855	ITGB8	3696	integrin subunit beta 8	1.0541090254328844	3.504055312118044e-4	upregulated	1.0207453452695794	-0.6042234055884566	0.0020521426312736027	0.009075771944982486	upregulated	TRUE	TRUE	TRUE	TRUE	FALSE	both_upregulated
ENSG00000265531	ENSG00000265531	FCGR1CP	100132417	Fc gamma receptor Ic, pseudogene	1.3208719830832187	3.871176984036776e-4	upregulated	1.1567253490449847	0.19329565157351064	0.004223995059261131	0.01583089329556859	upregulated	TRUE	TRUE	TRUE	TRUE	FALSE	both_upregulated
ENSG00000105708	ENSG00000105708	ZNF14	7561	zinc finger protein 14	-1.0935969633182954	3.91155930609154e-4	downregulated	-1.3012620210810613	3.767595293109927	1.369665576446056e-4	0.0010978600217899806	downregulated	TRUE	TRUE	TRUE	FALSE	TRUE	both_downregulated
ENSG00000142494	ENSG00000142494	SLC47A1	55244	solute carrier family 47 member 1	-1.124998677521557	3.919638766438617e-4	downregulated	-1.5410353351475257	0.07466309948320815	2.4788187555271017e-5	2.9236866082300644e-4	downregulated	TRUE	TRUE	TRUE	FALSE	TRUE	both_downregulated
ENSG00000226726	ENSG00000226726	TMEM256P2	106479054	transmembrane protein 256 pseudogene 2	-1.076988820790609	4.0557391168395375e-4	downregulated	-1.2405104295192064	-0.5483609721260304	3.596167996342956e-4	0.002304816761292531	downregulated	TRUE	TRUE	TRUE	FALSE	TRUE	both_downregulated
ENSG00000261150	ENSG00000261150	EPPK1	83481	epiplakin 1	-1.0463035404723122	4.106717493046117e-4	downregulated	-1.4183687764155035	3.042430351354266	9.093962349501234e-5	7.991351617040462e-4	downregulated	TRUE	TRUE	TRUE	FALSE	TRUE	both_downregulated
ENSG00000127903	ENSG00000127903	ZNF835	90485	zinc finger protein 835	-1.3657280853824567	5.148500006597799e-4	downregulated	-1.5632282026901994	-0.05133589400560544	0.001412342063356187	0.0067183135904027875	downregulated	TRUE	TRUE	TRUE	FALSE	TRUE	both_downregulated
ENSG00000287095	ENSG00000287095	ENSG00000287095	NA	NA	-1.0231915581473965	5.637688971315344e-4	downregulated	-1.0778150361526875	-0.08181491659740818	0.0010265783207265998	0.0052204031981867415	downregulated	TRUE	TRUE	TRUE	FALSE	TRUE	both_downregulated
ENSG00000251661	ENSG00000251661	ENSG00000251661	NA	NA	1.142183227811322	5.980015096593017e-4	upregulated	1.4066050092523565	2.1317903134905696	5.826462063377242e-4	0.0033694417077919847	upregulated	TRUE	TRUE	TRUE	TRUE	FALSE	both_upregulated
ENSG00000105507	ENSG00000105507	CABP5	56344	calcium binding protein 5	1.0977072318690315	6.413943957022881e-4	upregulated	1.1754487456223779	0.5481329400731774	0.0013535614962026424	0.006493578350171044	upregulated	TRUE	TRUE	TRUE	TRUE	FALSE	both_upregulated
ENSG00000233392	ENSG00000233392	UICLM	200772	up-regulated in colorectal cancer liver metastasis	-1.5401566807351683	6.567878505825593e-4	downregulated	-2.86653849313874	1.500819347952931	1.5386306324220747e-6	3.594000166997949e-5	downregulated	TRUE	TRUE	TRUE	FALSE	TRUE	both_downregulated
ENSG00000275302	ENSG00000275302	CCL4	6351	C-C motif chemokine ligand 4	-1.2393950668408995	7.239873656116271e-4	downregulated	-1.3286933841611228	6.5425399117725425	5.686308461815523e-4	0.003313984028673253	downregulated	TRUE	TRUE	TRUE	FALSE	TRUE	both_downregulated
ENSG00000152433	ENSG00000152433	ZNF547	284306	zinc finger protein 547	-1.0969326112358069	7.719869846916414e-4	downregulated	-1.1045216144887788	-0.26673725895815403	0.002175465029404116	0.009507315470853152	downregulated	TRUE	TRUE	TRUE	FALSE	TRUE	both_downregulated
ENSG00000165716	ENSG00000165716	DIPK1B	138311	divergent protein kinase domain 1B	1.185849136157945	8.778254287925216e-4	upregulated	1.027044529647998	1.5024170981572171	0.014320747139540442	0.04131978854558333	upregulated	TRUE	TRUE	TRUE	TRUE	FALSE	both_upregulated
ENSG00000177875	ENSG00000177875	CCDC184	387856	coiled-coil domain containing 184	-1.2871752759746506	8.962886359402104e-4	downregulated	-1.7216167352139142	0.1414612444112615	4.542105679477756e-4	0.002782308810770142	downregulated	TRUE	TRUE	TRUE	FALSE	TRUE	both_downregulated
ENSG00000237296	ENSG00000237296	SMG1P1	641298	SMG1 pseudogene 1	-1.3997336827054592	0.00100623395995198	downregulated	-2.1582900501887234	0.26663888160022076	2.541565093415221e-4	0.001763194670837524	downregulated	TRUE	TRUE	TRUE	FALSE	TRUE	both_downregulated
ENSG00000118520	ENSG00000118520	ARG1	383	arginase 1	1.0925234787040083	0.00107025387155329	upregulated	1.308519467739666	-0.6389992255822914	0.0011577292960842872	0.005748017133400618	upregulated	TRUE	TRUE	TRUE	TRUE	FALSE	both_upregulated
ENSG00000149054	ENSG00000149054	ZNF215	7762	zinc finger protein 215	1.472582511188843	0.00111136403645994	upregulated	2.041547595861925	-0.7169368979611438	0.0010403979232336735	0.005268224547618112	upregulated	TRUE	TRUE	TRUE	TRUE	FALSE	both_upregulated
ENSG00000283632	ENSG00000283632	EXOC3L2	90332	exocyst complex component 3 like 2	2.287532603672707	0.00113422103366994	upregulated	1.5160012549640791	-0.6639081490357508	0.00525878900088632	0.018876143810170522	upregulated	TRUE	TRUE	TRUE	TRUE	FALSE	both_upregulated
ENSG00000167306	ENSG00000167306	MYO5B	4645	myosin VB	1.019016076959051	0.00117668992094089	upregulated	1.28273840479001	-0.5803035650461743	7.963545181183324e-4	0.00428870089444977	upregulated	TRUE	TRUE	TRUE	TRUE	FALSE	both_upregulated
ENSG00000282572	ENSG00000282572	ENSG00000282572	NA	NA	1.0515535978716566	0.00117840301262979	upregulated	1.0050433117069577	-0.08355111568230576	0.008180404798182137	0.02672805528118916	upregulated	TRUE	TRUE	TRUE	TRUE	FALSE	both_upregulated
ENSG00000130558	ENSG00000130558	OLFM1	10439	olfactomedin 1	-1.5484835942789092	0.00123681250793444	downregulated	-1.8941484496457495	2.1740126345302313	0.0023456822984885438	0.01006078982646156	downregulated	TRUE	TRUE	TRUE	FALSE	TRUE	both_downregulated
ENSG00000156395	ENSG00000156395	SORCS3	22986	sortilin related VPS10 domain containing receptor 3	-1.0562702696053603	0.0013842723626474	downregulated	-1.2455937344179213	-0.16766011808823816	0.0017116237016139711	0.0078472608962556	downregulated	TRUE	TRUE	TRUE	FALSE	TRUE	both_downregulated
ENSG00000172572	ENSG00000172572	PDE3A	5139	phosphodiesterase 3A	1.2899770329902644	0.00167804066259614	upregulated	1.3156522155190258	-0.30213705613557823	0.012296233886644614	0.03680327819024661	upregulated	TRUE	TRUE	TRUE	TRUE	FALSE	both_upregulated
ENSG00000166831	ENSG00000166831	RBPMS2	348093	RNA binding protein, mRNA processing factor 2	1.4917544043915354	0.00205459303184326	upregulated	1.5029898070786942	0.734643851632806	0.0060791531153366355	0.021212073075111637	upregulated	TRUE	TRUE	TRUE	TRUE	FALSE	both_upregulated
ENSG00000257957	ENSG00000257957	QRSL1P3	100422374	QRSL1 pseudogene 3	-1.100863288884015	0.00214585388187372	downregulated	-1.2138139037985576	0.411308217512561	0.0038637183601453583	0.014818563740320107	downregulated	TRUE	TRUE	TRUE	FALSE	TRUE	both_downregulated
ENSG00000134765	ENSG00000134765	DSC1	1823	desmocollin 1	-1.164312396343078	0.00234082503043361	downregulated	-2.0310040515263554	1.0676611428462144	3.982328470138397e-5	4.2161033837437913e-4	downregulated	TRUE	TRUE	TRUE	FALSE	TRUE	both_downregulated
ENSG00000130844	ENSG00000130844	ZNF331	55422	zinc finger protein 331	-1.347843303552211	0.00315452129238771	downregulated	-1.2827246743283327	6.403699643525716	0.009257783083750094	0.029526673993206652	downregulated	TRUE	TRUE	TRUE	FALSE	TRUE	both_downregulated
ENSG00000276758	ENSG00000276758	ENSG00000276758	NA	NA	1.2284430420319927	0.00353872674798419	upregulated	2.3661994068632644	1.7417748059048086	6.898267794619409e-4	0.0038334694910264074	upregulated	TRUE	TRUE	TRUE	TRUE	FALSE	both_upregulated
ENSG00000007038	ENSG00000007038	PRSS21	10942	serine protease 21	-1.3848700871233246	0.00395554366669053	downregulated	-2.127307872631124	0.47979418759136505	0.0018787876996196847	0.00845675201214292	downregulated	TRUE	TRUE	TRUE	FALSE	TRUE	both_downregulated
ENSG00000110203	ENSG00000110203	FOLR3	2352	folate receptor gamma	1.2049576968405542	0.00460492871204549	upregulated	1.5647409156901344	4.559552019208918	0.00139515206140571	0.006655537426827765	upregulated	TRUE	TRUE	TRUE	TRUE	FALSE	both_upregulated
ENSG00000102174	ENSG00000102174	PHEX	5251	phosphate regulating endopeptidase X-linked	-1.0285795795135428	0.00631412388055346	downregulated	-1.0638722903293116	0.07092706882165849	0.011798760731588052	0.03562366730522303	downregulated	TRUE	TRUE	TRUE	FALSE	TRUE	both_downregulated
ENSG00000133328	ENSG00000133328	PLAAT2	54979	phospholipase A and acyltransferase 2	1.047925912349468	0.00653033316402595	upregulated	1.5634923259274496	0.018311060852139075	8.826144056156251e-4	0.004623218315129464	upregulated	TRUE	TRUE	TRUE	TRUE	FALSE	both_upregulated
ENSG00000153234	ENSG00000153234	NR4A2	4929	nuclear receptor subfamily 4 group A member 2	-1.1352737485778577	0.00764525689959348	downregulated	-1.2997657706546404	8.18151465444607	0.007261919777668997	0.024282978548998236	downregulated	TRUE	TRUE	TRUE	FALSE	TRUE	both_downregulated
ENSG00000228668	ENSG00000228668	TRGV5P	6979	T cell receptor gamma variable 5P (pseudogene)	-1.034161631544949	0.00911452319773813	downregulated	-1.4176266043370949	-0.14388700762823237	0.006361547321628123	0.021945640337734027	downregulated	TRUE	TRUE	TRUE	FALSE	TRUE	both_downregulated
ENSG00000187010	ENSG00000187010	RHD	6007	Rh blood group D antigen	1.142456204776683	0.0185122852433596	upregulated	3.252871795690108	0.8102362644903889	1.0496160740570912e-4	8.939893085461551e-4	upregulated	TRUE	TRUE	TRUE	TRUE	FALSE	both_upregulated
ENSG00000280411	ENSG00000280411	IGHV1-69D	102723169	immunoglobulin heavy variable 1-69D	1.0784245029087374	0.01908221202907797	upregulated	2.4068159983549324	4.466355753576024	8.773888646473834e-4	0.004608290526147486	upregulated	TRUE	TRUE	TRUE	TRUE	FALSE	both_upregulated
ENSG00000106341	ENSG00000106341	PPP1R17	10842	protein phosphatase 1 regulatory subunit 17	-1.0729774145477695	0.02094144424665814	downregulated	-2.4152585936855635	0.380417286758265	0.005154650058642571	0.01859702777612149	downregulated	TRUE	TRUE	TRUE	FALSE	TRUE	both_downregulated
ENSG00000213025	ENSG00000213025	ENSG00000213025	NA	NA	1.1036827346356195	0.02198232157690738	upregulated	2.808019751891469	-1.4647968277378176	3.2876479440629476e-4	0.0021597382300896366	upregulated	TRUE	TRUE	TRUE	TRUE	FALSE	both_upregulated
